Vulnerabilities,Artifacts,VUL_Functions
CVE-2013-4600,org.opencms:opencms-core:8.5.0,org.opencms.workplace.CmsDialog:dialogHead(java.lang.String);org.opencms.util.CmsStringUtil:escapeJavaScript(java.lang.String)
CVE-2018-3831,org.elasticsearch:elasticsearch:5.3.0,"org.elasticsearch.rest.action.admin.cluster.RestClusterGetSettingsAction:renderResponse(org.elasticsearch.cluster.ClusterState,boolean,org.elasticsearch.common.xcontent.XContentBuilder,org.elasticsearch.common.xcontent.ToXContent$Params);org.elasticsearch.rest.action.admin.cluster.RestClusterGetSettingsAction:prepareRequest(org.elasticsearch.rest.RestRequest,org.elasticsearch.client.node.NodeClient)"
CVE-2013-4310,org.apache.struts:struts2-core:2.1.8.1,"org.apache.struts2.dispatcher.mapper.DefaultActionMapper:handleSpecialParameters(javax.servlet.http.HttpServletRequest,org.apache.struts2.dispatcher.mapper.ActionMapping);org.apache.struts2.dispatcher.mapper.DefaultActionMapper:<init>()"
CVE-2018-1000615,org.onosproject:onos-ovsdb-rfc:1.6.0,"org.onosproject.ovsdb.rfc.utils.VersionUtil:versionCompare(java.lang.String,java.lang.String)"
CVE-2022-23596,com.github.junrar:junrar:0.7,com.github.junrar.Archive:readHeaders(long)
CVE-2021-39154,com.thoughtworks.xstream:xstream:1.4.11.1,"com.thoughtworks.xstream.XStream:unmarshal(com.thoughtworks.xstream.io.HierarchicalStreamReader,java.lang.Object,com.thoughtworks.xstream.converters.DataHolder);com.thoughtworks.xstream.XStream:setupSecurity();com.thoughtworks.xstream.XStream:setupDefaultSecurity(com.thoughtworks.xstream.XStream);com.thoughtworks.xstream.XStreamer:fromXML(com.thoughtworks.xstream.io.HierarchicalStreamDriver,java.io.Reader,com.thoughtworks.xstream.security.TypePermission[]);com.thoughtworks.xstream.XStreamer:toXML(com.thoughtworks.xstream.XStream,java.lang.Object,java.io.Writer);com.thoughtworks.xstream.XStream:readResolve();com.thoughtworks.xstream.XStream:addPermission(com.thoughtworks.xstream.security.TypePermission)"
CVE-2019-16943,com.fasterxml.jackson.core:jackson-databind:2.9.8,"com.fasterxml.jackson.databind.introspect.AnnotatedCreatorCollector:constructNonDefaultConstructor(com.fasterxml.jackson.databind.util.ClassUtil$Ctor,com.fasterxml.jackson.databind.util.ClassUtil$Ctor);com.fasterxml.jackson.databind.deser.impl.CreatorCollector:_isEnumValueOf(com.fasterxml.jackson.databind.introspect.AnnotatedWithParams);com.fasterxml.jackson.databind.deser.std.EnumSetDeserializer:<init>(com.fasterxml.jackson.databind.JavaType,com.fasterxml.jackson.databind.JsonDeserializer);com.fasterxml.jackson.databind.jsontype.impl.ClassNameIdResolver:_idFrom(java.lang.Object,java.lang.Class,com.fasterxml.jackson.databind.type.TypeFactory);com.fasterxml.jackson.databind.ser.std.BeanSerializerBase:createContextual(com.fasterxml.jackson.databind.SerializerProvider,com.fasterxml.jackson.databind.BeanProperty);com.fasterxml.jackson.databind.deser.BasicDeserializerFactory:createMapDeserializer(com.fasterxml.jackson.databind.DeserializationContext,com.fasterxml.jackson.databind.type.MapType,com.fasterxml.jackson.databind.BeanDescription);com.fasterxml.jackson.databind.JavaType:isEnumType();com.fasterxml.jackson.databind.deser.std.StdKeyDeserializer:deserializeKey(java.lang.String,com.fasterxml.jackson.databind.DeserializationContext)"
CVE-2012-0838,org.apache.struts.xwork:xwork-core:2.2.3,"com.opensymphony.xwork2.validator.validators.RepopulateConversionErrorFieldValidatorSupport:repopulateField(java.lang.Object);com.opensymphony.xwork2.validator.validators.RepopulateConversionErrorFieldValidatorSupport:setRepopulateField(java.lang.String);com.opensymphony.xwork2.validator.validators.RepopulateConversionErrorFieldValidatorSupport:validate(java.lang.Object);com.opensymphony.xwork2.interceptor.ConversionErrorInterceptor:getOverrideExpr(com.opensymphony.xwork2.ActionInvocation,java.lang.Object);com.opensymphony.xwork2.validator.validators.RepopulateConversionErrorFieldValidatorSupport:getRepopulateField();com.opensymphony.xwork2.validator.validators.RepopulateConversionErrorFieldValidatorSupport:doValidate(java.lang.Object)"
CVE-2020-26217,com.thoughtworks.xstream:xstream:1.4.13,com.thoughtworks.xstream.XStream:setupSecurity()
CVE-2020-24301,ca.uhn.hapi.fhir:hapi-fhir-testpage-overlay:5.0.2,"ca.uhn.fhir.to.BaseController:loadAndAddConfR4(javax.servlet.http.HttpServletRequest,ca.uhn.fhir.to.model.HomeRequest,org.springframework.ui.ModelMap);ca.uhn.fhir.to.Controller:doActionHistory(javax.servlet.http.HttpServletRequest,ca.uhn.fhir.to.model.HomeRequest,org.springframework.validation.BindingResult,org.springframework.ui.ModelMap,java.lang.String,java.lang.String);ca.uhn.fhir.to.BaseController:loadAndAddConfDstu2(javax.servlet.http.HttpServletRequest,ca.uhn.fhir.to.model.HomeRequest,org.springframework.ui.ModelMap);ca.uhn.fhir.to.BaseController:applyHeaderFilters(org.apache.http.Header[]);ca.uhn.fhir.to.Controller:actionSearch(javax.servlet.http.HttpServletRequest,ca.uhn.fhir.to.model.HomeRequest,org.springframework.validation.BindingResult,org.springframework.ui.ModelMap);ca.uhn.fhir.to.Controller:actionDelete(javax.servlet.http.HttpServletRequest,ca.uhn.fhir.to.model.HomeRequest,org.springframework.validation.BindingResult,org.springframework.ui.ModelMap);ca.uhn.fhir.to.Controller:actionRead(javax.servlet.http.HttpServletRequest,ca.uhn.fhir.to.model.HomeRequest,org.springframework.validation.BindingResult,org.springframework.ui.ModelMap);ca.uhn.fhir.to.Controller:handleSearchParam(java.lang.String,javax.servlet.http.HttpServletRequest,ca.uhn.fhir.rest.gclient.IQuery,com.google.gson.stream.JsonWriter);ca.uhn.fhir.to.BaseController:processAndAddLastClientInvocation(ca.uhn.fhir.rest.client.impl.GenericClient,ca.uhn.fhir.to.BaseController$ResultType,org.springframework.ui.ModelMap,long,java.lang.String,ca.uhn.fhir.to.BaseController$CaptureInterceptor,ca.uhn.fhir.to.model.HomeRequest);ca.uhn.fhir.to.BaseController:loadAndAddConfDstu3(javax.servlet.http.HttpServletRequest,ca.uhn.fhir.to.model.HomeRequest,org.springframework.ui.ModelMap);ca.uhn.fhir.to.Controller:doActionCreateOrValidate(javax.servlet.http.HttpServletRequest,ca.uhn.fhir.to.model.HomeRequest,org.springframework.validation.BindingResult,org.springframework.ui.ModelMap,java.lang.String);ca.uhn.fhir.to.BaseController:getResourceType(ca.uhn.fhir.to.model.HomeRequest,javax.servlet.http.HttpServletRequest);ca.uhn.fhir.to.BaseController:loadAndAddConfR5(javax.servlet.http.HttpServletRequest,ca.uhn.fhir.to.model.HomeRequest,org.springframework.ui.ModelMap);ca.uhn.fhir.to.Controller:actionPage(javax.servlet.http.HttpServletRequest,ca.uhn.fhir.to.model.HomeRequest,org.springframework.validation.BindingResult,org.springframework.ui.ModelMap)"
CVE-2021-37714,org.jsoup:jsoup:1.13.1,org.jsoup.parser.HtmlTreeBuilder:reconstructFormattingElements()
CVE-2019-3888,io.undertow:undertow-core:1.4.20.Final,io.undertow.server.HttpServerExchange:toString()
CVE-2021-44832,org.apache.logging.log4j:log4j-core:2.13.3,"org.apache.logging.log4j.core.net.JndiManager:lookup(java.lang.String);org.apache.logging.log4j.core.appender.db.jdbc.DataSourceConnectionSource:createConnectionSource(java.lang.String);org.apache.logging.log4j.core.appender.db.jdbc.DataSourceConnectionSource:<init>(java.lang.String,javax.sql.DataSource)"
CVE-2019-17569,org.apache.tomcat:tomcat-coyote:7.0.99,"org.apache.tomcat.util.http.parser.TokenList:parseTokenList(java.io.Reader,java.util.Collection);org.apache.tomcat.util.http.parser.TokenList:parseTokenList(java.util.Enumeration,java.util.Collection);org.apache.coyote.http11.AbstractHttp11Processor:prepareRequest();org.apache.coyote.http11.AbstractHttp11Processor:prepareRequest()"
CVE-2020-9492,org.apache.hadoop:hadoop-hdfs-client:2.8.5,"org.apache.hadoop.hdfs.web.WebHdfsFileSystem:initialize(java.net.URI,org.apache.hadoop.conf.Configuration);org.apache.hadoop.hdfs.web.WebHdfsFileSystem$AbstractRunner:connect(java.net.URL)"
CVE-2017-12626,org.apache.poi:poi:3.15,"org.apache.poi.hpsf.Section:getDictionary();org.apache.poi.hpsf.Section:remove(org.apache.poi.hpsf.Property[],int);org.apache.poi.hpsf.MutableSection:writeDictionary(java.io.OutputStream,java.util.Map,int);org.apache.poi.hpsf.Section:<init>(byte[],int);org.apache.poi.hpsf.Section:getOffset();org.apache.poi.hpsf.MutableSection:setDictionary(java.util.Map);org.apache.poi.hpsf.Section:equals(java.lang.Object);org.apache.poi.hpsf.MutableSection:setProperty(int,long,java.lang.Object);org.apache.poi.hpsf.MutableSection:<init>(org.apache.poi.hpsf.Section);org.apache.poi.hpsf.MutableSection:setProperty(int,java.lang.String);org.apache.poi.hpsf.MutableSection:setCodepage(int);org.apache.poi.hpsf.MutableSection:write(java.io.OutputStream);org.apache.poi.hpsf.Section:toString();org.apache.poi.hpsf.Section:getPIDString(long);org.apache.poi.hpsf.Section:getCodepage();org.apache.poi.hpsf.MutableSection:<init>()"
CVE-2021-25329,org.apache.tomcat:tomcat-catalina:10.0.0,"org.apache.catalina.startup.HostConfig:deployDescriptor(org.apache.catalina.util.ContextName,java.io.File);org.apache.catalina.startup.ExpandWar:expand(org.apache.catalina.Host,java.net.URL,java.lang.String);org.apache.catalina.startup.ExpandWar:validate(org.apache.catalina.Host,java.net.URL,java.lang.String);org.apache.catalina.session.FileStore:file(java.lang.String);org.apache.catalina.startup.ContextConfig:fixDocBase();org.apache.catalina.servlets.DefaultServlet:validateGlobalXsltFile(java.io.File)"
CVE-2020-36282,com.rabbitmq.jms:rabbitmq-jms:2.1.1,"com.rabbitmq.jms.client.message.RMQStreamMessage:<init>();com.rabbitmq.jms.client.RMQMessage:instantiateRmqMessage(java.lang.String,java.util.List);com.rabbitmq.jms.client.message.RMQStreamMessage:<init>(boolean);com.rabbitmq.jms.client.RMQMessage:instantiateRmqObjectMessageWithTrustedPackages(java.util.List);com.rabbitmq.jms.client.message.RMQStreamMessage:readBody(java.io.ObjectInput,java.io.ByteArrayInputStream)"
CVE-2017-15693,org.apache.geode:geode-core:1.2.1,"org.apache.geode.cache.RegionAccessException:writeObject(java.io.ObjectOutputStream);org.apache.geode.internal.cache.CreateRegionProcessor$CreateRegionReplyMessage:toData(java.io.DataOutput);org.apache.geode.cache.RegionDistributionException:writeObject(java.io.ObjectOutputStream);org.apache.geode.internal.cache.EventStateHelper:toData(java.io.DataOutput,java.util.Map,boolean);org.apache.geode.admin.jmx.internal.ConfigurationParameterJmxImpl:readObject(java.io.ObjectInputStream);org.apache.geode.internal.InternalDataSerializer:basicReadObject(java.io.DataInput);org.apache.geode.internal.cache.DistTXState:precommit();org.apache.geode.internal.cache.DistTXStateOnCoordinator:putEntryOnRemote(org.apache.geode.internal.cache.EntryEventImpl,boolean,boolean,java.lang.Object,boolean,long,boolean);org.apache.geode.internal.cache.BucketAdvisor$SetFromMap:readObject(java.io.ObjectInputStream);org.apache.geode.admin.internal.ConfigurationParameterImpl:setInternalState(java.lang.String,java.lang.Object,java.lang.Class,boolean);org.apache.geode.internal.cache.DistTXStateOnCoordinator:putEntry(org.apache.geode.internal.cache.EntryEventImpl,boolean,boolean,java.lang.Object,boolean,long,boolean);org.apache.geode.distributed.internal.DistributionConfigImpl:<init>(org.apache.geode.distributed.internal.DistributionConfig);org.apache.geode.internal.cache.DistTXStateProxyImplOnCoordinator:getRealDeal(org.apache.geode.internal.cache.KeyInfo,org.apache.geode.internal.cache.LocalRegion);org.apache.geode.internal.cache.DistTXState:commit();org.apache.geode.admin.GemFireHealth$Health:readResolve();org.apache.geode.internal.cache.EventStateHelper:fromData(java.io.DataInput,boolean);org.apache.geode.internal.cache.CreateRegionProcessor$CreateRegionReplyMessage:fromData(java.io.DataInput);org.apache.geode.internal.cache.InitialImageOperation$RegionStateMessage:toData(java.io.DataOutput);org.apache.geode.internal.cache.DistTXState:setUpdatingTxStateDuringPreCommit(boolean);org.apache.geode.internal.admin.remote.ShutdownAllRequest$ShutDownAllReplyProcessor:getResults();org.apache.geode.internal.cache.InitialImageOperation$RegionStateMessage:fromData(java.io.DataInput)"
CVE-2014-0050,commons-fileupload:commons-fileupload:1.2.1,"org.apache.commons.fileupload.MultipartStream:<init>(java.io.InputStream,byte[],int,org.apache.commons.fileupload.MultipartStream$ProgressNotifier);org.apache.commons.fileupload.FileUploadBase$InvalidContentTypeException:<init>();org.apache.commons.fileupload.MultipartStream:<init>(java.io.InputStream,byte[],int,org.apache.commons.fileupload.MultipartStream$ProgressNotifier);org.apache.commons.fileupload.FileUploadBase$InvalidContentTypeException:<init>()"
CVE-2020-11996,org.apache.tomcat:tomcat-coyote:9.0.35,org.apache.coyote.http2.Http2UpgradeHandler:closeIdleStreams(int)
CVE-2018-1339,org.apache.tika:tika-parsers:1.17,"org.apache.tika.parser.chm.accessor.ChmDirectoryListingSet:enumerateChmDirectoryListingList(org.apache.tika.parser.chm.accessor.ChmItsfHeader,org.apache.tika.parser.chm.accessor.ChmItspHeader)"
CVE-2017-12196,io.undertow:undertow-core:1.4.18.Final,"io.undertow.security.impl.DigestAuthenticationMechanism:handleDigestHeader(io.undertow.server.HttpServerExchange,io.undertow.security.api.SecurityContext)"
CVE-2017-15696,org.apache.geode:geode-core:1.2.1,"org.apache.geode.internal.DSFIDFactory:readConfigurationRequest(java.io.DataInput);org.apache.geode.management.internal.configuration.messages.ConfigurationResponse:<init>(java.util.Map);org.apache.geode.management.internal.configuration.handlers.ConfigurationRequestHandler:restarting(org.apache.geode.distributed.DistributedSystem,org.apache.geode.cache.GemFireCache,org.apache.geode.distributed.internal.ClusterConfigurationService);org.apache.geode.internal.cache.GemFireCacheImpl:requestSharedConfiguration();org.apache.geode.internal.DSFIDFactory:readSnappyCompressedCachedDeserializable(java.io.DataInput);org.apache.geode.management.internal.configuration.messages.ConfigurationRequest:isRequestForEntireConfiguration();org.apache.geode.management.internal.configuration.messages.ConfigurationRequest:getDSFID();org.apache.geode.management.internal.configuration.messages.ConfigurationRequest:toData(java.io.DataOutput);org.apache.geode.internal.DSFIDFactory:create(int,java.io.DataInput);org.apache.geode.management.internal.configuration.messages.ConfigurationRequest:<init>();org.apache.geode.management.internal.configuration.messages.ConfigurationResponse:<init>();org.apache.geode.management.internal.configuration.handlers.ConfigurationRequestHandler:init(org.apache.geode.distributed.internal.tcpserver.TcpServer);org.apache.geode.management.internal.configuration.messages.ConfigurationRequest:addGroups(java.lang.String);org.apache.geode.management.internal.configuration.handlers.ConfigurationRequestHandler:endResponse(java.lang.Object,long);org.apache.geode.internal.cache.GemFireCacheImpl:initialize();org.apache.geode.management.internal.configuration.handlers.ConfigurationRequestHandler:processRequest(java.lang.Object);org.apache.geode.internal.cache.ClusterConfigurationLoader:requestConfigurationFromLocators(org.apache.geode.distributed.internal.DistributionConfig,java.util.List);org.apache.geode.management.internal.configuration.messages.ConfigurationRequest:fromData(java.io.DataInput);org.apache.geode.distributed.internal.InternalLocator$PrimaryHandler:hasWaitedForHandlerInitialization();org.apache.geode.internal.cache.ClusterConfigurationLoader:applyClusterXmlConfiguration(org.apache.geode.cache.Cache,org.apache.geode.management.internal.configuration.messages.ConfigurationResponse,org.apache.geode.distributed.internal.DistributionConfig);org.apache.geode.distributed.internal.InternalLocator:installSharedConfigDistribution();org.apache.geode.distributed.internal.InternalLocator$PrimaryHandler:processRequest(java.lang.Object);org.apache.geode.management.internal.configuration.messages.ConfigurationRequest:setNumAttempts(int);org.apache.geode.management.internal.configuration.messages.ConfigurationResponse:setRequestedConfiguration(java.util.Map);org.apache.geode.management.internal.configuration.handlers.ConfigurationRequestHandler:endRequest(java.lang.Object,long);org.apache.geode.management.internal.configuration.messages.ConfigurationRequest:<init>(boolean);org.apache.geode.management.internal.configuration.messages.ConfigurationRequest:setGroups(java.util.Set);org.apache.geode.management.internal.configuration.messages.ConfigurationRequest:getGroups();org.apache.geode.management.internal.configuration.messages.ConfigurationRequest:getNumAttempts();org.apache.geode.internal.cache.ClusterConfigurationLoader:deployJarsReceivedFromClusterConfiguration(org.apache.geode.cache.Cache,org.apache.geode.management.internal.configuration.messages.ConfigurationResponse);org.apache.geode.internal.cache.ClusterConfigurationLoader:getGroups(org.apache.geode.distributed.internal.DistributionConfig);org.apache.geode.management.internal.configuration.messages.ConfigurationResponse:setFailedToGetSharedConfig(boolean);org.apache.geode.internal.cache.GemFireCacheImpl:getSharedConfigLocatorConnectionStringList();org.apache.geode.management.internal.configuration.messages.ConfigurationRequest:<init>(java.util.Set);org.apache.geode.management.internal.configuration.messages.ConfigurationResponse:failedToGetSharedConfig();org.apache.geode.management.internal.configuration.handlers.ConfigurationRequestHandler:<init>(org.apache.geode.distributed.internal.ClusterConfigurationService);org.apache.geode.management.internal.configuration.messages.ConfigurationRequest:toString();org.apache.geode.management.internal.configuration.messages.ConfigurationRequest:getSerializationVersions()"
CVE-2020-25711,org.infinispan:infinispan-server-runtime:11.0.5.Final,"org.infinispan.server.Server:serverStop(java.util.List);org.infinispan.server.tasks.admin.LoggingSetTask:execute(org.infinispan.manager.EmbeddedCacheManager,java.util.Map,java.util.EnumSet);org.infinispan.server.Server:getServerReport();org.infinispan.server.tasks.admin.LoggingRemoveTask:execute(org.infinispan.manager.EmbeddedCacheManager,java.util.Map,java.util.EnumSet);org.infinispan.server.Server:clusterStop()"
CVE-2016-1182,struts:struts:1.2.9,org.apache.struts.action.ActionServlet:init();org.apache.struts.action.ActionServlet:initOther()
CVE-2012-4386,org.apache.struts:struts2-core:2.1.8.1,org.apache.struts2.util.TokenHelper:validToken();org.apache.struts2.interceptor.TokenSessionStoreInterceptor:handleInvalidToken(com.opensymphony.xwork2.ActionInvocation);org.apache.struts2.util.TokenHelper:setToken(java.lang.String);org.apache.struts2.interceptor.TokenSessionStoreInterceptor:handleValidToken(com.opensymphony.xwork2.ActionInvocation);org.apache.struts2.interceptor.ExecuteAndWaitInterceptor:doIntercept(com.opensymphony.xwork2.ActionInvocation)
CVE-2013-4322,org.apache.tomcat:tomcat-coyote:7.0.27,"org.apache.coyote.http11.filters.ChunkedInputFilter:recycle();org.apache.coyote.http11.Http11NioProcessor:<init>(int,org.apache.tomcat.util.net.NioEndpoint,int);org.apache.coyote.http11.Http11NioProtocol$Http11ConnectionHandler:createProcessor();org.apache.coyote.http11.Http11Protocol$Http11ConnectionHandler:createProcessor();org.apache.coyote.http11.filters.ChunkedInputFilter:<init>(int);org.apache.coyote.http11.Http11AprProtocol$Http11ConnectionHandler:createProcessor();org.apache.coyote.http11.Http11Processor:<init>(int,org.apache.tomcat.util.net.JIoEndpoint,int);org.apache.coyote.http11.filters.ChunkedInputFilter:parseChunkHeader();org.apache.coyote.http11.filters.ChunkedInputFilter:parseHeader();org.apache.coyote.http11.Http11AprProcessor:<init>(int,org.apache.tomcat.util.net.AprEndpoint,int);org.apache.coyote.http11.AbstractHttp11Processor:initializeFilters(int)"
CVE-2017-15713,org.apache.hadoop:hadoop-common:0.23.11,"org.apache.hadoop.conf.Configuration:loadResources(java.util.Properties,java.util.ArrayList,boolean);org.apache.hadoop.conf.Configuration$Resource:<init>(java.lang.Object,java.lang.String);org.apache.hadoop.conf.Configuration:substituteVars(java.lang.String);org.apache.hadoop.conf.Configuration:<init>(org.apache.hadoop.conf.Configuration);org.apache.hadoop.conf.Configuration:loadResource(java.util.Properties,org.apache.hadoop.conf.Configuration$Resource,boolean);org.apache.hadoop.conf.Configuration:addResourceObject(org.apache.hadoop.conf.Configuration$Resource)"
CVE-2019-17572,org.apache.rocketmq:rocketmq-broker:4.4.0,"org.apache.rocketmq.broker.processor.AbstractSendMessageProcessor:msgCheck(io.netty.channel.ChannelHandlerContext,org.apache.rocketmq.common.protocol.header.SendMessageRequestHeader,org.apache.rocketmq.remoting.protocol.RemotingCommand);org.apache.rocketmq.broker.topic.TopicConfigManager:isTopicCanSendMessage(java.lang.String);org.apache.rocketmq.broker.processor.AdminBrokerProcessor:updateAndCreateTopic(io.netty.channel.ChannelHandlerContext,org.apache.rocketmq.remoting.protocol.RemotingCommand)"
CVE-2016-2510,org.apache-extras.beanshell:bsh:2.0b5,"bsh.XThis$Handler:invoke(java.lang.Object,java.lang.reflect.Method,java.lang.Object[]);bsh.XThis:getInterface(java.lang.Class);bsh.XThis:<init>(bsh.NameSpace,bsh.Interpreter);bsh.XThis:getInterface(java.lang.Class[]);bsh.XThis$Handler:invokeImpl(java.lang.Object,java.lang.reflect.Method,java.lang.Object[])"
CVE-2016-4977,org.springframework.security.oauth:spring-security-oauth2:2.0.7.RELEASE,"org.springframework.security.oauth2.provider.endpoint.SpelView:render(java.util.Map,javax.servlet.http.HttpServletRequest,javax.servlet.http.HttpServletResponse);org.springframework.security.oauth2.provider.endpoint.SpelView:<init>(java.lang.String)"
CVE-2011-2481,org.apache.tomcat:tomcat-catalina:7.0.8,"org.apache.catalina.startup.ContextConfig:createWebXmlDigester(boolean,boolean);org.apache.catalina.startup.ContextConfig:init();org.apache.catalina.startup.ContextConfig:configureStart();org.apache.catalina.startup.TldConfig:createTldDigester(boolean,boolean)"
CVE-2021-20218,io.fabric8:kubernetes-client:4.13.0,"io.fabric8.kubernetes.client.dsl.internal.core.v1.PodOperationsImpl:copyDir(java.lang.String,java.io.File)"
CVE-2021-22569,com.google.protobuf:protobuf-java:3.19.1,"com.google.protobuf.UnknownFieldSet$Builder:hasField(int);com.google.protobuf.UnknownFieldSet$Builder:mergeLengthDelimitedField(int,com.google.protobuf.ByteString);com.google.protobuf.UnknownFieldSet$Field:toByteString(int);com.google.protobuf.UnknownFieldSet$Builder:create();com.google.protobuf.UnknownFieldSet:toByteArray();com.google.protobuf.UnknownFieldSet:<init>();com.google.protobuf.UnknownFieldSet:parseFrom(byte[]);com.google.protobuf.UnknownFieldSet$Builder:mergeFrom(java.io.InputStream);com.google.protobuf.UnknownFieldSet:hashCode();com.google.protobuf.UnknownFieldSet$Builder:getFieldBuilder(int);com.google.protobuf.UnknownFieldSet$Builder:mergeFrom(com.google.protobuf.CodedInputStream);com.google.protobuf.UnknownFieldSet$Builder:clearField(int);com.google.protobuf.UnknownFieldSet:writeDelimitedTo(java.io.OutputStream);com.google.protobuf.UnknownFieldSet:parseFrom(com.google.protobuf.CodedInputStream);com.google.protobuf.UnknownFieldSet$Field:newBuilder(com.google.protobuf.UnknownFieldSet$Field);com.google.protobuf.UnknownFieldSet$Builder:mergeField(int,com.google.protobuf.UnknownFieldSet$Field);com.google.protobuf.UnknownFieldSet:writeTo(java.io.OutputStream);com.google.protobuf.UnknownFieldSet:getSerializedSizeAsMessageSet();com.google.protobuf.UnknownFieldSet$Field:equals(java.lang.Object);com.google.protobuf.UnknownFieldSet$Builder:mergeFrom(byte[],int,int);com.google.protobuf.UnknownFieldSet:writeTo(com.google.protobuf.CodedOutputStream);com.google.protobuf.UnknownFieldSet$Builder:mergeFrom(com.google.protobuf.ByteString);com.google.protobuf.UnknownFieldSet:writeTo(com.google.protobuf.Writer);com.google.protobuf.UnknownFieldSet$Builder:mergeDelimitedFrom(java.io.InputStream);com.google.protobuf.UnknownFieldSet:writeAsMessageSetTo(com.google.protobuf.Writer);com.google.protobuf.UnknownFieldSet$Builder:build();com.google.protobuf.UnknownFieldSet$Builder:asMap();com.google.protobuf.UnknownFieldSet$Field:getSerializedSizeAsMessageSetExtension(int);com.google.protobuf.UnknownFieldSet:asMap();com.google.protobuf.UnknownFieldSet:<init>(java.util.Map,java.util.Map);com.google.protobuf.UnknownFieldSet:writeAsMessageSetTo(com.google.protobuf.CodedOutputStream);com.google.protobuf.UnknownFieldSet$Builder:addField(int,com.google.protobuf.UnknownFieldSet$Field);com.google.protobuf.UnknownFieldSet:getSerializedSize();com.google.protobuf.UnknownFieldSet$Builder:mergeFrom(byte[]);com.google.protobuf.UnknownFieldSet:equals(java.lang.Object);com.google.protobuf.UnknownFieldSet$Field:writeTo(int,com.google.protobuf.Writer);com.google.protobuf.UnknownFieldSet$Field:writeAsMessageSetExtensionTo(int,com.google.protobuf.CodedOutputStream);com.google.protobuf.UnknownFieldSet:parseFrom(java.io.InputStream);com.google.protobuf.UnknownFieldSet:parseFrom(com.google.protobuf.ByteString);com.google.protobuf.UnknownFieldSet$Field:writeAsMessageSetExtensionTo(int,com.google.protobuf.Writer);com.google.protobuf.UnknownFieldSet$Field:getSerializedSize(int);com.google.protobuf.UnknownFieldSet$Builder:mergeFieldFrom(int,com.google.protobuf.CodedInputStream);com.google.protobuf.UnknownFieldSet$Builder:clone();com.google.protobuf.UnknownFieldSet:getField(int);com.google.protobuf.UnknownFieldSet:toByteString();com.google.protobuf.UnknownFieldSet$Builder:reinitialize();com.google.protobuf.UnknownFieldSet:hasField(int);com.google.protobuf.UnknownFieldSet$Builder:mergeVarintField(int,int);com.google.protobuf.UnknownFieldSet$Builder:clear();com.google.protobuf.UnknownFieldSet$Field:writeTo(int,com.google.protobuf.CodedOutputStream);com.google.protobuf.UnknownFieldSet:newBuilder(com.google.protobuf.UnknownFieldSet);com.google.protobuf.UnknownFieldSet$Builder:mergeFrom(com.google.protobuf.UnknownFieldSet)"
CVE-2017-3589,mysql:mysql-connector-java:5.1.38,"com.mysql.jdbc.ConnectionImpl:prepareStatement(java.lang.String,int,int);com.mysql.jdbc.ConnectionImpl:decachePreparedStatement(com.mysql.jdbc.ServerPreparedStatement);com.mysql.jdbc.ConnectionImpl:recachePreparedStatement(com.mysql.jdbc.ServerPreparedStatement)"
CVE-2011-5064,tomcat:catalina:5.5.23,"org.apache.catalina.authenticator.DigestAuthenticator:authenticate(org.apache.catalina.connector.Request,org.apache.catalina.connector.Response,org.apache.catalina.deploy.LoginConfig);org.apache.catalina.realm.RealmBase:authenticate(java.lang.String,java.lang.String,java.lang.String,java.lang.String,java.lang.String,java.lang.String,java.lang.String,java.lang.String);org.apache.catalina.authenticator.DigestAuthenticator:findPrincipal(org.apache.catalina.connector.Request,java.lang.String,org.apache.catalina.Realm);org.apache.catalina.authenticator.DigestAuthenticator:parseUsername(java.lang.String);org.apache.catalina.authenticator.DigestAuthenticator:generateNOnce(org.apache.catalina.connector.Request);org.apache.catalina.authenticator.DigestAuthenticator:setAuthenticateHeader(org.apache.catalina.connector.Request,org.apache.catalina.connector.Response,org.apache.catalina.deploy.LoginConfig,java.lang.String)"
CVE-2020-7226,org.cryptacular:cryptacular:1.2.3,"org.cryptacular.bean.AbstractBlockCipherBean:process(org.cryptacular.CiphertextHeader,boolean,byte[]);org.cryptacular.util.CipherUtil:encrypt(org.bouncycastle.crypto.BlockCipher,javax.crypto.SecretKey,org.cryptacular.generator.Nonce,byte[]);org.cryptacular.CiphertextHeader:<init>(byte[],java.lang.String);org.cryptacular.util.CipherUtil:encrypt(org.bouncycastle.crypto.modes.AEADBlockCipher,javax.crypto.SecretKey,org.cryptacular.generator.Nonce,byte[]);org.cryptacular.util.CipherUtil:decrypt(org.bouncycastle.crypto.BlockCipher,javax.crypto.SecretKey,java.io.InputStream,java.io.OutputStream);org.cryptacular.bean.AbstractCipherBean:encrypt(byte[]);org.cryptacular.bean.AbstractCipherBean:decrypt(java.io.InputStream,java.io.OutputStream);org.cryptacular.bean.AbstractCipherBean:decrypt(byte[]);org.cryptacular.CiphertextHeader:decode(byte[]);org.cryptacular.bean.AbstractBlockCipherBean:process(org.cryptacular.CiphertextHeader,boolean,java.io.InputStream,java.io.OutputStream);org.cryptacular.util.CipherUtil:decrypt(org.bouncycastle.crypto.modes.AEADBlockCipher,javax.crypto.SecretKey,byte[]);org.cryptacular.util.CipherUtil:decrypt(org.bouncycastle.crypto.modes.AEADBlockCipher,javax.crypto.SecretKey,java.io.InputStream,java.io.OutputStream);org.cryptacular.util.CipherUtil:encrypt(org.bouncycastle.crypto.BlockCipher,javax.crypto.SecretKey,org.cryptacular.generator.Nonce,java.io.InputStream,java.io.OutputStream);org.cryptacular.util.CipherUtil:encrypt(org.bouncycastle.crypto.modes.AEADBlockCipher,javax.crypto.SecretKey,org.cryptacular.generator.Nonce,java.io.InputStream,java.io.OutputStream);org.cryptacular.CiphertextHeader:decode(java.io.InputStream);org.cryptacular.bean.AbstractCipherBean:encrypt(java.io.InputStream,java.io.OutputStream);org.cryptacular.util.CipherUtil:decrypt(org.bouncycastle.crypto.BlockCipher,javax.crypto.SecretKey,byte[])"
CVE-2016-5001,org.apache.hadoop:hadoop-hdfs:2.6.0,"org.apache.hadoop.hdfs.server.datanode.DNConf:<init>(org.apache.hadoop.conf.Configuration);org.apache.hadoop.hdfs.server.datanode.DataXceiver:copyBlock(org.apache.hadoop.hdfs.protocol.ExtendedBlock,org.apache.hadoop.security.token.Token);org.apache.hadoop.hdfs.server.datanode.DataXceiver:transferBlock(org.apache.hadoop.hdfs.protocol.ExtendedBlock,org.apache.hadoop.security.token.Token,java.lang.String,org.apache.hadoop.hdfs.protocol.DatanodeInfo[],org.apache.hadoop.hdfs.StorageType[]);org.apache.hadoop.hdfs.server.datanode.DataXceiver:writeBlock(org.apache.hadoop.hdfs.protocol.ExtendedBlock,org.apache.hadoop.hdfs.StorageType,org.apache.hadoop.security.token.Token,java.lang.String,org.apache.hadoop.hdfs.protocol.DatanodeInfo[],org.apache.hadoop.hdfs.StorageType[],org.apache.hadoop.hdfs.protocol.DatanodeInfo,org.apache.hadoop.hdfs.protocol.datatransfer.BlockConstructionStage,int,long,long,long,org.apache.hadoop.util.DataChecksum,org.apache.hadoop.hdfs.server.datanode.CachingStrategy,boolean);org.apache.hadoop.hdfs.server.datanode.DataNode:checkReadAccess(org.apache.hadoop.hdfs.protocol.ExtendedBlock);org.apache.hadoop.hdfs.server.datanode.DataXceiver:blockChecksum(org.apache.hadoop.hdfs.protocol.ExtendedBlock,org.apache.hadoop.security.token.Token);org.apache.hadoop.hdfs.server.datanode.DataXceiver:checkAccess(java.io.OutputStream,boolean,org.apache.hadoop.hdfs.protocol.ExtendedBlock,org.apache.hadoop.security.token.Token,org.apache.hadoop.hdfs.protocol.datatransfer.Op,org.apache.hadoop.hdfs.security.token.block.BlockTokenSecretManager$AccessMode);org.apache.hadoop.hdfs.server.datanode.DataNode:getDNRegistrationForBP(java.lang.String);org.apache.hadoop.hdfs.server.datanode.DataXceiver:readBlock(org.apache.hadoop.hdfs.protocol.ExtendedBlock,org.apache.hadoop.security.token.Token,java.lang.String,long,long,boolean,org.apache.hadoop.hdfs.server.datanode.CachingStrategy);org.apache.hadoop.hdfs.DFSInputStream:readBlockLength(org.apache.hadoop.hdfs.protocol.LocatedBlock);org.apache.hadoop.hdfs.server.datanode.DataNode:requestShortCircuitFdsForRead(org.apache.hadoop.hdfs.protocol.ExtendedBlock,org.apache.hadoop.security.token.Token,int);org.apache.hadoop.hdfs.server.datanode.DataXceiver:replaceBlock(org.apache.hadoop.hdfs.protocol.ExtendedBlock,org.apache.hadoop.hdfs.StorageType,org.apache.hadoop.security.token.Token,java.lang.String,org.apache.hadoop.hdfs.protocol.DatanodeInfo)"
CVE-2016-0793,org.wildfly:wildfly-undertow:10.0.0.Final,"org.wildfly.extension.undertow.deployment.ServletResourceManager:<init>(org.jboss.vfs.VirtualFile,java.util.Collection,boolean,boolean)"
CVE-2021-44878,org.pac4j:pac4j-oidc:3.6.1,org.pac4j.oidc.profile.creator.TokenValidator:<init>(org.pac4j.oidc.config.OidcConfiguration);org.pac4j.oidc.config.OidcConfiguration:toString();org.pac4j.oidc.credentials.authenticator.UserInfoOidcAuthenticator:fetchOidcProfile(com.nimbusds.oauth2.sdk.token.BearerAccessToken)
CVE-2014-4172,org.jasig.cas.client:cas-client-core:3.2.1,"org.jasig.cas.client.validation.Cas20ServiceTicketValidator:populateUrlAttributeMap(java.util.Map);org.jasig.cas.client.validation.AbstractUrlBasedTicketValidator:constructValidationUrl(java.lang.String,java.lang.String)"
CVE-2019-12399,org.apache.kafka:connect-runtime:2.3.0,"org.apache.kafka.connect.runtime.AbstractHerder:keysWithVariableValues(java.util.Map,java.util.regex.Pattern)"
CVE-2011-4461,org.eclipse.jetty:jetty-servlets:7.5.4.v20111024,"org.eclipse.jetty.servlets.MultiPartFilter:init(javax.servlet.FilterConfig);org.eclipse.jetty.servlets.MultiPartFilter:doFilter(javax.servlet.ServletRequest,javax.servlet.ServletResponse,javax.servlet.FilterChain)"
CVE-2018-1000822,org.codelibs.fess:fess:12.2.0,org.codelibs.fess.util.GsaConfigParser:parse(org.xml.sax.InputSource)
CVE-2021-29451,com.manydesigns:portofino-core:5.2.0,com.manydesigns.portofino.shiro.AbstractPortofinoRealm:extractPrincipalFromWebToken(io.jsonwebtoken.Jwt);com.manydesigns.portofino.shiro.AbstractPortofinoRealm:loadAuthenticationInfo(com.manydesigns.portofino.shiro.JSONWebToken)
CVE-2021-27906,org.apache.pdfbox:pdfbox:2.0.12,org.apache.pdfbox.cos.COSArray:indexOf(org.apache.pdfbox.cos.COSBase)
CVE-2017-15695,org.apache.geode:geode-core:1.2.1,org.apache.geode.management.internal.cli.functions.CloseDurableClientFunction:execute(org.apache.geode.cache.execute.FunctionContext);org.apache.geode.management.internal.cli.functions.MembersForRegionFunction:optimizeForWrite();org.apache.geode.management.internal.cli.functions.MemberRegionFunction:isHA();org.apache.geode.management.internal.cli.functions.MembersForRegionFunction:hasResult();org.apache.geode.security.ResourcePermission:<init>();org.apache.geode.management.internal.cli.functions.MembersForRegionFunction:isHA();org.apache.geode.management.internal.configuration.functions.RecreateCacheFunction:execute(org.apache.geode.cache.execute.FunctionContext);org.apache.geode.management.internal.cli.functions.GetMemberConfigInformationFunction:getId();org.apache.geode.management.internal.cli.functions.CloseDurableCqFunction:execute(org.apache.geode.cache.execute.FunctionContext);org.apache.geode.management.internal.cli.functions.MembersForRegionFunction:execute(org.apache.geode.cache.execute.FunctionContext);org.apache.geode.management.internal.cli.functions.MembersForRegionFunction:getId();org.apache.geode.management.internal.cli.functions.GetRegionDescriptionFunction:getId();org.apache.geode.management.internal.cli.functions.MemberRegionFunction:optimizeForWrite();org.apache.geode.management.internal.cli.functions.FetchSharedConfigurationStatusFunction:execute(org.apache.geode.cache.execute.FunctionContext);org.apache.geode.management.internal.cli.functions.GetSubscriptionQueueSizeFunction:execute(org.apache.geode.cache.execute.FunctionContext);org.apache.geode.management.internal.cli.functions.MemberRegionFunction:hasResult();org.apache.geode.management.internal.cli.functions.MemberRegionFunction:getId();org.apache.geode.management.internal.cli.functions.CreateAsyncEventQueueFunction:getId();org.apache.geode.internal.cache.execute.util.FindRestEnabledServersFunction:execute(org.apache.geode.cache.execute.FunctionContext);org.apache.geode.management.internal.cli.functions.MemberRegionFunction:execute(org.apache.geode.cache.execute.FunctionContext);org.apache.geode.security.ResourcePermission:getOperation();org.apache.geode.management.internal.cli.functions.GetRegionsFunction:getId();org.apache.geode.management.internal.cli.functions.UserFunctionExecution:execute(org.apache.geode.cache.execute.FunctionContext);org.apache.geode.security.ResourcePermission:toString()
CVE-2013-4316,org.apache.struts:struts2-core:2.1.8.1,"org.apache.struts2.dispatcher.mapper.DefaultActionMapper:handleSpecialParameters(javax.servlet.http.HttpServletRequest,org.apache.struts2.dispatcher.mapper.ActionMapping);org.apache.struts2.dispatcher.mapper.DefaultActionMapper:<init>();org.apache.struts2.dispatcher.mapper.DefaultActionMapper:setAllowDynamicMethodCalls(java.lang.String)"
CVE-2021-43797,io.netty:netty-codec-http:4.1.63.Final,"io.netty.handler.codec.http.HttpObjectDecoder:splitHeader(io.netty.util.internal.AppendableCharSequence);io.netty.handler.codec.http.DefaultHttpHeaders:validateHeaderNameElement(char);io.netty.handler.codec.http.HttpObjectDecoder:findNonWhitespace(io.netty.util.internal.AppendableCharSequence,int,boolean);io.netty.handler.codec.http.DefaultHttpHeaders:validateHeaderNameElement(byte)"
CVE-2020-17516,org.apache.cassandra:cassandra-all:3.11.3,org.apache.cassandra.net.IncomingStreamingConnection:run();org.apache.cassandra.net.OutboundTcpConnectionPool:isEncryptedChannel(java.net.InetAddress);org.apache.cassandra.net.IncomingTcpConnection:receiveMessages();org.apache.cassandra.net.OutboundTcpConnectionPool:newSocket(java.net.InetAddress)
CVE-2019-0201,org.apache.zookeeper:zookeeper:3.4.6,org.apache.zookeeper.server.FinalRequestProcessor:processRequest(org.apache.zookeeper.server.Request)
CVE-2019-3802,org.springframework.data:spring-data-jpa:1.10.2.RELEASE,"org.springframework.data.jpa.repository.support.SimpleJpaRepository$ExampleSpecification:<init>(org.springframework.data.domain.Example);org.springframework.data.jpa.convert.QueryByExamplePredicateBuilder:getPredicate(javax.persistence.criteria.Root,javax.persistence.criteria.CriteriaBuilder,org.springframework.data.domain.Example);org.springframework.data.jpa.repository.support.SimpleJpaRepository:findOne(org.springframework.data.domain.Example);org.springframework.data.jpa.repository.support.SimpleJpaRepository:exists(org.springframework.data.domain.Example);org.springframework.data.jpa.convert.QueryByExamplePredicateBuilder:getPredicates(java.lang.String,javax.persistence.criteria.CriteriaBuilder,javax.persistence.criteria.Path,javax.persistence.metamodel.ManagedType,java.lang.Object,java.lang.Class,org.springframework.data.repository.core.support.ExampleMatcherAccessor,org.springframework.data.jpa.convert.QueryByExamplePredicateBuilder$PathNode);org.springframework.data.jpa.repository.support.SimpleJpaRepository$ExampleSpecification:toPredicate(javax.persistence.criteria.Root,javax.persistence.criteria.CriteriaQuery,javax.persistence.criteria.CriteriaBuilder);org.springframework.data.jpa.repository.support.JpaRepositoryFactory:getTargetRepository(org.springframework.data.repository.core.RepositoryInformation);org.springframework.data.jpa.repository.support.SimpleJpaRepository:findAll(org.springframework.data.domain.Example,org.springframework.data.domain.Pageable);org.springframework.data.jpa.repository.support.SimpleJpaRepository:findAll(org.springframework.data.domain.Example);org.springframework.data.jpa.repository.support.SimpleJpaRepository:count(org.springframework.data.domain.Example);org.springframework.data.jpa.repository.support.SimpleJpaRepository:findAll(org.springframework.data.domain.Example,org.springframework.data.domain.Sort)"
CVE-2016-1000339,org.bouncycastle:bcprov-jdk15on:1.54,"org.bouncycastle.jcajce.provider.asymmetric.dh.BCDHPublicKey:<init>(java.math.BigInteger,javax.crypto.spec.DHParameterSpec);org.bouncycastle.jcajce.provider.symmetric.AES$CFB:<init>();org.bouncycastle.jcajce.provider.symmetric.AES$PBEWithSHA256AESCBC256:<init>();org.bouncycastle.jcajce.provider.symmetric.AES$AESCMAC:<init>();org.bouncycastle.jcajce.provider.symmetric.AES$Poly1305:<init>();org.bouncycastle.crypto.engines.AESEngine:decryptBlock(int[][]);org.bouncycastle.jcajce.provider.asymmetric.dh.BCDHPublicKey:<init>(javax.crypto.interfaces.DHPublicKey);org.bouncycastle.jcajce.provider.asymmetric.dh.BCDHPublicKey:<init>(org.bouncycastle.crypto.params.DHPublicKeyParameters);org.bouncycastle.crypto.engines.AESEngine:encryptBlock(int[][]);org.bouncycastle.jcajce.provider.symmetric.AES$RFC3211Wrap:<init>();org.bouncycastle.jcajce.provider.asymmetric.dh.BCDHPublicKey:<init>(javax.crypto.spec.DHPublicKeySpec);org.bouncycastle.jcajce.provider.symmetric.AES$PBEWithSHA1AESCBC192:<init>();org.bouncycastle.jcajce.provider.asymmetric.dh.BCDHPublicKey:<init>(org.bouncycastle.asn1.x509.SubjectPublicKeyInfo);org.bouncycastle.jcajce.provider.symmetric.AES$PBEWithSHA1AESCBC256:<init>();org.bouncycastle.jcajce.provider.symmetric.AES$PBEWithSHA256AESCBC192:<init>();org.bouncycastle.jcajce.provider.asymmetric.dh.KeyFactorySpi:engineGeneratePublic(java.security.spec.KeySpec);org.bouncycastle.jcajce.provider.symmetric.AES$PBEWithSHA256AESCBC128:<init>();org.bouncycastle.jcajce.provider.symmetric.AES$OFB:<init>();org.bouncycastle.jcajce.provider.symmetric.AES$AESGMAC:<init>();org.bouncycastle.jcajce.provider.symmetric.AES$PBEWithSHA1AESCBC128:<init>();org.bouncycastle.jcajce.provider.asymmetric.util.DHUtil:generatePublicKeyParameter(java.security.PublicKey);org.bouncycastle.jcajce.provider.symmetric.AES$PBEWithAESCBC:<init>();org.bouncycastle.jcajce.provider.asymmetric.ec.IESCipher$ECIESwithAESCBC:<init>();org.bouncycastle.jcajce.provider.symmetric.AES$CCM:<init>();org.bouncycastle.crypto.engines.AESEngine:init(boolean,org.bouncycastle.crypto.CipherParameters);org.bouncycastle.jcajce.provider.symmetric.AES$CBC:<init>();org.bouncycastle.jcajce.provider.symmetric.AES$GCM:<init>();org.bouncycastle.jcajce.provider.symmetric.AES$RFC5649Wrap:<init>();org.bouncycastle.jcajce.provider.symmetric.AES$ECB:<init>()"
CVE-2011-0013,org.apache.tomcat:tomcat-catalina:7.0.0,"org.apache.catalina.manager.StatusTransformer:writeContext(java.io.PrintWriter,javax.management.ObjectName,javax.management.MBeanServer,int);org.apache.catalina.manager.StatusTransformer:writeWrapper(java.io.PrintWriter,javax.management.ObjectName,javax.management.MBeanServer,int);org.apache.catalina.manager.StatusTransformer:writeContext(java.io.PrintWriter,javax.management.ObjectName,javax.management.MBeanServer,int);org.apache.catalina.manager.StatusTransformer:writeWrapper(java.io.PrintWriter,javax.management.ObjectName,javax.management.MBeanServer,int);org.apache.catalina.manager.StatusTransformer:writeDetailedState(java.io.PrintWriter,javax.management.MBeanServer,int);org.apache.catalina.manager.StatusTransformer:writeDetailedState(java.io.PrintWriter,javax.management.MBeanServer,int);org.apache.catalina.manager.HTMLManagerServlet:list(javax.servlet.http.HttpServletRequest,javax.servlet.http.HttpServletResponse,java.lang.String)"
CVE-2011-1498,org.apache.httpcomponents:httpclient:4.0.1,"org.apache.http.client.protocol.RequestProxyAuthentication:process(org.apache.http.HttpRequest,org.apache.http.protocol.HttpContext)"
CVE-2020-10686,org.keycloak:keycloak-services:8.0.1,"org.keycloak.services.resources.admin.UserResource:moveCredentialAfter(java.lang.String,java.lang.String);org.keycloak.services.resources.admin.UserResource:setCredentialUserLabel(java.lang.String,java.lang.String);org.keycloak.services.resources.admin.UserResource:removeCredential(java.lang.String)"
CVE-2018-9116,com.github.tomakehurst:wiremock:2.6.0,com.github.tomakehurst.wiremock.extension.responsetemplating.ResponseTemplateTransformer:getName();com.github.tomakehurst.wiremock.common.Xml:read(java.lang.String);com.github.tomakehurst.wiremock.matching.EqualToXmlPattern:match(java.lang.String);com.github.tomakehurst.wiremock.matching.EqualToXmlPattern$SkipResolvingEntitiesDocumentBuilderFactory:newDocumentBuilder()
CVE-2013-4390,org.apache.sling:org.apache.sling.auth.core:1.0.0,org.apache.sling.auth.core.spi.AbstractAuthenticationFormServlet:getForm(javax.servlet.http.HttpServletRequest)
CVE-2020-1951,org.apache.tika:tika-parsers:1.22,"org.apache.tika.parser.image.PSDParser:parse(java.io.InputStream,org.xml.sax.ContentHandler,org.apache.tika.metadata.Metadata,org.apache.tika.parser.ParseContext);org.apache.tika.parser.image.PSDParser$ResourceBlock:<init>(java.io.InputStream)"
CVE-2021-21343,com.thoughtworks.xstream:xstream:1.3.1,"com.thoughtworks.xstream.XStream:setupMappers();com.thoughtworks.xstream.XStream:unmarshal(com.thoughtworks.xstream.io.HierarchicalStreamReader,java.lang.Object,com.thoughtworks.xstream.converters.DataHolder)"
CVE-2013-5823,org.apache.santuario:xmlsec:1.5.8,"org.apache.xml.security.utils.UnsyncByteArrayOutputStream:write(byte[],int,int);org.apache.xml.security.utils.UnsyncByteArrayOutputStream:reset();org.apache.xml.security.utils.UnsyncByteArrayOutputStream:write(int);org.apache.xml.security.utils.UnsyncByteArrayOutputStream:expandSize(int);org.apache.xml.security.utils.UnsyncByteArrayOutputStream:write(byte[],int,int);org.apache.xml.security.utils.UnsyncByteArrayOutputStream:toByteArray();org.apache.xml.security.utils.UnsyncByteArrayOutputStream:write(int);org.apache.xml.security.utils.UnsyncByteArrayOutputStream:<init>();org.apache.xml.security.utils.UnsyncByteArrayOutputStream:expandSize(int);org.apache.xml.security.utils.UnsyncByteArrayOutputStream:write(byte[]);org.apache.xml.security.utils.UnsyncByteArrayOutputStream:write(byte[])"
CVE-2018-1000854,org.esigate:esigate-core:4.4,org.esigate.xml.XsltRenderer:createTransformer(java.io.InputStream)
CVE-2016-8749,org.apache.camel:camel-jackson:2.17.1,"org.apache.camel.component.jackson.JacksonDataFormat:unmarshal(org.apache.camel.Exchange,java.io.InputStream)"
CVE-2014-3490,org.jboss.resteasy:resteasy-jaxb-provider:2.3.5.Final,"org.jboss.resteasy.plugins.providers.jaxb.ExternalEntityUnmarshaller:unmarshal(org.xml.sax.InputSource);org.jboss.resteasy.plugins.providers.jaxb.ExternalEntityUnmarshaller:unmarshal(javax.xml.transform.Source,java.lang.Class)"
CVE-2022-26336,org.apache.poi:poi-scratchpad:5.0.0,org.apache.poi.hmef.attribute.MAPIAttribute:create(org.apache.poi.hmef.attribute.TNEFAttribute)
CVE-2012-6612,org.apache.solr:solr-core:4.0.0,"org.apache.solr.handler.loader.XMLLoader:load(org.apache.solr.request.SolrQueryRequest,org.apache.solr.response.SolrQueryResponse,org.apache.solr.common.util.ContentStream,org.apache.solr.update.processor.UpdateRequestProcessor);org.apache.solr.handler.loader.XMLLoader:init(org.apache.solr.common.params.SolrParams)"
CVE-2017-12629,org.apache.lucene:lucene-queryparser:5.5.0,org.apache.lucene.queryparser.xml.CoreParser:parseXML(java.io.InputStream)
CVE-2020-5230,org.opencastproject:opencast-common:7.5,org.opencastproject.mediapackage.identifier.IdImpl:compact();org.opencastproject.mediapackage.identifier.IdImpl:<init>(java.lang.String)
CVE-2014-3709,org.keycloak:keycloak-services:1.0.2.Final,org.keycloak.services.resources.SocialResource:callback(java.lang.String)
CVE-2020-9486,org.apache.nifi:nifi-framework-core:1.11.4,org.apache.nifi.fingerprint.FingerprintFactory:getLoggableRepresentationOfSensitiveValue(java.lang.String)
CVE-2017-5651,org.apache.tomcat:tomcat-coyote:9.0.0.M21,org.apache.coyote.http11.Http11Processor:prepareRequest();org.apache.coyote.http11.Http11Processor:service(org.apache.tomcat.util.net.SocketWrapperBase);org.apache.coyote.http11.Http11Processor:prepareResponse();org.apache.coyote.http11.Http11Processor:prepareSendfile(org.apache.coyote.http11.OutputFilter[])
CVE-2016-2141,org.jgroups:jgroups:3.2.13.Final,"org.jgroups.protocols.pbcast.GMS$GmsHeader:setMergeRejected(boolean);org.jgroups.protocols.pbcast.NAKACK:up(org.jgroups.Event);org.jgroups.protocols.pbcast.ClientGmsImpl:join(org.jgroups.Address,boolean);org.jgroups.protocols.ENCRYPT:getAsymInit();org.jgroups.protocols.ENCRYPT:handleUpMessage(org.jgroups.Event);org.jgroups.protocols.ENCRYPT:getSymInit();org.jgroups.protocols.ENCRYPT:drainUpQueue();org.jgroups.protocols.ENCRYPT:getAsymAlgorithm();org.jgroups.protocols.pbcast.NAKACK2:up(org.jgroups.Event);org.jgroups.protocols.AUTH:<init>();org.jgroups.protocols.ENCRYPT:getSymDecodingCipher();org.jgroups.protocols.ENCRYPT$EncryptHeader:readFrom(java.io.DataInput);org.jgroups.protocols.UNICAST:up(org.jgroups.Event);org.jgroups.protocols.AuthHeader:writeTo(java.io.DataOutput);org.jgroups.protocols.ENCRYPT:initSymCiphers(java.lang.String,javax.crypto.SecretKey);org.jgroups.auth.MD5Token:readFrom(java.io.DataInput);org.jgroups.stack.ProtocolStack:insertProtocol(org.jgroups.stack.Protocol,int,java.lang.Class);org.jgroups.protocols.ENCRYPT:initKeyPair();org.jgroups.protocols.AUTH:sendRejectionMessage(byte,org.jgroups.Address,java.lang.String);org.jgroups.auth.FixedMembershipToken:readFrom(java.io.DataInput);org.jgroups.protocols.AUTH:sendMergeRejectionMessage(org.jgroups.Address);org.jgroups.protocols.pbcast.NAKACK2:sendXmitRsp(org.jgroups.Address,org.jgroups.Message);org.jgroups.protocols.ENCRYPT:sendKeyRequest();org.jgroups.protocols.AuthHeader:getToken();org.jgroups.auth.FixedMembershipToken:writeTo(java.io.DataOutput);org.jgroups.auth.FixedMembershipToken:hasPort(java.lang.String);org.jgroups.stack.ProtocolStack:dumpStats(java.lang.String,java.util.List);org.jgroups.stack.ProtocolStack:insertProtocolInStack(org.jgroups.stack.Protocol,org.jgroups.stack.Protocol,int);org.jgroups.auth.MD5Token:writeTo(java.io.DataOutput);org.jgroups.protocols.ENCRYPT:generatePubKey(byte[]);org.jgroups.Message:copy(boolean);org.jgroups.protocols.DISCARD:setDiscardAll(boolean);org.jgroups.util.Util:writeByteBuffer(byte[],int,int,java.io.DataOutput);org.jgroups.protocols.ENCRYPT:getSecretKey();org.jgroups.protocols.ENCRYPT:getSymEncodingCipher();org.jgroups.Channel:setReceiver(org.jgroups.Receiver);org.jgroups.blocks.RequestCorrelator:receiveMessage(org.jgroups.Message);org.jgroups.protocols.ENCRYPT:handleViewChange(org.jgroups.View,boolean);org.jgroups.auth.FixedMembershipToken:setMemberList(java.lang.String);org.jgroups.protocols.AUTH:init();org.jgroups.demos.KeyStoreGenerator:initSymKey();org.jgroups.protocols.SEQUENCER:up(org.jgroups.Event);org.jgroups.protocols.TP:down(org.jgroups.Event);org.jgroups.stack.ProtocolStack:insertProtocol(org.jgroups.stack.Protocol,int,java.lang.String);org.jgroups.protocols.pbcast.Merger$MergeTask:getMergeDataFromSubgroupCoordinators(java.util.Map,org.jgroups.util.MergeId,long);org.jgroups.protocols.ENCRYPT:down(org.jgroups.Event);org.jgroups.protocols.AuthHeader:readFrom(java.io.DataInput);org.jgroups.protocols.ENCRYPT:drainDownQueue();org.jgroups.protocols.ENCRYPT:getDesKey();org.jgroups.protocols.AuthHeader:size();org.jgroups.View:getCreator();org.jgroups.auth.SimpleToken:writeTo(java.io.DataOutput);org.jgroups.protocols.ENCRYPT$EncryptHeader:<init>();org.jgroups.protocols.AUTH:getAuthClass();org.jgroups.util.SuppressLog:<init>(org.jgroups.logging.Log,java.lang.String,java.lang.String);org.jgroups.tests.TestToaOrder$MyReceiver:receive(org.jgroups.Message);org.jgroups.protocols.pbcast.NAKACK:down(org.jgroups.Event);org.jgroups.protocols.ENCRYPT$EncryptHeader:getVersion();org.jgroups.protocols.ENCRYPT:getAlgorithm(java.lang.String);org.jgroups.protocols.ENCRYPT:up(org.jgroups.Event);org.jgroups.protocols.ENCRYPT:setKeyServerAddr(org.jgroups.Address);org.jgroups.protocols.ENCRYPT:init();org.jgroups.protocols.ENCRYPT:decryptMessage(javax.crypto.Cipher,org.jgroups.Message);org.jgroups.protocols.ENCRYPT:initSymKey();org.jgroups.protocols.ENCRYPT:sendSecretKey(javax.crypto.SecretKey,java.security.PublicKey,org.jgroups.Address);org.jgroups.protocols.SEQUENCER:down(org.jgroups.Event);org.jgroups.protocols.AUTH:sendJoinRejectionMessage(org.jgroups.Address,java.lang.String);org.jgroups.protocols.TpHeader:toString();org.jgroups.protocols.UNICAST:down(org.jgroups.Event);org.jgroups.protocols.AUTH:getGMSHeader(org.jgroups.Event);org.jgroups.protocols.DISCARD$DiscardDialog:actionPerformed(java.awt.event.ActionEvent);org.jgroups.Event:getArg();org.jgroups.util.Util:readAuthToken(java.io.DataInput);org.jgroups.auth.MD5Token:hash(java.lang.String);org.jgroups.Message:getHeader(short);org.jgroups.protocols.ENCRYPT:initConfiguredKey();org.jgroups.protocols.AuthHeader:<init>();org.jgroups.protocols.pbcast.NAKACK2:down(org.jgroups.Event);org.jgroups.auth.FixedMembershipToken:authenticate(org.jgroups.auth.AuthToken,org.jgroups.Message);org.jgroups.protocols.AUTH:up(org.jgroups.Event);org.jgroups.protocols.AUTH:setAuthToken(org.jgroups.auth.AuthToken);org.jgroups.protocols.ENCRYPT:_decrypt(javax.crypto.Cipher,org.jgroups.Message,boolean);org.jgroups.protocols.DISCARD:up(org.jgroups.Event);org.jgroups.auth.SimpleToken:readFrom(java.io.DataInput);org.jgroups.protocols.AuthHeader:setToken(org.jgroups.auth.AuthToken);org.jgroups.protocols.ENCRYPT:decodeKey(byte[]);org.jgroups.protocols.ENCRYPT:getKpair();org.jgroups.blocks.RequestCorrelator:receive(org.jgroups.Event);org.jgroups.protocols.pbcast.GMS:down(org.jgroups.Event);org.jgroups.protocols.SEQUENCER:unwrapAndDeliver(org.jgroups.Message,boolean);org.jgroups.protocols.AUTH:getAuthToken();org.jgroups.protocols.ENCRYPT:getSymAlgorithm();org.jgroups.auth.MD5Token:authenticate(org.jgroups.auth.AuthToken,org.jgroups.Message);org.jgroups.auth.X509Token:setCertificate();org.jgroups.protocols.ENCRYPT:getKeyServerAddr();org.jgroups.Event:getType();org.jgroups.protocols.ENCRYPT$EncryptHeader:size();org.jgroups.protocols.ENCRYPT:getSymVersion();org.jgroups.protocols.ENCRYPT:becomeKeyServer(org.jgroups.Address,boolean);org.jgroups.protocols.AUTH:down(org.jgroups.Event);org.jgroups.protocols.DISCARD:down(org.jgroups.Event);org.jgroups.auth.RegexMembership:init();org.jgroups.util.Util:size(byte[]);org.jgroups.auth.X509Token:authenticate(org.jgroups.auth.AuthToken,org.jgroups.Message);org.jgroups.protocols.pbcast.GMS:up(org.jgroups.Event);org.jgroups.Message:putHeaderIfAbsent(short,org.jgroups.Header);org.jgroups.protocols.ENCRYPT$EncryptHeader:getType();org.jgroups.protocols.ENCRYPT$EncryptHeader:toString();org.jgroups.protocols.ENCRYPT:getAsymCipher();org.jgroups.protocols.ENCRYPT:setSecretKey(javax.crypto.SecretKey);org.jgroups.protocols.ENCRYPT$EncryptHeader:writeTo(java.io.DataOutput);org.jgroups.demos.KeyStoreGenerator:main(java.lang.String[]);org.jgroups.auth.AuthToken:init()"
CVE-2017-9735,org.eclipse.jetty:jetty-util:9.2.14.v20151106,org.eclipse.jetty.util.security.Password:equals(java.lang.Object);org.eclipse.jetty.util.security.Password:check(java.lang.Object);org.eclipse.jetty.util.security.Credential$Crypt:check(java.lang.Object);org.eclipse.jetty.util.security.Credential$MD5:check(java.lang.Object)
CVE-2018-1999020,org.onosproject:onos-core-common:1.13.1,"org.onosproject.common.app.ApplicationArchive:saveApplication(java.io.InputStream,org.onosproject.app.ApplicationDescription,boolean);org.onosproject.common.app.ApplicationArchive:appFile(java.lang.String,java.lang.String);org.onosproject.common.app.ApplicationArchive:purgeApplication(java.lang.String);org.onosproject.common.app.ApplicationArchive:expandZippedApplication(java.io.InputStream,org.onosproject.app.ApplicationDescription)"
CVE-2018-1000008,org.jvnet.hudson.plugins:pmd:1.0,"hudson.plugins.pmd.parser.PmdParser:parse(java.io.InputStream,java.lang.String)"
CVE-2020-27178,org.apereo.cas:cas-server-support-otp-mfa:5.3.15.1,"org.apereo.cas.otp.config.OneTimeTokenAuthenticationConfiguration:oneTimeTokenQRGeneratorController();org.apereo.cas.otp.web.flow.OneTimeTokenAccountCheckRegistrationAction:doExecute(org.springframework.webflow.execution.RequestContext);org.apereo.cas.otp.web.flow.rest.OneTimeTokenQRGeneratorController:generate(javax.servlet.http.HttpServletResponse,javax.servlet.http.HttpServletRequest)"
CVE-2014-0096,org.apache.tomcat:tomcat-catalina:8.0.0-RC5,"org.apache.catalina.servlets.DefaultServlet:init();org.apache.catalina.servlets.DefaultServlet:render(java.lang.String,org.apache.catalina.WebResource);org.apache.catalina.servlets.DefaultServlet:renderXml(java.lang.String,org.apache.catalina.WebResource,java.io.InputStream);org.apache.catalina.servlets.DefaultServlet:findXsltInputStream(org.apache.catalina.WebResource)"
CVE-2020-13941,org.apache.solr:solr-core:7.4.0,"org.apache.solr.handler.ReplicationHandler:restore(org.apache.solr.common.params.SolrParams,org.apache.solr.response.SolrQueryResponse,org.apache.solr.request.SolrQueryRequest);org.apache.solr.handler.ReplicationHandler:doSnapShoot(org.apache.solr.common.params.SolrParams,org.apache.solr.response.SolrQueryResponse,org.apache.solr.request.SolrQueryRequest);org.apache.solr.handler.admin.MergeIndexesOp:execute(org.apache.solr.handler.admin.CoreAdminHandler$CallInfo);org.apache.solr.handler.SnapShooter:initialize(org.apache.solr.core.backup.repository.BackupRepository,org.apache.solr.core.SolrCore,java.net.URI,java.lang.String,java.lang.String)"
CVE-2021-25122,org.apache.tomcat:tomcat-coyote:10.0.0,"org.apache.coyote.AbstractProtocol$ConnectionHandler:process(org.apache.tomcat.util.net.SocketWrapperBase,org.apache.tomcat.util.net.SocketEvent)"
CVE-2020-13940,org.apache.nifi:nifi-framework-api:1.11.4,org.apache.nifi.authorization.AbstractPolicyBasedAuthorizer:parsePoliciesUsersAndGroups(java.lang.String)
CVE-2018-11765,org.apache.hadoop:hadoop-common:3.0.0,"org.apache.hadoop.http.AdminAuthorizedServlet:doGet(javax.servlet.http.HttpServletRequest,javax.servlet.http.HttpServletResponse);org.apache.hadoop.log.LogLevel$Servlet:doGet(javax.servlet.http.HttpServletRequest,javax.servlet.http.HttpServletResponse);org.apache.hadoop.jmx.JMXJsonServlet:doGet(javax.servlet.http.HttpServletRequest,javax.servlet.http.HttpServletResponse);org.apache.hadoop.http.HttpServer2$StackServlet:doGet(javax.servlet.http.HttpServletRequest,javax.servlet.http.HttpServletResponse);org.apache.hadoop.conf.ConfServlet:doGet(javax.servlet.http.HttpServletRequest,javax.servlet.http.HttpServletResponse);org.apache.hadoop.http.HttpServer2:isStaticUserAndNoneAuthType(javax.servlet.ServletContext,javax.servlet.http.HttpServletRequest)"
CVE-2021-42575,com.googlecode.owasp-java-html-sanitizer:owasp-java-html-sanitizer:20191001.1,org.owasp.html.HtmlStreamRenderer:writeCloseTag(java.lang.String)
CVE-2019-12086,com.fasterxml.jackson.core:jackson-databind:2.8.11.3,"com.fasterxml.jackson.databind.jsontype.impl.SubTypeValidator:validateSubType(com.fasterxml.jackson.databind.DeserializationContext,com.fasterxml.jackson.databind.JavaType)"
CVE-2017-7525,com.fasterxml.jackson.core:jackson-databind:2.7.3,"com.fasterxml.jackson.databind.jsontype.impl.ClassNameIdResolver:typeFromId(java.lang.String);com.fasterxml.jackson.databind.deser.BeanDeserializerFactory:createBeanDeserializer(com.fasterxml.jackson.databind.DeserializationContext,com.fasterxml.jackson.databind.JavaType,com.fasterxml.jackson.databind.BeanDescription)"
CVE-2020-17523,org.apache.shiro:shiro-core:1.4.0,"org.apache.shiro.util.AntPathMatcher:extractPathWithinPattern(java.lang.String,java.lang.String);org.apache.shiro.util.AntPathMatcher:doMatch(java.lang.String,java.lang.String,boolean);org.apache.shiro.util.AntPathMatcher:isPattern(java.lang.String)"
CVE-2018-11039,org.springframework:spring-web:4.3.14.RELEASE,"org.springframework.web.filter.HiddenHttpMethodFilter$HttpMethodRequestWrapper:<init>(javax.servlet.http.HttpServletRequest,java.lang.String);org.springframework.web.filter.HiddenHttpMethodFilter:doFilterInternal(javax.servlet.http.HttpServletRequest,javax.servlet.http.HttpServletResponse,javax.servlet.FilterChain)"
CVE-2013-2134,org.apache.struts:struts2-core:2.1.8.1,"org.apache.struts2.dispatcher.mapper.DefaultActionMapper:parseNameAndNamespace(java.lang.String,org.apache.struts2.dispatcher.mapper.ActionMapping,com.opensymphony.xwork2.config.ConfigurationManager)"
CVE-2020-1954,org.apache.cxf:cxf-rt-management:3.0.2,org.apache.cxf.management.jmx.MBServerConnectorFactory:getURLLocalHostPort(java.lang.String);org.apache.cxf.management.jmx.MBServerConnectorFactory:createConnector()
CVE-2017-4995,org.springframework.security:spring-security-core:4.2.2.RELEASE,org.springframework.security.jackson2.SecurityJackson2Modules:enableDefaultTyping(com.fasterxml.jackson.databind.ObjectMapper)
CVE-2019-13237,org.opencms:opencms-core:10.5.1,org.opencms.ui.apps.search.CmsSourceSearchApp:getSettingsFromState(java.lang.String);org.opencms.ade.galleries.CmsGalleryService:prepareSearchParams(org.opencms.ade.galleries.shared.CmsGallerySearchBean);org.opencms.search.galleries.CmsGallerySearchParameters:getQuery(org.opencms.file.CmsObject)
CVE-2019-0207,org.apache.tapestry:tapestry-ioc:5.3.1,org.apache.tapestry5.ioc.internal.util.AbstractResource:forFile(java.lang.String)
CVE-2013-1768,org.apache.openjpa:openjpa-kernel:2.1.1,org.apache.openjpa.kernel.AbstractBrokerFactory:readResolve()
CVE-2017-7657,org.eclipse.jetty:jetty-http:9.3.20.v20170531,org.eclipse.jetty.http.HttpParser:parsedHeader();org.eclipse.jetty.http.HttpParser:parseLine(java.nio.ByteBuffer);org.eclipse.jetty.http.HttpParser:parseContent(java.nio.ByteBuffer);org.eclipse.jetty.http.HttpParser:quickStart(java.nio.ByteBuffer);org.eclipse.jetty.http.HttpParser:reset()
CVE-2020-8570,io.kubernetes:client-java:5.0.0,"io.kubernetes.client.Copy:copyDirectoryFromPod(java.lang.String,java.lang.String,java.lang.String,java.lang.String,java.nio.file.Path)"
CVE-2011-4905,org.apache.activemq:activemq-core:5.4.2,"org.apache.activemq.broker.TransportConnection:stopAsync();org.apache.activemq.broker.TransportConnection:registerConnectionState(org.apache.activemq.command.ConnectionId,org.apache.activemq.broker.TransportConnectionState);org.apache.activemq.broker.TransportConnection:processRemoveConnection(org.apache.activemq.command.ConnectionId,long);org.apache.activemq.broker.TransportConnection:doStop();org.apache.activemq.broker.TransportConnection:processBrokerInfo(org.apache.activemq.command.BrokerInfo);org.apache.activemq.broker.TransportConnection:processRemoveSession(org.apache.activemq.command.SessionId,long);org.apache.activemq.ActiveMQConnection:syncSendPacket(org.apache.activemq.command.Command);org.apache.activemq.broker.TransportConnection:processAddConnection(org.apache.activemq.command.ConnectionInfo);org.apache.activemq.broker.TransportConnection:service(org.apache.activemq.command.Command);org.apache.activemq.broker.TransportConnection:isFaultTolerantConnection();org.apache.activemq.ActiveMQConnection:onControlCommand(org.apache.activemq.command.ControlCommand);org.apache.activemq.broker.TransportConnection:start();org.apache.activemq.broker.TransportConnection:<init>(org.apache.activemq.broker.TransportConnector,org.apache.activemq.transport.Transport,org.apache.activemq.broker.Broker,org.apache.activemq.thread.TaskRunnerFactory)"
CVE-2016-1000338,org.bouncycastle:bcprov-jdk14:1.50,org.bouncycastle.jcajce.provider.asymmetric.dsa.DSASigner:derDecode(byte[]);org.bouncycastle.jcajce.provider.asymmetric.ec.SignatureSpi$StdDSAEncoder:decode(byte[]);org.bouncycastle.asn1.ASN1Enumerated:<init>(byte[])
CVE-2016-6793,org.apache.wicket:wicket-util:1.5.2,org.apache.wicket.util.upload.DiskFileItem:writeObject(java.io.ObjectOutputStream);org.apache.wicket.util.upload.DiskFileItem:readObject(java.io.ObjectInputStream)
CVE-2016-9177,com.sparkjava:spark-core:2.3,spark.resource.ClassPathResourceHandler:getResource(java.lang.String);spark.resource.ExternalResourceHandler:getResource(java.lang.String)
CVE-2019-14838,org.wildfly.core:wildfly-host-controller:2.0.10.Final,"org.jboss.as.host.controller.operations.ServerStopHandler:execute(org.jboss.as.controller.OperationContext,org.jboss.dmr.ModelNode);org.jboss.as.host.controller.operations.ServerProcessHandlers:execute(org.jboss.as.controller.OperationContext,org.jboss.dmr.ModelNode)"
CVE-2009-2901,org.apache.tomcat:catalina:6.0.18,"org.apache.catalina.loader.WebappClassLoader:setWorkDir(java.io.File);org.apache.catalina.startup.ContextConfig:stop();org.apache.catalina.startup.ExpandWar:expand(org.apache.catalina.Host,java.net.URL,java.lang.String);org.apache.catalina.startup.ExpandWar:deleteDir(java.io.File);org.apache.catalina.startup.ExpandWar:deleteDir(java.io.File);org.apache.catalina.loader.WebappClassLoader:setWorkDir(java.io.File);org.apache.catalina.startup.ExpandWar:expand(java.io.InputStream,java.io.File,java.lang.String);org.apache.catalina.startup.HostConfig:deployWARs(java.io.File,java.lang.String[]);org.apache.catalina.startup.ContextConfig:stop();org.apache.catalina.startup.ExpandWar:delete(java.io.File);org.apache.catalina.startup.HostConfig:deployWARs(java.io.File,java.lang.String[]);org.apache.catalina.startup.ExpandWar:expand(java.io.InputStream,java.io.File,java.lang.String);org.apache.catalina.loader.WebappClassLoader:findResourceInternal(java.lang.String,java.lang.String);org.apache.catalina.startup.ContextConfig:fixDocBase();org.apache.catalina.startup.ExpandWar:expand(org.apache.catalina.Host,java.net.URL,java.lang.String);org.apache.catalina.startup.ExpandWar:delete(java.io.File);org.apache.catalina.loader.WebappClassLoader:findResourceInternal(java.lang.String,java.lang.String);org.apache.catalina.startup.ContextConfig:fixDocBase()"
CVE-2021-21290,io.netty:netty-handler:4.1.45.Final,"io.netty.handler.ssl.util.SelfSignedCertificate:newSelfSignedCertificate(java.lang.String,java.security.PrivateKey,java.security.cert.X509Certificate)"
CVE-2021-3642,org.wildfly.security:wildfly-elytron:1.1.0.Final,"org.wildfly.security.mechanism.scram.ScramServer:parseFinalClientMessage(org.wildfly.security.mechanism.scram.ScramInitialClientMessage,org.wildfly.security.mechanism.scram.ScramInitialServerResult,byte[]);org.wildfly.security.mechanism.scram.ScramServer:evaluateFinalClientMessage(org.wildfly.security.mechanism.scram.ScramInitialServerResult,org.wildfly.security.mechanism.scram.ScramFinalClientMessage)"
CVE-2014-3558,org.hibernate:hibernate-validator:5.0.1.Final,"org.hibernate.validator.internal.metadata.provider.AnnotationMetaDataProvider:getFieldMetaData(java.lang.Class);org.hibernate.validator.internal.xml.ConstrainedGetterBuilder:buildConstrainedGetters(java.util.List,java.lang.Class,java.lang.String,org.hibernate.validator.internal.metadata.core.ConstraintHelper,org.hibernate.validator.internal.metadata.core.AnnotationProcessingOptionsImpl);org.hibernate.validator.internal.util.ReflectionHelper:isArrayClassName(java.lang.String);org.hibernate.validator.internal.util.ReflectionHelper:isQualifiedClass(java.lang.String);org.hibernate.validator.internal.util.annotationfactory.AnnotationFactory:getProxyInstance(java.lang.Class,java.lang.reflect.InvocationHandler);org.hibernate.validator.internal.xml.ValidationXmlParser:unmarshal(java.io.InputStream,javax.xml.validation.Schema);org.hibernate.validator.internal.metadata.core.MetaConstraint:getValue(java.lang.Object);org.hibernate.validator.internal.util.ReflectionHelper:getAnnotationParameter(java.lang.annotation.Annotation,java.lang.String,java.lang.Class);org.hibernate.validator.internal.util.ReflectionHelper:getMember(java.lang.Class,java.lang.String,java.lang.annotation.ElementType);org.hibernate.validator.internal.xml.ConstrainedFieldBuilder:buildConstrainedFields(java.util.List,java.lang.Class,java.lang.String,org.hibernate.validator.internal.metadata.core.ConstraintHelper,org.hibernate.validator.internal.metadata.core.AnnotationProcessingOptionsImpl);org.hibernate.validator.internal.xml.XmlParserHelper:getSchema(java.lang.String);org.hibernate.validator.internal.xml.MetaConstraintBuilder:getGroups(org.hibernate.validator.internal.xml.GroupsType,java.lang.String);org.hibernate.validator.internal.util.ReflectionHelper:getDeclaredFields(java.lang.Class);org.hibernate.validator.internal.metadata.descriptor.ConstraintDescriptorImpl:buildGroupSet(java.lang.Class);org.hibernate.validator.internal.xml.GroupConversionBuilder:buildGroupConversionMap(java.util.List,java.lang.String);org.hibernate.validator.internal.xml.XmlMappingParser:getValidationConfig(java.io.InputStream,javax.xml.bind.Unmarshaller);org.hibernate.validator.resourceloading.PlatformResourceBundleLocator$GetClassLoader:fromContext();org.hibernate.validator.internal.util.ReflectionHelper:run(java.security.PrivilegedAction);org.hibernate.validator.internal.engine.ValidatorImpl:validateParametersForGroup(org.hibernate.validator.internal.engine.ValidationContext,java.lang.Object[],org.hibernate.validator.internal.engine.groups.Group);org.hibernate.validator.internal.xml.XmlMappingParser:parseConstraintDefinitions(java.util.List,java.lang.String,java.util.Set);org.hibernate.validator.internal.xml.ValidationBootstrapParameters:setMessageInterpolator(java.lang.String);org.hibernate.validator.internal.xml.ConstrainedFieldBuilder:findField(java.lang.Class,java.lang.String,java.util.List);org.hibernate.validator.internal.util.ReflectionHelper:getMethodFromPropertyName(java.lang.Class,java.lang.String);org.hibernate.validator.internal.metadata.core.ConstraintHelper:assertNoParameterStartsWithValid(java.lang.Class);org.hibernate.validator.internal.metadata.descriptor.ConstraintDescriptorImpl:ensureAttributeIsOverridable(java.lang.reflect.Method,javax.validation.OverridesAttribute);org.hibernate.validator.internal.util.ReflectionHelper:getMethods(java.lang.Class);org.hibernate.validator.internal.xml.MetaConstraintBuilder:getPayload(org.hibernate.validator.internal.xml.PayloadType,java.lang.String);org.hibernate.validator.internal.metadata.descriptor.ConstraintDescriptorImpl:parseOverrideParameters();org.hibernate.validator.internal.metadata.provider.AnnotationMetaDataProvider:getMethodMetaData(java.lang.Class);org.hibernate.validator.internal.engine.resolver.DefaultTraversableResolver:detectJPA();org.hibernate.validator.internal.metadata.descriptor.ConstraintDescriptorImpl:buildAnnotationParameterMap(java.lang.annotation.Annotation);org.hibernate.validator.internal.metadata.provider.AnnotationMetaDataProvider:getConstructorMetaData(java.lang.Class);org.hibernate.validator.internal.xml.ConstrainedTypeBuilder:buildConstrainedType(org.hibernate.validator.internal.xml.ClassType,java.lang.Class,java.lang.String,org.hibernate.validator.internal.metadata.core.ConstraintHelper,org.hibernate.validator.internal.metadata.core.AnnotationProcessingOptionsImpl,java.util.Map);org.hibernate.validator.internal.util.classhierarchy.ClassHierarchyHelper:getAllMethods(java.lang.Class);org.hibernate.validator.internal.util.ReflectionHelper:getMethodFromPropertyName(java.lang.Class,java.lang.String);org.hibernate.validator.internal.xml.ValidationBootstrapParameters:setParameterNameProvider(java.lang.String);org.hibernate.validator.internal.metadata.core.ConstraintHelper:assertMessageParameterExists(java.lang.Class);org.hibernate.validator.internal.util.annotationfactory.AnnotationProxy:<init>(org.hibernate.validator.internal.util.annotationfactory.AnnotationDescriptor);org.hibernate.validator.internal.xml.MetaConstraintBuilder:convertStringToReturnType(java.lang.Class,java.lang.String,java.lang.String);org.hibernate.validator.internal.xml.MetaConstraintBuilder:getAnnotationParameterType(java.lang.Class,java.lang.String);org.hibernate.validator.internal.xml.ConstrainedTypeBuilder:createGroupSequence(org.hibernate.validator.internal.xml.GroupSequenceType,java.lang.String);org.hibernate.validator.internal.xml.ConstrainedGetterBuilder:findGetter(java.lang.Class,java.lang.String,java.util.List);org.hibernate.validator.internal.xml.ConstrainedParameterBuilder:buildConstrainedParameters(java.util.List,org.hibernate.validator.internal.metadata.raw.ExecutableElement,java.lang.String,org.hibernate.validator.internal.metadata.core.ConstraintHelper,javax.validation.ParameterNameProvider,org.hibernate.validator.internal.metadata.core.AnnotationProcessingOptionsImpl);org.hibernate.validator.internal.cfg.context.ConfiguredConstraint:forType(org.hibernate.validator.cfg.ConstraintDef,java.lang.Class);org.hibernate.validator.internal.util.ReflectionHelper:getClassLoaderFromClass(java.lang.Class);org.hibernate.validator.internal.util.ReflectionHelper:loadClass(java.lang.String,java.lang.String);org.hibernate.validator.internal.metadata.core.ConstraintHelper:isMultiValueConstraint(java.lang.Class);org.hibernate.validator.internal.metadata.core.ConstraintHelper:assertGroupsParameterExists(java.lang.Class);org.hibernate.validator.internal.cfg.context.ConfiguredConstraint:forProperty(org.hibernate.validator.cfg.ConstraintDef,java.lang.reflect.Member);org.hibernate.validator.internal.xml.ValidationBootstrapParameters:setProviderClass(java.lang.String);org.hibernate.validator.internal.xml.ConstrainedExecutableBuilder:createParameterTypes(java.util.List,java.lang.Class,java.lang.String);org.hibernate.validator.internal.xml.ConstrainedExecutableBuilder:buildConstructorConstrainedExecutable(java.util.List,java.lang.Class,java.lang.String,javax.validation.ParameterNameProvider,org.hibernate.validator.internal.metadata.core.ConstraintHelper,org.hibernate.validator.internal.metadata.core.AnnotationProcessingOptionsImpl);org.hibernate.validator.internal.util.annotationfactory.AnnotationFactory:create(org.hibernate.validator.internal.util.annotationfactory.AnnotationDescriptor);org.hibernate.validator.resourceloading.PlatformResourceBundleLocator$GetClassLoader:fromClass(java.lang.Class);org.hibernate.validator.internal.util.ResourceLoaderHelper:getResettableInputStreamForPath(java.lang.String);org.hibernate.validator.internal.util.annotationfactory.AnnotationProxy:getAnnotationMemberValue(java.lang.annotation.Annotation,java.lang.String);org.hibernate.validator.internal.xml.ValidationBootstrapParameters:setTraversableResolver(java.lang.String);org.hibernate.validator.internal.util.annotationfactory.AnnotationProxy:getAnnotationValues(org.hibernate.validator.internal.util.annotationfactory.AnnotationDescriptor);org.hibernate.validator.internal.engine.ValidatorImpl:collectMetaConstraintsForPath(java.lang.Class,java.lang.Object,java.util.Iterator,org.hibernate.validator.internal.engine.path.PathImpl,java.util.List);org.hibernate.validator.internal.util.ReflectionHelper:getArrayElementClassName(java.lang.String);org.hibernate.validator.internal.metadata.core.ConstraintHelper:isJodaTimeInClasspath();org.hibernate.validator.internal.xml.XmlMappingParser:addValidatorDefinitions(java.lang.Class,org.hibernate.validator.internal.xml.ValidatedByType);org.hibernate.validator.internal.util.ReflectionHelper:getDeclaredConstructors(java.lang.Class);org.hibernate.validator.internal.util.ReflectionHelper:getClassLoaderFromContext();org.hibernate.validator.internal.xml.XmlMappingParser:parse(java.util.Set);org.hibernate.validator.internal.util.ReflectionHelper:setAccessibility(java.lang.reflect.Member);org.hibernate.validator.internal.xml.XmlParserHelper:loadSchema(java.lang.String);org.hibernate.validator.internal.engine.constraintvalidation.ConstraintValidatorFactoryImpl:getInstance(java.lang.Class);org.hibernate.validator.internal.util.ReflectionHelper:getDeclaredMethods(java.lang.Class);org.hibernate.validator.internal.xml.ConstrainedExecutableBuilder:buildMethodConstrainedExecutable(java.util.List,java.lang.Class,java.lang.String,javax.validation.ParameterNameProvider,org.hibernate.validator.internal.metadata.core.ConstraintHelper,org.hibernate.validator.internal.metadata.core.AnnotationProcessingOptionsImpl);org.hibernate.validator.internal.util.ReflectionHelper:loadClass(java.lang.String,java.lang.Class);org.hibernate.validator.internal.util.ReflectionHelper:newInstance(java.lang.Class,java.lang.String);org.hibernate.validator.internal.util.ReflectionHelper:loadClass(java.lang.String,java.lang.String,java.lang.Class);org.hibernate.validator.internal.metadata.core.ConstraintHelper:assertValidationAppliesToParameterSetUpCorrectly(java.lang.Class);org.hibernate.validator.internal.metadata.provider.AnnotationMetaDataProvider:newGroupSequenceProviderClassInstance(java.lang.Class,java.lang.Class);org.hibernate.validator.internal.engine.ValidatorImpl:validateCascadedConstraints(org.hibernate.validator.internal.engine.ValidationContext,org.hibernate.validator.internal.engine.ValueContext);org.hibernate.validator.internal.xml.ValidationBootstrapParameters:setConstraintFactory(java.lang.String);org.hibernate.validator.internal.util.ReflectionHelper:getDeclaredField(java.lang.Class,java.lang.String);org.hibernate.validator.internal.metadata.core.ConstraintHelper:assertPayloadParameterExists(java.lang.Class)"
CVE-2021-42392,com.h2database:h2:1.4.200,org.h2.table.TableLink:readMetaData()
CVE-2018-1271,org.springframework:spring-webmvc:5.0.4.RELEASE,"org.springframework.web.servlet.resource.ResourceHttpRequestHandler:getResource(javax.servlet.http.HttpServletRequest);org.springframework.web.servlet.resource.PathResourceResolver:getResource(java.lang.String,org.springframework.core.io.Resource);org.springframework.web.servlet.resource.PathResourceResolver:shouldEncodeRelativePath(org.springframework.core.io.Resource);org.springframework.web.servlet.resource.PathResourceResolver:isResourceUnderLocation(org.springframework.core.io.Resource,org.springframework.core.io.Resource);org.springframework.web.servlet.resource.ResourceHttpRequestHandler:isInvalidPath(java.lang.String);org.springframework.web.servlet.resource.PathResourceResolver:isResourceUnderLocation(org.springframework.core.io.Resource,org.springframework.core.io.Resource);org.springframework.web.servlet.resource.PathResourceResolver:getResource(java.lang.String,org.springframework.core.io.Resource);org.springframework.web.servlet.resource.ResourceHttpRequestHandler:processPath(java.lang.String)"
CVE-2019-9658,com.puppycrawl.tools:checkstyle:8.12,com.puppycrawl.tools.checkstyle.XmlLoader$FeaturesForVerySecureJavaInstallations:addFeaturesForVerySecureJavaInstallations(javax.xml.parsers.SAXParserFactory);com.puppycrawl.tools.checkstyle.XmlLoader:<init>(java.util.Map);com.puppycrawl.tools.checkstyle.XmlLoader$FeaturesForVerySecureJavaInstallations:<init>()
CVE-2021-43795,com.linecorp.armeria:armeria:1.11.0,"com.linecorp.armeria.internal.common.PathAndQuery:appendHexNibble(java.lang.StringBuilder,int);com.linecorp.armeria.internal.common.PathAndQuery:toString();com.linecorp.armeria.internal.common.PathAndQuery:splitPathAndQuery(java.lang.String);com.linecorp.armeria.server.RoutingResultBuilder:rawParam(java.lang.String,java.lang.String);com.linecorp.armeria.internal.common.PathAndQuery:appendOneByte(com.linecorp.armeria.internal.common.PathAndQuery$Bytes,int,boolean,boolean);com.linecorp.armeria.internal.common.PathAndQuery:pathContainsDoubleDots(com.linecorp.armeria.internal.common.PathAndQuery$Bytes);com.linecorp.armeria.internal.common.PathAndQuery:encodeToPercents(com.linecorp.armeria.internal.common.PathAndQuery$Bytes,boolean);com.linecorp.armeria.internal.common.PathAndQuery:decodePercentsAndEncodeToUtf8(java.lang.String,int,int,boolean);com.linecorp.armeria.internal.common.ArmeriaHttpUtil:decodePath(java.lang.String)"
CVE-2017-5664,org.apache.tomcat:tomcat-catalina:8.0.0-RC1,"org.apache.catalina.servlets.WebdavServlet:service(javax.servlet.http.HttpServletRequest,javax.servlet.http.HttpServletResponse)"
CVE-2018-12972,net.opentsdb:opentsdb:2.3.0,net.opentsdb.query.expression.ExpressionIterator:next(long);net.opentsdb.query.expression.ExpressionIterator:next(int)
CVE-2019-18394,org.igniterealtime.openfire:xmppserver:4.2.0,org.jivesoftware.util.FaviconServlet:getImage(java.lang.String)
CVE-2020-5411,org.springframework.batch:spring-batch-core:4.0.0.RELEASE,org.springframework.batch.core.repository.dao.Jackson2ExecutionContextStringSerializer:<init>()
CVE-2011-1088,org.apache.tomcat.embed:tomcat-embed-core:7.0.8,"org.apache.catalina.core.StandardContext:dynamicServletCreated(javax.servlet.Servlet);org.apache.catalina.core.StandardWrapper:loadServlet();org.apache.catalina.core.StandardContext:resetContext();org.apache.catalina.authenticator.AuthenticatorBase:invoke(org.apache.catalina.connector.Request,org.apache.catalina.connector.Response);org.apache.catalina.startup.ContextConfig:authenticatorConfig();org.apache.catalina.startup.Tomcat$FixContextListener:lifecycleEvent(org.apache.catalina.LifecycleEvent);org.apache.catalina.core.StandardContext:dynamicServletAdded(org.apache.catalina.Wrapper)"
CVE-2013-2248,org.apache.struts:struts2-core:2.1.8.1,org.apache.struts2.dispatcher.mapper.DefaultActionMapper:<init>()
CVE-2017-12616,org.apache.tomcat:tomcat-catalina:7.0.27,"org.apache.naming.resources.FileDirContext:unbind(java.lang.String);org.apache.naming.resources.FileDirContext:doLookup(java.lang.String);org.apache.naming.resources.VirtualDirContext:allocate();org.apache.naming.resources.VirtualDirContext:doLookup(java.lang.String);org.apache.naming.resources.VirtualDirContext:list(java.io.File);org.apache.naming.resources.FileDirContext:bind(java.lang.String,java.lang.Object,javax.naming.directory.Attributes);org.apache.naming.resources.FileDirContext:rebind(java.lang.String,java.lang.Object,javax.naming.directory.Attributes);org.apache.naming.resources.FileDirContext:rename(java.lang.String,java.lang.String);org.apache.naming.resources.VirtualDirContext:getAttributes(java.lang.String);org.apache.naming.resources.VirtualDirContext:file(java.lang.String);org.apache.naming.resources.FileDirContext:file(java.lang.String);org.apache.naming.resources.FileDirContext:doGetAttributes(java.lang.String,java.lang.String[]);org.apache.naming.resources.FileDirContext:doListBindings(java.lang.String);org.apache.naming.resources.FileDirContext:createSubcontext(java.lang.String,javax.naming.directory.Attributes)"
CVE-2015-1836,org.apache.hbase:hbase-client:1.0.0,org.apache.hadoop.hbase.zookeeper.ZKUtil:isSecureZooKeeper(org.apache.hadoop.conf.Configuration)
CVE-2016-5007,org.springframework.security:spring-security-config:4.0.4.RELEASE,"org.springframework.security.config.annotation.AbstractConfiguredSecurityBuilder:getSharedObjects();org.springframework.security.config.annotation.web.configurers.ChannelSecurityConfigurer:<init>();org.springframework.security.config.annotation.web.builders.HttpSecurity:requiresChannel();org.springframework.security.config.annotation.web.configurers.ExpressionUrlAuthorizationConfigurer:<init>();org.springframework.security.config.http.FilterInvocationSecurityMetadataSourceParser:parseInterceptUrlsForFilterInvocationRequestMap(org.springframework.security.config.http.MatcherType,java.util.List,boolean,boolean,org.springframework.beans.factory.xml.ParserContext);org.springframework.security.config.http.HttpConfigurationBuilder:parseInterceptUrlsForChannelSecurity();org.springframework.security.config.annotation.web.configurers.CsrfConfigurer:<init>();org.springframework.security.config.annotation.web.builders.WebSecurity:setApplicationContext(org.springframework.context.ApplicationContext);org.springframework.security.config.annotation.web.builders.HttpSecurity:<init>(org.springframework.security.config.annotation.ObjectPostProcessor,org.springframework.security.config.annotation.authentication.builders.AuthenticationManagerBuilder,java.util.Map);org.springframework.security.config.http.FilterChainBeanDefinitionParser:parse(org.w3c.dom.Element,org.springframework.beans.factory.xml.ParserContext);org.springframework.security.config.annotation.web.builders.HttpSecurity:authorizeRequests();org.springframework.security.config.annotation.web.builders.HttpSecurity:csrf();org.springframework.security.config.http.FilterChainMapBeanDefinitionDecorator:decorate(org.w3c.dom.Node,org.springframework.beans.factory.config.BeanDefinitionHolder,org.springframework.beans.factory.xml.ParserContext);org.springframework.security.config.http.HttpSecurityBeanDefinitionParser:createSecurityFilterChainBean(org.w3c.dom.Element,org.springframework.beans.factory.xml.ParserContext,java.util.List)"
CVE-2016-6805,org.apache.ignite:ignite-core:1.6.0,org.apache.ignite.internal.processors.cluster.GridUpdateNotifier:getSystemProperties()
CVE-2021-21347,com.thoughtworks.xstream:xstream:1.4.11.1,"com.thoughtworks.xstream.XStream$InternalBlackList:unmarshal(com.thoughtworks.xstream.io.HierarchicalStreamReader,com.thoughtworks.xstream.converters.UnmarshallingContext);com.thoughtworks.xstream.XStream:addPermission(com.thoughtworks.xstream.security.TypePermission);com.thoughtworks.xstream.XStream:setupSecurity();com.thoughtworks.xstream.XStream$InternalBlackList:canConvert(java.lang.Class);com.thoughtworks.xstream.XStream$InternalBlackList:marshal(java.lang.Object,com.thoughtworks.xstream.io.HierarchicalStreamWriter,com.thoughtworks.xstream.converters.MarshallingContext);com.thoughtworks.xstream.XStream:unmarshal(com.thoughtworks.xstream.io.HierarchicalStreamReader,java.lang.Object,com.thoughtworks.xstream.converters.DataHolder);com.thoughtworks.xstream.XStream:setupConverters()"
CVE-2016-9487,org.idpf:epubcheck:4.0.1,"com.adobe.epubcheck.ctc.XmlDocParser:readXML(com.adobe.epubcheck.api.Report,java.lang.String,java.io.InputStream,java.lang.String,java.lang.String);com.adobe.epubcheck.opf.OPFPeeker:peek(java.io.InputStream);com.adobe.epubcheck.opf.VersionRetriever:retrieveOpfVersion(java.io.InputStream);com.adobe.epubcheck.ctc.xml.XMLContentDocParser:parseDoc(java.lang.String,org.xml.sax.helpers.DefaultHandler);com.adobe.epubcheck.xml.XMLParser:<init>(com.adobe.epubcheck.opf.ValidationContext)"
CVE-2021-39147,com.thoughtworks.xstream:xstream:1.4.11.1,"com.thoughtworks.xstream.XStreamer:fromXML(com.thoughtworks.xstream.io.HierarchicalStreamDriver,java.io.Reader,com.thoughtworks.xstream.security.TypePermission[]);com.thoughtworks.xstream.XStream:addPermission(com.thoughtworks.xstream.security.TypePermission);com.thoughtworks.xstream.XStreamer:toXML(com.thoughtworks.xstream.XStream,java.lang.Object,java.io.Writer);com.thoughtworks.xstream.XStream:setupSecurity();com.thoughtworks.xstream.XStream:readResolve();com.thoughtworks.xstream.XStream:unmarshal(com.thoughtworks.xstream.io.HierarchicalStreamReader,java.lang.Object,com.thoughtworks.xstream.converters.DataHolder);com.thoughtworks.xstream.XStream:setupDefaultSecurity(com.thoughtworks.xstream.XStream)"
CVE-2018-1259,org.springframework.data:spring-data-commons:1.13.7.RELEASE,"org.springframework.data.web.XmlBeamHttpMessageConverter:<init>();org.springframework.data.web.config.SpringDataWebConfiguration:extendMessageConverters(java.util.List);org.springframework.data.web.XmlBeamHttpMessageConverter:readInternal(java.lang.Class,org.springframework.http.HttpInputMessage)"
CVE-2019-7722,net.sourceforge.pmd:pmd-core:5.8.1,"net.sourceforge.pmd.RuleSetFactory:parsePropertyNodeBR(net.sourceforge.pmd.Rule,org.w3c.dom.Node);net.sourceforge.pmd.RuleSetFactory:parseRuleSetNode(net.sourceforge.pmd.RuleSetReferenceId,boolean);net.sourceforge.pmd.RuleSetFactory:containsRule(net.sourceforge.pmd.RuleSetReferenceId,java.lang.String)"
CVE-2022-24289,org.apache.cayenne:cayenne-server:4.2.M3,"org.apache.cayenne.map.DataMap:encodeDbRelationshipsAsXML(org.apache.cayenne.util.XMLEncoder,org.apache.cayenne.configuration.ConfigurationNodeVisitor);org.apache.cayenne.map.DataMap:encodeObjRelationshipsAsXML(org.apache.cayenne.util.XMLEncoder,org.apache.cayenne.configuration.ConfigurationNodeVisitor)"
CVE-2017-7561,org.jboss.resteasy:resteasy-jaxrs:3.0.19.Final,"org.jboss.resteasy.plugins.interceptors.CorsFilter:filter(javax.ws.rs.container.ContainerRequestContext,javax.ws.rs.container.ContainerResponseContext);org.jboss.resteasy.plugins.interceptors.CorsFilter:preflight(java.lang.String,javax.ws.rs.container.ContainerRequestContext)"
CVE-2017-5656,org.apache.cxf:cxf-rt-ws-security:3.0.5,"org.apache.cxf.ws.security.policy.interceptors.IssuedTokenInterceptorProvider$IssuedTokenOutInterceptor:retrieveCachedToken(org.apache.cxf.message.Message);org.apache.cxf.ws.security.policy.interceptors.IssuedTokenInterceptorProvider$IssuedTokenInInterceptor:handleMessage(org.apache.cxf.message.Message);org.apache.cxf.ws.security.policy.interceptors.IssuedTokenInterceptorProvider$IssuedTokenInInterceptor:findBinarySecurityTokenResults(java.util.List);org.apache.cxf.ws.security.policy.interceptors.IssuedTokenInterceptorProvider$IssuedTokenOutInterceptor:issueToken(org.apache.cxf.message.Message,org.apache.cxf.ws.policy.AssertionInfoMap,org.apache.wss4j.policy.model.IssuedToken);org.apache.cxf.ws.security.policy.interceptors.IssuedTokenInterceptorProvider$IssuedTokenInInterceptor:parseHandlerResults(org.apache.wss4j.dom.handler.WSHandlerResult,org.apache.cxf.message.Message,java.util.Collection);org.apache.cxf.ws.security.policy.interceptors.IssuedTokenInterceptorProvider$IssuedTokenOutInterceptor:renewToken(org.apache.cxf.message.Message,org.apache.cxf.ws.policy.AssertionInfoMap,org.apache.wss4j.policy.model.IssuedToken,org.apache.cxf.ws.security.tokenstore.SecurityToken);org.apache.cxf.ws.security.policy.interceptors.IssuedTokenInterceptorProvider$IssuedTokenOutInterceptor:handleDelegation(org.apache.cxf.message.Message,org.w3c.dom.Element,org.w3c.dom.Element,java.lang.String,boolean);org.apache.cxf.ws.security.policy.interceptors.IssuedTokenInterceptorProvider$IssuedTokenOutInterceptor:handleMessage(org.apache.cxf.message.Message);org.apache.cxf.ws.security.policy.interceptors.IssuedTokenInterceptorProvider$IssuedTokenOutInterceptor:getIdFromToken(org.w3c.dom.Element)"
CVE-2016-8739,org.apache.cxf:cxf-rt-rs-extension-providers:3.1.7,"org.apache.cxf.jaxrs.provider.atom.AbstractAtomProvider:readFrom(java.lang.Class,java.lang.reflect.Type,java.lang.annotation.Annotation[],javax.ws.rs.core.MediaType,javax.ws.rs.core.MultivaluedMap,java.io.InputStream)"
CVE-2013-6430,org.springframework:spring-web:3.0.5.RELEASE,org.springframework.web.util.JavaScriptUtils:javaScriptEscape(java.lang.String);org.springframework.web.util.JavaScriptUtils:javaScriptEscape(java.lang.String)
CVE-2018-1317,org.apache.zeppelin:zeppelin-zengine:0.7.3,org.apache.zeppelin.notebook.Note:runAll()
CVE-2016-1000341,org.bouncycastle:bcprov-jdk15on:1.54,org.bouncycastle.crypto.signers.DSASigner:generateSignature(byte[])
CVE-2016-8747,org.apache.tomcat:tomcat-coyote:8.5.9,org.apache.coyote.http11.Http11InputBuffer:nextRequest()
CVE-2021-44228,org.apache.logging.log4j:log4j-core:2.13.3,"org.apache.logging.log4j.core.net.JndiManager$JndiManagerFactory:createManager(java.lang.String,java.util.Properties);org.apache.logging.log4j.core.net.JndiManager:lookup(java.lang.String);org.apache.logging.log4j.core.appender.mom.JmsAppender$Builder:build();org.apache.logging.log4j.core.appender.mom.JmsAppender$Builder:toString();org.apache.logging.log4j.core.net.JndiManager:<init>(java.lang.String,javax.naming.Context)"
CVE-2017-9795,org.apache.geode:geode-core:1.2.1,"org.apache.geode.cache.query.internal.CompiledSelect:getFieldTypeOfProjAttrib(org.apache.geode.cache.query.internal.ExecutionContext,org.apache.geode.cache.query.internal.CompiledValue);org.apache.geode.cache.query.internal.PathUtils:calculateTypesAlongPath(org.apache.geode.cache.query.types.ObjectType,java.lang.String[]);org.apache.geode.cache.query.internal.AttributeDescriptor:getReadMember(org.apache.geode.cache.query.types.ObjectType);org.apache.geode.cache.query.internal.CompiledPath:evaluate(org.apache.geode.cache.query.internal.ExecutionContext);org.apache.geode.cache.query.internal.AttributeDescriptor:<init>(java.lang.String);org.apache.geode.cache.query.internal.AttributeDescriptor:getReadMethod(java.lang.Class);org.apache.geode.cache.query.internal.AttributeDescriptor:getReadMethod(java.lang.Class,java.lang.String);org.apache.geode.cache.query.internal.RuntimeIterator:containsProperty(java.lang.String,int,boolean);org.apache.geode.cache.query.internal.MethodDispatch:invoke(java.lang.Object,java.util.List);org.apache.geode.cache.query.internal.CompiledIteratorDef:getRuntimeIterator(org.apache.geode.cache.query.internal.ExecutionContext);org.apache.geode.internal.cache.GemFireCacheImpl:getQueryService();org.apache.geode.cache.query.internal.AttributeDescriptor:readReflection(java.lang.Object);org.apache.geode.cache.query.internal.ExecutionContext:resolveImplicitOperationName(java.lang.String,int,boolean);org.apache.geode.cache.query.internal.DefaultQueryService:<init>(org.apache.geode.internal.cache.InternalCache);org.apache.geode.internal.cache.xmlcache.CacheCreation:getQueryService();org.apache.geode.cache.query.internal.AttributeDescriptor:getReadMember(java.lang.Class);org.apache.geode.cache.query.internal.CompiledOperation:eval0(java.lang.Object,java.lang.Class,org.apache.geode.cache.query.internal.ExecutionContext);org.apache.geode.cache.query.internal.MethodDispatch:<init>(java.lang.Class,java.lang.String,java.util.List);org.apache.geode.cache.query.internal.PathUtils:computeElementTypeOfExpression(org.apache.geode.cache.query.internal.ExecutionContext,org.apache.geode.cache.query.internal.CompiledValue);org.apache.geode.cache.query.internal.PathUtils:evaluateAttribute(java.lang.Object,java.lang.String)"
CVE-2014-0107,xalan:xalan:2.7.1,"org.apache.xalan.transformer.TransformerImpl:setExtensionsTable(org.apache.xalan.templates.StylesheetRoot);org.apache.xalan.processor.XSLTElementProcessor:setPropertiesFromAttributes(org.apache.xalan.processor.StylesheetHandler,java.lang.String,org.xml.sax.Attributes,org.apache.xalan.templates.ElemTemplateElement,boolean);org.apache.xalan.processor.TransformerFactoryImpl:getAssociatedStylesheet(javax.xml.transform.Source,java.lang.String,java.lang.String,java.lang.String);org.apache.xpath.functions.FuncSystemProperty:execute(org.apache.xpath.XPathContext)"
CVE-2022-23913,org.apache.activemq:artemis-core-client:2.19.1,org.apache.activemq.artemis.utils.XidCodecSupport:decodeXid(org.apache.activemq.artemis.api.core.ActiveMQBuffer)
CVE-2014-8114,org.uberfire:uberfire-server:0.3.1.Final,"org.uberfire.server.FileUploadServlet:writeResponse(javax.servlet.http.HttpServletResponse,java.lang.String);org.uberfire.server.FileUploadServlet:getServletFileUpload();org.uberfire.server.FileUploadServlet:logError(java.lang.Throwable);org.uberfire.server.FileUploadServlet:doPost(javax.servlet.http.HttpServletRequest,javax.servlet.http.HttpServletResponse);org.uberfire.server.FileUploadServlet:writeFile(org.uberfire.java.nio.file.Path,org.apache.commons.fileupload.FileItem);org.uberfire.server.FileUploadServlet:getFileItem(javax.servlet.http.HttpServletRequest);org.uberfire.server.FileDownloadServlet:doGet(javax.servlet.http.HttpServletRequest,javax.servlet.http.HttpServletResponse)"
CVE-2008-1947,org.apache.tomcat:catalina:6.0.16,"org.apache.catalina.manager.host.HTMLHostManagerServlet:list(javax.servlet.http.HttpServletRequest,javax.servlet.http.HttpServletResponse,java.lang.String)"
CVE-2020-5413,org.springframework.integration:spring-integration-core:4.3.6.RELEASE,org.springframework.integration.codec.kryo.KryoClassListRegistrar:setInitialValue(int);org.springframework.integration.codec.kryo.AbstractKryoCodec:<init>()
CVE-2015-3192,org.springframework:spring-web:4.1.6.RELEASE,"org.springframework.http.converter.xml.SourceHttpMessageConverter:readStAXSource(java.io.InputStream);org.springframework.http.converter.xml.Jaxb2CollectionHttpMessageConverter:createXmlInputFactory();org.springframework.http.converter.xml.Jaxb2RootElementHttpMessageConverter:readFromSource(java.lang.Class,org.springframework.http.HttpHeaders,javax.xml.transform.Source);org.springframework.http.converter.xml.SourceHttpMessageConverter:setProcessExternalEntities(boolean);org.springframework.http.converter.xml.SourceHttpMessageConverter:readDOMSource(java.io.InputStream);org.springframework.http.converter.xml.Jaxb2RootElementHttpMessageConverter:processSource(javax.xml.transform.Source);org.springframework.http.converter.xml.SourceHttpMessageConverter:readSAXSource(java.io.InputStream);org.springframework.http.converter.json.Jackson2ObjectMapperBuilder:build();org.springframework.http.converter.xml.Jaxb2RootElementHttpMessageConverter:setProcessExternalEntities(boolean)"
CVE-2014-0228,org.apache.hive:hive-exec:0.10.0,"org.apache.hadoop.hive.ql.parse.ImportSemanticAnalyzer:analyzeInternal(org.apache.hadoop.hive.ql.parse.ASTNode);org.apache.hadoop.hive.ql.parse.ExportSemanticAnalyzer:analyzeInternal(org.apache.hadoop.hive.ql.parse.ASTNode);org.apache.hadoop.hive.ql.parse.ImportSemanticAnalyzer:checkTable(org.apache.hadoop.hive.ql.metadata.Table,org.apache.hadoop.hive.ql.plan.CreateTableDesc)"
CVE-2021-36090,org.apache.commons:commons-compress:1.18,"org.apache.commons.compress.archivers.arj.ArjArchiveInputStream:readHeader();org.apache.commons.compress.archivers.arj.ArjArchiveInputStream:readFully(java.io.DataInputStream,byte[]);org.apache.commons.compress.archivers.zip.ZipFile:resolveLocalFileHeaderData(java.util.Map);org.apache.commons.compress.archivers.ar.ArArchiveInputStream:getNextArEntry();org.apache.commons.compress.archivers.dump.DumpArchiveInputStream:readDirectoryEntry(org.apache.commons.compress.archivers.dump.DumpArchiveEntry);org.apache.commons.compress.archivers.zip.X0017_StrongEncryptionHeader:parseFileFormat(byte[],int,int);org.apache.commons.compress.archivers.dump.TapeInputStream:readBlock(boolean);org.apache.commons.compress.archivers.ar.ArArchiveInputStream:getBSDLongName(java.lang.String);org.apache.commons.compress.archivers.zip.ZipFile:readCentralDirectoryEntry(java.util.Map);org.apache.commons.compress.archivers.examples.Expander:expand(org.apache.commons.compress.archivers.sevenz.SevenZFile,java.io.File);org.apache.commons.compress.archivers.zip.ZipArchiveInputStream:readFirstLocalFileHeader(byte[]);org.apache.commons.compress.archivers.cpio.CpioArchiveInputStream:readBinaryLong(int,boolean);org.apache.commons.compress.archivers.zip.BinaryTree:decode(java.io.InputStream,int);org.apache.commons.compress.archivers.sevenz.SevenZFile:readEncodedHeader(java.nio.ByteBuffer,org.apache.commons.compress.archivers.sevenz.Archive,byte[]);org.apache.commons.compress.archivers.arj.ArjArchiveInputStream:readMainHeader();org.apache.commons.compress.archivers.sevenz.SevenZFile:readArchiveProperties(java.nio.ByteBuffer);org.apache.commons.compress.archivers.cpio.CpioArchiveInputStream:readAsciiLong(int,int);org.apache.commons.compress.archivers.arj.ArjArchiveInputStream:readLocalFileHeader();org.apache.commons.compress.archivers.zip.ZipArchiveInputStream:getNextZipEntry();org.apache.commons.compress.archivers.ar.ArArchiveInputStream:readGNUStringTable(byte[],int,int);org.apache.commons.compress.archivers.cpio.CpioArchiveInputStream:readCString(int)"
CVE-2019-10095,org.apache.zeppelin:zeppelin-zengine:0.9.0,org.apache.zeppelin.interpreter.InterpreterSetting:sortPropertiesByTemplate(java.lang.Object)
CVE-2014-3652,org.keycloak:keycloak-services:1.0.1.Final,org.keycloak.services.resources.AccountService:processTotpRemove()
CVE-2019-12400,org.apache.santuario:xmlsec:2.1.2,"org.apache.xml.security.utils.XMLUtils:getSetRec(org.w3c.dom.Node,java.util.Set,org.w3c.dom.Node,boolean);org.apache.xml.security.utils.XMLUtils:createDocumentBuilder(boolean,boolean);org.apache.xml.security.utils.XMLUtils$DocumentBuilderProxy:parse(java.io.File);org.apache.xml.security.utils.XMLUtils$DocumentBuilderProxy:getDOMImplementation();org.apache.xml.security.utils.XMLUtils$DocumentBuilderProxy:setErrorHandler(org.xml.sax.ErrorHandler);org.apache.xml.security.utils.XMLUtils$DocumentBuilderProxy:newDocument();org.apache.xml.security.utils.XMLUtils$DocumentBuilderProxy:disAllowDocTypeDeclarations();org.apache.xml.security.utils.XMLUtils$DocumentBuilderProxy:reset();org.apache.xml.security.utils.XMLUtils$DocumentBuilderProxy:setEntityResolver(org.xml.sax.EntityResolver);org.apache.xml.security.utils.XMLUtils$DocumentBuilderProxy:parse(java.io.InputStream,java.lang.String);org.apache.xml.security.utils.XMLUtils$DocumentBuilderProxy:isNamespaceAware();org.apache.xml.security.utils.XMLUtils$DocumentBuilderProxy:newDocument();org.apache.xml.security.utils.XMLUtils$DocumentBuilderProxy:<init>(javax.xml.parsers.DocumentBuilder,boolean);org.apache.xml.security.utils.XMLUtils$DocumentBuilderPool:createObject();org.apache.xml.security.utils.XMLUtils$DocumentBuilderProxy:parse(java.lang.String);org.apache.xml.security.utils.XMLUtils$DocumentBuilderProxy:isXIncludeAware();org.apache.xml.security.utils.XMLUtils:createDocumentBuilder(boolean);org.apache.xml.security.utils.XMLUtils$DocumentBuilderProxy:getSchema();org.apache.xml.security.utils.XMLUtils$DocumentBuilderProxy:isValidating();org.apache.xml.security.utils.XMLUtils$DocumentBuilderProxy:parse(org.xml.sax.InputSource);org.apache.xml.security.utils.XMLUtils$DocumentBuilderProxy:parse(java.io.InputStream)"
CVE-2021-26118,org.apache.activemq:artemis-openwire-protocol:1.2.0,org.apache.activemq.artemis.core.protocol.openwire.amq.AMQSession:initialize();org.apache.activemq.artemis.core.protocol.openwire.OpenWireConnection:getAdvisorySession();org.apache.activemq.artemis.core.protocol.openwire.OpenWireConnection:setAdvisorySession(org.apache.activemq.artemis.core.protocol.openwire.amq.AMQSession)
CVE-2021-21346,com.thoughtworks.xstream:xstream:1.4.11.1,"com.thoughtworks.xstream.XStream:setupMappers();com.thoughtworks.xstream.XStream:unmarshal(com.thoughtworks.xstream.io.HierarchicalStreamReader,java.lang.Object,com.thoughtworks.xstream.converters.DataHolder);com.thoughtworks.xstream.XStream:setupSecurity()"
CVE-2020-1957,org.apache.shiro:shiro-core:1.5.1,"org.apache.shiro.authc.pam.FirstSuccessfulStrategy:beforeAttempt(org.apache.shiro.realm.Realm,org.apache.shiro.authc.AuthenticationToken,org.apache.shiro.authc.AuthenticationInfo)"
CVE-2011-4343,org.apache.myfaces.core:myfaces-api:2.0.2,javax.faces.application.NavigationCase:getBookmarkableURL(javax.faces.context.FacesContext);javax.faces.application.NavigationCase:getRedirectURL(javax.faces.context.FacesContext)
CVE-2017-12158,org.keycloak:keycloak-services:1.8.1.Final,org.keycloak.services.resources.admin.AdminConsole:getMainPage()
CVE-2016-3720,com.fasterxml.jackson.dataformat:jackson-dataformat-xml:2.4.4,"com.fasterxml.jackson.dataformat.xml.XmlFactory:<init>(com.fasterxml.jackson.core.ObjectCodec,int,int,javax.xml.stream.XMLInputFactory,javax.xml.stream.XMLOutputFactory,java.lang.String)"
CVE-2020-1744,org.keycloak:keycloak-services:7.0.0,org.keycloak.authentication.AuthenticationProcessor:logFailure()
CVE-2018-18928,com.ibm.icu:icu4j:62.1,com.ibm.icu.impl.number.DecimalQuantity_DualStorageBCD:bcdToBigDecimal();com.ibm.icu.impl.number.DecimalQuantity_AbstractBCD:toScientificString(java.lang.StringBuilder)
CVE-2016-6816,org.apache.tomcat:tomcat-coyote:8.0.32,"org.apache.coyote.http11.AbstractNioInputBuffer:parseHeaders();org.apache.coyote.http11.InternalAprInputBuffer:parseHeaders();org.apache.coyote.http11.InternalInputBuffer:parseHeaders();org.apache.coyote.http11.InternalNioInputBuffer$SocketInputBuffer:doRead(org.apache.tomcat.util.buf.ByteChunk,org.apache.coyote.Request);org.apache.coyote.http11.InternalInputBuffer:parseRequestLine(boolean);org.apache.coyote.http11.AbstractNioInputBuffer:parseRequestLine(boolean);org.apache.coyote.http11.InternalInputBuffer$InputStreamInputBuffer:doRead(org.apache.tomcat.util.buf.ByteChunk,org.apache.coyote.Request);org.apache.coyote.http11.InternalInputBuffer:fill(boolean);org.apache.coyote.http11.InternalAprInputBuffer:doRead(org.apache.tomcat.util.buf.ByteChunk,org.apache.coyote.Request);org.apache.tomcat.util.http.parser.HttpParser:isHex(int);org.apache.coyote.http11.InternalAprInputBuffer$SocketInputBuffer:doRead(org.apache.tomcat.util.buf.ByteChunk,org.apache.coyote.Request);org.apache.coyote.http11.InternalAprInputBuffer:parseRequestLine(boolean)"
CVE-2018-1260,org.springframework.security.oauth:spring-security-oauth2:2.2.0.RELEASE,"org.springframework.security.oauth2.provider.endpoint.SpelView:render(java.util.Map,javax.servlet.http.HttpServletRequest,javax.servlet.http.HttpServletResponse);org.springframework.security.oauth2.provider.endpoint.WhitelabelApprovalEndpoint:createScopes(java.util.Map,javax.servlet.http.HttpServletRequest);org.springframework.security.oauth2.provider.endpoint.WhitelabelApprovalEndpoint:getAccessConfirmation(java.util.Map,javax.servlet.http.HttpServletRequest);org.springframework.security.oauth2.provider.endpoint.WhitelabelErrorEndpoint:handleError(javax.servlet.http.HttpServletRequest);org.springframework.security.oauth2.provider.endpoint.WhitelabelApprovalEndpoint:createTemplate(java.util.Map,javax.servlet.http.HttpServletRequest);org.springframework.security.oauth2.client.DefaultOAuth2RequestAuthenticator:authenticate(org.springframework.security.oauth2.client.resource.OAuth2ProtectedResourceDetails,org.springframework.security.oauth2.client.OAuth2ClientContext,org.springframework.http.client.ClientHttpRequest);org.springframework.security.oauth2.provider.endpoint.SpelView:<init>(java.lang.String);org.springframework.security.oauth2.provider.endpoint.SpelView:getContentType()"
CVE-2021-30179,org.apache.dubbo:dubbo:2.7.3,"org.apache.dubbo.rpc.filter.GenericFilter:invoke(org.apache.dubbo.rpc.Invoker,org.apache.dubbo.rpc.Invocation)"
CVE-2018-11764,org.apache.hadoop:hadoop-common:3.0.0,"org.apache.hadoop.security.AuthenticationWithProxyUserFilter:getDoAs(javax.servlet.http.HttpServletRequest);org.apache.hadoop.security.AuthenticationWithProxyUserFilter:doFilter(javax.servlet.FilterChain,javax.servlet.http.HttpServletRequest,javax.servlet.http.HttpServletResponse);org.apache.hadoop.security.AuthenticationFilterInitializer:initFilter(org.apache.hadoop.http.FilterContainer,org.apache.hadoop.conf.Configuration)"
CVE-2017-7957,com.thoughtworks.xstream:xstream:1.3.1,"com.thoughtworks.xstream.XStream:setupConverters();com.thoughtworks.xstream.XStream:unmarshal(com.thoughtworks.xstream.io.HierarchicalStreamReader,java.lang.Object,com.thoughtworks.xstream.converters.DataHolder)"
CVE-2016-8751,org.apache.ranger:ranger-plugins-common:0.6.2,org.apache.ranger.plugin.resourcematcher.RangerPathResourceMatcher:getMatcher(java.lang.String);org.apache.ranger.plugin.resourcematcher.RangerAbstractResourceMatcher:getMatcher(java.lang.String)
CVE-2017-3156,org.apache.cxf:cxf-rt-rs-security-oauth2:3.1.4,"org.apache.cxf.rs.security.oauth2.tokens.hawk.AbstractHawkAccessTokenValidator:validateAccessToken(org.apache.cxf.jaxrs.ext.MessageContext,java.lang.String,java.lang.String,javax.ws.rs.core.MultivaluedMap)"
CVE-2019-13235,org.opencms:opencms-core:8.5.0,org.opencms.ade.galleries.CmsGalleryService:prepareSearchParams(org.opencms.ade.galleries.shared.CmsGallerySearchBean)
CVE-2016-6806,org.apache.wicket:wicket-core:7.0.0,"org.apache.wicket.protocol.http.CsrfPreventionRequestCycleListener:onRequestHandlerResolved(org.apache.wicket.request.cycle.RequestCycle,org.apache.wicket.request.IRequestHandler);org.apache.wicket.protocol.http.CsrfPreventionRequestCycleListener:isWhitelistedOrigin(java.lang.String);org.apache.wicket.protocol.http.CsrfPreventionRequestCycleListener:abortHandler(javax.servlet.http.HttpServletRequest,java.lang.String,org.apache.wicket.request.component.IRequestablePage);org.apache.wicket.protocol.http.CsrfPreventionRequestCycleListener:checkOrigin(javax.servlet.http.HttpServletRequest,java.lang.String,org.apache.wicket.request.component.IRequestablePage);org.apache.wicket.protocol.http.CsrfPreventionRequestCycleListener:suppressHandler(javax.servlet.http.HttpServletRequest,java.lang.String,org.apache.wicket.request.component.IRequestablePage);org.apache.wicket.protocol.http.CsrfPreventionRequestCycleListener:allowHandler(javax.servlet.http.HttpServletRequest,java.lang.String,org.apache.wicket.request.component.IRequestablePage);org.apache.wicket.protocol.http.CsrfPreventionRequestCycleListener:getOriginHeaderOrigin(java.lang.String);org.apache.wicket.protocol.http.CsrfPreventionRequestCycleListener:whitelistedHandler(javax.servlet.http.HttpServletRequest,java.lang.String,org.apache.wicket.request.component.IRequestablePage);org.apache.wicket.protocol.http.CsrfPreventionRequestCycleListener:onBeginRequest(org.apache.wicket.request.cycle.RequestCycle);org.apache.wicket.protocol.http.CsrfPreventionRequestCycleListener:getLocationHeaderOrigin(javax.servlet.http.HttpServletRequest);org.apache.wicket.protocol.http.CsrfPreventionRequestCycleListener:matchingOrigin(javax.servlet.http.HttpServletRequest,java.lang.String,org.apache.wicket.request.component.IRequestablePage);org.apache.wicket.protocol.http.CsrfPreventionRequestCycleListener:isLocalOrigin(javax.servlet.http.HttpServletRequest,java.lang.String)"
CVE-2018-1000134,com.unboundid:unboundid-ldapsdk:3.2.0,"com.unboundid.ldap.sdk.SimpleBindRequest:process(com.unboundid.ldap.sdk.LDAPConnection,int)"
CVE-2018-10237,com.google.guava:guava:18.0,com.google.common.util.concurrent.AtomicDoubleArray:readObject(java.io.ObjectInputStream);com.google.common.util.concurrent.AtomicDoubleArray:readObject(java.io.ObjectInputStream)
CVE-2017-12620,org.apache.opennlp:opennlp-tools:1.8.1,opennlp.tools.formats.frenchtreebank.ConstitParseSampleStream:<init>(opennlp.tools.util.ObjectStream);opennlp.tools.formats.letsmt.LetsmtDocument:parse(java.io.InputStream);opennlp.tools.util.featuregen.GeneratorFactory:createDOM(java.io.InputStream);opennlp.tools.formats.irishsentencebank.IrishSentenceBankDocument:parse(java.io.InputStream)
CVE-2019-17571,org.apache.logging.log4j:log4j-core:2.7,"org.apache.logging.log4j.core.net.server.TcpSocketServer:createSerializedSocketServer(int,int,java.net.InetAddress);org.apache.logging.log4j.core.net.server.TcpSocketServer:main(java.lang.String[]);org.apache.logging.log4j.core.net.server.UdpSocketServer:main(java.lang.String[]);org.apache.logging.log4j.core.net.server.ObjectInputStreamLogEventBridge:wrapStream(java.io.InputStream);org.apache.logging.log4j.core.net.server.ObjectInputStreamLogEventBridge:logEvents(java.io.ObjectInputStream,org.apache.logging.log4j.core.LogEventListener)"
CVE-2017-3523,mysql:mysql-connector-java:5.1.38,"com.mysql.jdbc.ResultSetImpl:getNativeConvertToString(int,com.mysql.jdbc.Field)"
CVE-2018-1332,org.apache.storm:storm-core:1.1.1,"org.apache.storm.security.auth.digest.DigestSaslTransportPlugin:getServerTransportFactory();org.apache.storm.security.auth.digest.DigestSaslTransportPlugin:getServerTransportFactory();org.apache.storm.security.auth.kerberos.KerberosSaslTransportPlugin:getServerTransportFactory();org.apache.storm.security.auth.AbstractSaslServerCallbackHandler:handle(javax.security.auth.callback.Callback[]);org.apache.storm.security.auth.plain.PlainSaslTransportPlugin:getServerTransportFactory();org.apache.storm.security.auth.AbstractSaslServerCallbackHandler:handleAuthorizeCallback(javax.security.sasl.AuthorizeCallback);org.apache.storm.security.auth.SaslTransportPlugin:getServer(org.apache.storm.thrift.TProcessor);org.apache.storm.security.auth.plain.PlainServerCallbackHandler:<init>();org.apache.storm.security.auth.kerberos.ServerCallbackHandler:<init>(javax.security.auth.login.Configuration,java.util.Map);org.apache.storm.security.auth.kerberos.ServerCallbackHandler:<init>(javax.security.auth.login.Configuration,java.util.Map)"
CVE-2017-5638,org.apache.struts:struts2-core:2.3.16.3,"org.apache.struts2.dispatcher.multipart.MultiPartRequestWrapper:buildErrorMessage(java.lang.Throwable,java.lang.Object[]);org.apache.struts2.dispatcher.multipart.JakartaMultiPartRequest:buildErrorMessage(java.lang.Throwable,java.lang.Object[]);org.apache.struts2.interceptor.FileUploadInterceptor:intercept(com.opensymphony.xwork2.ActionInvocation)"
CVE-2019-12406,org.apache.cxf:cxf-core:3.3.1,org.apache.cxf.attachment.LazyAttachmentCollection:loadAll();org.apache.cxf.attachment.AttachmentDeserializer:initializeAttachments();org.apache.cxf.attachment.LazyAttachmentCollection:<init>(org.apache.cxf.attachment.AttachmentDeserializer)
CVE-2021-39149,com.thoughtworks.xstream:xstream:1.4.11.1,"com.thoughtworks.xstream.XStream:setupSecurity();com.thoughtworks.xstream.XStream:setupDefaultSecurity(com.thoughtworks.xstream.XStream);com.thoughtworks.xstream.XStreamer:fromXML(com.thoughtworks.xstream.io.HierarchicalStreamDriver,java.io.Reader,com.thoughtworks.xstream.security.TypePermission[]);com.thoughtworks.xstream.XStream:addPermission(com.thoughtworks.xstream.security.TypePermission);com.thoughtworks.xstream.XStream:unmarshal(com.thoughtworks.xstream.io.HierarchicalStreamReader,java.lang.Object,com.thoughtworks.xstream.converters.DataHolder);com.thoughtworks.xstream.XStreamer:toXML(com.thoughtworks.xstream.XStream,java.lang.Object,java.io.Writer);com.thoughtworks.xstream.XStream:readResolve()"
CVE-2017-15691,org.apache.uima:uimaj-core:2.6.0,"org.apache.uima.pear.util.XMLUtil:createSAXParser();org.apache.uima.impl.UIMAFramework_impl:parseFactoryConfig();org.apache.uima.cas.impl.XmiCasDeserializer:deserialize(java.io.InputStream,org.apache.uima.cas.CAS,boolean,org.apache.uima.cas.impl.XmiSerializationSharedData,int);org.apache.uima.cas.impl.XCASDeserializer:deserialize(java.io.InputStream,org.apache.uima.cas.CAS,boolean);org.apache.uima.util.impl.XMLParser_impl:parse(org.apache.uima.util.XMLInputSource,java.lang.String,java.net.URL,org.apache.uima.util.XMLParser$ParsingOptions);org.apache.uima.util.XmlCasDeserializer:deserialize(java.io.InputStream,org.apache.uima.cas.CAS,boolean);org.apache.uima.cas.impl.XmiCasDeserializer:deserialize(java.io.InputStream,org.apache.uima.cas.CAS,boolean,org.apache.uima.cas.impl.XmiSerializationSharedData,int,org.apache.uima.cas.impl.AllowPreexistingFS)"
CVE-2019-0222,org.fusesource.mqtt-client:mqtt-client:1.12,org.fusesource.mqtt.codec.MessageSupport:readUTF(org.fusesource.hawtbuf.DataByteArrayInputStream)
CVE-2018-8008,org.apache.storm:storm-core:1.2.1,"org.apache.storm.utils.Utils:copyBytes(java.io.InputStream,java.io.OutputStream,int);org.apache.storm.utils.Utils:unTarUsingJava(java.io.File,java.io.File,boolean);org.apache.storm.utils.Utils:unJar(java.io.File,java.io.File);org.apache.storm.utils.Utils:extractDirFromJarImpl(java.lang.String,java.lang.String,java.io.File);org.apache.storm.utils.Utils:unpackEntries(org.apache.storm.shade.org.apache.commons.compress.archivers.tar.TarArchiveInputStream,org.apache.storm.shade.org.apache.commons.compress.archivers.tar.TarArchiveEntry,java.io.File);org.apache.storm.localizer.Localizer:downloadBlob(java.util.Map,java.lang.String,java.io.File,java.lang.String,boolean,boolean);org.apache.storm.utils.Utils:unZip(java.io.File,java.io.File);org.apache.storm.utils.Utils:unTar(java.io.File,java.io.File);org.apache.storm.utils.Utils:unpack(java.io.File,java.io.File)"
CVE-2021-23463,com.h2database:h2:1.4.200,org.h2.jdbc.JdbcSQLXML:setResult(java.lang.Class);org.h2.jdbc.JdbcSQLXML:getSource(java.lang.Class)
CVE-2017-5641,org.apache.flex.blazeds:flex-messaging-core:4.7.2,"flex.messaging.validators.ClassDeserializationValidator:addDisallowClassPattern(java.lang.String);flex.messaging.validators.ClassDeserializationValidator:addAllowClassPattern(java.lang.String);flex.messaging.validators.ClassDeserializationValidator:addDisallowClassPattern(java.lang.String);flex.messaging.validators.ClassDeserializationValidator:clearClassCache();flex.messaging.validators.ClassDeserializationValidator:addAllowClassPattern(java.lang.String);flex.messaging.validators.ClassDeserializationValidator:initialize(java.lang.String,flex.messaging.config.ConfigMap);flex.messaging.validators.ClassDeserializationValidator:validateAssignment(java.lang.Object,int,java.lang.Object);flex.messaging.config.ServerConfigurationParser:validators(org.w3c.dom.Node);flex.messaging.validators.ClassDeserializationValidator:validateAssignment(java.lang.Object,java.lang.String,java.lang.Object);flex.messaging.validators.ClassDeserializationValidator:removeAllowClassPattern(java.lang.String);flex.messaging.validators.ClassDeserializationValidator:validateCreation(java.lang.Class);flex.messaging.validators.ClassDeserializationValidator:removeDisallowClassPattern(java.lang.String)"
CVE-2018-8012,org.apache.zookeeper:zookeeper:3.4.6,"org.apache.zookeeper.server.quorum.Learner:connectToLeader(java.net.InetSocketAddress);org.apache.zookeeper.server.quorum.QuorumCnxManager:initiateConnection(java.net.Socket,java.lang.Long);org.apache.zookeeper.server.quorum.QuorumCnxManager:connectOne(long);org.apache.zookeeper.server.quorum.QuorumCnxManager:getQuorumPeer();org.apache.zookeeper.server.quorum.Leader$LearnerCnxAcceptor:run();org.apache.zookeeper.server.quorum.AuthFastLeaderElection:lookForLeader();org.apache.zookeeper.server.quorum.QuorumPeer:<init>();org.apache.zookeeper.server.ZooKeeperSaslServer:createSaslServer(org.apache.zookeeper.Login);org.apache.zookeeper.server.quorum.QuorumCnxManager:receiveConnection(java.net.Socket);org.apache.zookeeper.server.quorum.LearnerHandler:<init>(java.net.Socket,org.apache.zookeeper.server.quorum.Leader);org.apache.zookeeper.server.quorum.Observer:observeLeader();org.apache.zookeeper.server.quorum.QuorumPeer:createElectionAlgorithm(int);org.apache.zookeeper.server.quorum.QuorumCnxManager$Listener:run();org.apache.zookeeper.server.quorum.QuorumPeerConfig:parseProperties(java.util.Properties);org.apache.zookeeper.server.quorum.LearnerHandler:run();org.apache.zookeeper.client.ZooKeeperSaslClient$ClientCallbackHandler:handle(javax.security.auth.callback.Callback[]);org.apache.zookeeper.server.quorum.QuorumCnxManager$SendWorker:run();org.apache.zookeeper.server.quorum.QuorumCnxManager$Listener:halt();org.apache.zookeeper.client.ZooKeeperSaslClient$ClientCallbackHandler:<init>(java.lang.String);org.apache.zookeeper.server.quorum.QuorumCnxManager:testInitiateConnection(long);org.apache.zookeeper.client.ZooKeeperSaslClient:createSaslClient(java.lang.String,java.lang.String);org.apache.zookeeper.server.auth.SaslServerCallbackHandler:<init>(javax.security.auth.login.Configuration);org.apache.zookeeper.server.quorum.Follower:followLeader();org.apache.zookeeper.server.quorum.QuorumCnxManager:setSockOpts(java.net.Socket);org.apache.zookeeper.server.quorum.QuorumCnxManager:halt();org.apache.zookeeper.server.quorum.QuorumPeerMain:runFromConfig(org.apache.zookeeper.server.quorum.QuorumPeerConfig);org.apache.zookeeper.server.quorum.QuorumCnxManager$RecvWorker:run();org.apache.zookeeper.server.quorum.QuorumCnxManager:<init>(org.apache.zookeeper.server.quorum.QuorumPeer);org.apache.zookeeper.server.quorum.QuorumCnxManager:toSend(java.lang.Long,java.nio.ByteBuffer);org.apache.zookeeper.server.quorum.QuorumPeer$QuorumServer:<init>(long,java.net.InetSocketAddress);org.apache.zookeeper.server.quorum.QuorumPeer:getVotingView();org.apache.zookeeper.Login:login(java.lang.String);org.apache.zookeeper.server.quorum.Learner:findLeader()"
CVE-2015-3269,org.apache.flex.blazeds:flex-messaging-core:4.7.0,"flex.messaging.util.XMLUtil:stringToDocument(java.lang.String,boolean)"
CVE-2019-3797,org.springframework.data:spring-data-jpa:2.0.8.RELEASE,"org.springframework.data.jpa.repository.query.ParameterMetadataProvider:<init>(javax.persistence.criteria.CriteriaBuilder,org.springframework.data.repository.query.ParametersParameterAccessor,org.springframework.data.jpa.provider.PersistenceProvider);org.springframework.data.jpa.repository.query.PartTreeJpaQuery$QueryPreparer:createCreator(org.springframework.data.jpa.provider.PersistenceProvider,java.util.Optional);org.springframework.data.jpa.repository.query.JpaQueryLookupStrategy$CreateQueryLookupStrategy:<init>(javax.persistence.EntityManager,org.springframework.data.jpa.provider.QueryExtractor);org.springframework.data.jpa.repository.support.JpaRepositoryFactory:getQueryLookupStrategy(org.springframework.data.repository.query.QueryLookupStrategy$Key,org.springframework.data.repository.query.EvaluationContextProvider);org.springframework.data.jpa.repository.query.ParameterMetadataProvider:next(org.springframework.data.repository.query.parser.Part,java.lang.Class,org.springframework.data.repository.query.Parameter);org.springframework.data.jpa.repository.query.ParameterMetadataProvider:<init>(javax.persistence.criteria.CriteriaBuilder,java.util.Iterator,org.springframework.data.repository.query.Parameters,org.springframework.data.jpa.provider.PersistenceProvider);org.springframework.data.jpa.repository.query.QueryParameterSetterFactory$ExpressionBasedQueryParameterSetterFactory:evaluateExpression(org.springframework.expression.Expression,java.lang.Object[]);org.springframework.data.jpa.repository.support.JpaRepositoryFactoryBean:createRepositoryFactory(javax.persistence.EntityManager);org.springframework.data.jpa.repository.config.JpaRepositoryConfigExtension:postProcess(org.springframework.beans.factory.support.BeanDefinitionBuilder,org.springframework.data.repository.config.RepositoryConfigurationSource);org.springframework.data.jpa.repository.query.JpaQueryLookupStrategy$CreateQueryLookupStrategy:resolveQuery(org.springframework.data.jpa.repository.query.JpaQueryMethod,javax.persistence.EntityManager,org.springframework.data.repository.core.NamedQueries);org.springframework.data.jpa.repository.query.JpaQueryCreator:<init>(org.springframework.data.repository.query.parser.PartTree,org.springframework.data.repository.query.ReturnedType,javax.persistence.criteria.CriteriaBuilder,org.springframework.data.jpa.repository.query.ParameterMetadataProvider);org.springframework.data.jpa.repository.query.JpaQueryLookupStrategy:create(javax.persistence.EntityManager,org.springframework.data.repository.query.QueryLookupStrategy$Key,org.springframework.data.jpa.provider.QueryExtractor,org.springframework.data.repository.query.EvaluationContextProvider);org.springframework.data.jpa.repository.query.JpaQueryCreator$PredicateBuilder:build();org.springframework.data.jpa.repository.query.ParameterMetadataProvider:<init>(javax.persistence.criteria.CriteriaBuilder,org.springframework.data.repository.query.Parameters,org.springframework.data.jpa.provider.PersistenceProvider);org.springframework.data.jpa.repository.query.PartTreeJpaQuery$CountQueryPreparer:createCreator(org.springframework.data.jpa.provider.PersistenceProvider,java.util.Optional);org.springframework.data.jpa.repository.query.PartTreeJpaQuery:<init>(org.springframework.data.jpa.repository.query.JpaQueryMethod,javax.persistence.EntityManager,org.springframework.data.jpa.provider.PersistenceProvider)"
CVE-2021-38153,org.apache.kafka:kafka-clients:2.8.0,"org.apache.kafka.common.security.scram.internals.ScramSaslClient:handleServerFinalMessage(byte[]);org.apache.kafka.common.security.scram.internals.ScramSaslServer:verifyClientProof(org.apache.kafka.common.security.scram.internals.ScramMessages$ClientFinalMessage);org.apache.kafka.common.security.plain.internals.PlainServerCallbackHandler:authenticate(java.lang.String,char[]);org.apache.kafka.common.message.DescribeDelegationTokenResponseData$DescribedDelegationToken:equals(java.lang.Object)"
CVE-2016-3093,ognl:ognl:2.6.9,"ognl.OgnlRuntime:getSetMethod(ognl.OgnlContext,java.lang.Class,java.lang.String);ognl.OgnlRuntime:getGetMethod(ognl.OgnlContext,java.lang.Class,java.lang.String)"
CVE-2012-0391,org.apache.struts.xwork:xwork-core:2.2.3,"com.opensymphony.xwork2.validator.validators.RepopulateConversionErrorFieldValidatorSupport:repopulateField(java.lang.Object);com.opensymphony.xwork2.interceptor.ParametersInterceptor:asCollection(java.lang.String);com.opensymphony.xwork2.validator.validators.RepopulateConversionErrorFieldValidatorSupport:getRepopulateField();com.opensymphony.xwork2.validator.validators.RepopulateConversionErrorFieldValidatorSupport:setRepopulateField(java.lang.String);com.opensymphony.xwork2.validator.validators.RepopulateConversionErrorFieldValidatorSupport:doValidate(java.lang.Object);com.opensymphony.xwork2.validator.validators.RepopulateConversionErrorFieldValidatorSupport:validate(java.lang.Object);com.opensymphony.xwork2.interceptor.ParametersInterceptor:setAcceptParamNames(java.lang.String);com.opensymphony.xwork2.interceptor.ConversionErrorInterceptor:getOverrideExpr(com.opensymphony.xwork2.ActionInvocation,java.lang.Object);com.opensymphony.xwork2.interceptor.ParametersInterceptor:setExcludeParams(java.lang.String)"
CVE-2015-4852,org.apache.commons:commons-collections4:4.0,org.apache.commons.collections4.functors.InstantiateTransformer:instantiateTransformer();org.apache.commons.collections4.functors.CloneTransformer:readResolve();org.apache.commons.collections4.functors.CloneTransformer:cloneTransformer()
CVE-2020-13955,org.apache.calcite:calcite-core:1.18.0,org.apache.calcite.runtime.HttpUtils:getURLConnection(java.lang.String)
CVE-2019-14832,org.keycloak:keycloak-model-jpa:6.0.0,"org.keycloak.models.jpa.JpaUserProvider:getUserById(java.lang.String,org.keycloak.models.RealmModel)"
CVE-2016-9878,org.springframework:spring-webmvc:3.0.5.RELEASE,"org.springframework.web.servlet.ResourceServlet:doInclude(javax.servlet.http.HttpServletRequest,javax.servlet.http.HttpServletResponse,java.lang.String)"
CVE-2010-5327,com.liferay.portal:portal-impl:6.2.4,com.liferay.portal.deploy.hot.HotDeployImpl:fireUndeployEvent(com.liferay.portal.kernel.deploy.hot.HotDeployEvent);com.liferay.portal.velocity.VelocityManager:destroy();com.liferay.portal.velocity.VelocityManager:init();com.liferay.portal.freemarker.FreeMarkerManager:init();com.liferay.portal.freemarker.FreeMarkerManager:destroy();com.liferay.portal.bean.VelocityBeanHandler:getClassLoader()
CVE-2019-0233,org.apache.struts:struts2-core:2.5.20,"com.opensymphony.xwork2.ognl.OgnlValueStack:handleOgnlException(java.lang.String,boolean,ognl.OgnlException);com.opensymphony.xwork2.ognl.OgnlValueStack:handleOgnlException(java.lang.String,java.lang.Object,boolean,ognl.OgnlException)"
CVE-2014-0095,org.apache.tomcat:tomcat-coyote:8.0.0-RC5,"org.apache.coyote.ajp.AbstractAjpProcessor:finish();org.apache.coyote.ajp.AbstractAjpProcessor:prepareRequest();org.apache.coyote.ajp.AbstractAjpProcessor:available();org.apache.coyote.ajp.AbstractAjpProcessor:refillReadBuffer(boolean);org.apache.coyote.ajp.AbstractAjpProcessor$SocketInputBuffer:doRead(org.apache.tomcat.util.buf.ByteChunk,org.apache.coyote.Request);org.apache.coyote.ajp.AbstractAjpProcessor:recycle(boolean);org.apache.coyote.ajp.AbstractAjpProcessor:receive(boolean)"
CVE-2019-3774,org.springframework.batch:spring-batch-infrastructure:4.0.1.RELEASE,org.springframework.batch.item.xml.builder.StaxEventItemReaderBuilder:build();org.springframework.batch.item.xml.StaxEventItemReader:doOpen()
CVE-2011-2204,org.apache.tomcat:tomcat-catalina:7.0.8,"org.apache.catalina.mbeans.MemoryUserDatabaseMBean:removeGroup(java.lang.String);org.apache.catalina.mbeans.MemoryUserDatabaseMBean:createRole(java.lang.String,java.lang.String);org.apache.catalina.mbeans.MemoryUserDatabaseMBean:removeGroup(java.lang.String);org.apache.catalina.mbeans.MemoryUserDatabaseMBean:findRole(java.lang.String);org.apache.catalina.mbeans.MemoryUserDatabaseMBean:removeRole(java.lang.String);org.apache.catalina.mbeans.MemoryUserDatabaseMBean:createGroup(java.lang.String,java.lang.String);org.apache.catalina.mbeans.MemoryUserDatabaseMBean:removeUser(java.lang.String);org.apache.catalina.mbeans.MemoryUserDatabaseMBean:createUser(java.lang.String,java.lang.String,java.lang.String);org.apache.catalina.users.MemoryUserDatabase:save();org.apache.catalina.users.MemoryUser:toString();org.apache.catalina.mbeans.MemoryUserDatabaseMBean:removeUser(java.lang.String);org.apache.catalina.mbeans.MemoryUserDatabaseMBean:createRole(java.lang.String,java.lang.String);org.apache.catalina.mbeans.MemoryUserDatabaseMBean:createUser(java.lang.String,java.lang.String,java.lang.String);org.apache.catalina.mbeans.MemoryUserDatabaseMBean:findGroup(java.lang.String);org.apache.catalina.mbeans.MemoryUserDatabaseMBean:findUser(java.lang.String);org.apache.catalina.users.MemoryUserDatabase:save();org.apache.catalina.mbeans.MemoryUserDatabaseMBean:findUser(java.lang.String);org.apache.catalina.mbeans.MemoryUserDatabaseMBean:findRole(java.lang.String);org.apache.catalina.users.MemoryUser:toString();org.apache.catalina.mbeans.MemoryUserDatabaseMBean:createGroup(java.lang.String,java.lang.String);org.apache.catalina.mbeans.MemoryUserDatabaseMBean:findGroup(java.lang.String);org.apache.catalina.mbeans.MemoryUserDatabaseMBean:removeRole(java.lang.String)"
CVE-2021-39153,com.thoughtworks.xstream:xstream:1.4.11.1,"com.thoughtworks.xstream.XStream:setupSecurity();com.thoughtworks.xstream.XStream:addPermission(com.thoughtworks.xstream.security.TypePermission);com.thoughtworks.xstream.XStream:readResolve();com.thoughtworks.xstream.XStream:unmarshal(com.thoughtworks.xstream.io.HierarchicalStreamReader,java.lang.Object,com.thoughtworks.xstream.converters.DataHolder);com.thoughtworks.xstream.XStreamer:fromXML(com.thoughtworks.xstream.io.HierarchicalStreamDriver,java.io.Reader,com.thoughtworks.xstream.security.TypePermission[]);com.thoughtworks.xstream.XStream:setupDefaultSecurity(com.thoughtworks.xstream.XStream);com.thoughtworks.xstream.XStreamer:toXML(com.thoughtworks.xstream.XStream,java.lang.Object,java.io.Writer)"
CVE-2016-2175,org.apache.pdfbox:jempbox:1.8.8,org.apache.jempbox.impl.XMLUtil:parse(java.io.InputStream);org.apache.jempbox.impl.XMLUtil:parse(java.io.InputStream)
CVE-2020-35210,io.atomix:atomix-raft:3.1.5,io.atomix.protocols.raft.protocol.AppendRequest:equals(java.lang.Object);io.atomix.protocols.raft.protocol.OpenSessionRequest:equals(java.lang.Object);io.atomix.protocols.raft.protocol.PollRequest:equals(java.lang.Object);io.atomix.protocols.raft.storage.snapshot.Snapshot:equals(java.lang.Object);io.atomix.protocols.raft.cluster.impl.DefaultRaftMember:equals(java.lang.Object);io.atomix.protocols.raft.protocol.ConfigureRequest:equals(java.lang.Object)
CVE-2014-0109,org.apache.cxf:cxf-api:2.7.8,org.apache.cxf.interceptor.FIStaxInInterceptor:handleMessage(org.apache.cxf.message.Message)
CVE-2017-9803,org.apache.solr:solr-core:6.3.0,org.apache.solr.security.DelegationTokenKerberosFilter:init(javax.servlet.FilterConfig);org.apache.solr.security.DelegationTokenKerberosFilter$SolrZkToCuratorCredentialsACLs:createACLProvider(org.apache.solr.common.cloud.SolrZkClient);org.apache.solr.security.DelegationTokenKerberosFilter$SolrZkToCuratorCredentialsACLs:<init>(org.apache.solr.common.cloud.SolrZkClient);org.apache.solr.security.DelegationTokenKerberosFilter:getCuratorClient(org.apache.solr.common.cloud.SolrZkClient)
CVE-2021-22112,org.springframework.security:spring-security-web:5.4.2,"org.springframework.security.web.context.HttpSessionSecurityContextRepository:saveContext(org.springframework.security.core.context.SecurityContext,javax.servlet.http.HttpServletRequest,javax.servlet.http.HttpServletResponse);org.springframework.security.web.context.HttpSessionSecurityContextRepository$SaveToSessionResponseWrapper:contextChanged(org.springframework.security.core.context.SecurityContext);org.springframework.security.web.context.HttpSessionSecurityContextRepository$SaveToSessionResponseWrapper:saveContext(org.springframework.security.core.context.SecurityContext)"
CVE-2021-36151,org.apache.gobblin:gobblin-utility:0.15.0,org.apache.gobblin.util.DownloadUtils:getIvySettingsFile()
CVE-2017-3166,org.apache.hadoop:hadoop-mapreduce-client-core:2.3.0,"org.apache.hadoop.mapreduce.filecache.ClientDistributedCacheManager:checkPermissionOfOther(org.apache.hadoop.fs.FileSystem,org.apache.hadoop.fs.Path,org.apache.hadoop.fs.permission.FsAction,java.util.Map)"
CVE-2016-4461,org.apache.struts.xwork:xwork-core:2.3.16.3,"com.opensymphony.xwork2.DefaultActionInvocation:invokeAction(java.lang.Object,com.opensymphony.xwork2.config.entities.ActionConfig);com.opensymphony.xwork2.ognl.OgnlUtil:setValue(java.lang.String,java.util.Map,java.lang.Object,java.lang.Object)"
CVE-2017-5643,org.apache.camel:camel-core:2.18.0,org.apache.camel.processor.validation.SchemaReader:createSchemaFactory()
CVE-2016-1000345,org.bouncycastle:bcprov-jdk15on:1.54,"org.bouncycastle.jcajce.provider.asymmetric.dh.IESCipher:engineDoFinal(byte[],int,int);org.bouncycastle.crypto.engines.IESEngine:decryptBlock(byte[],int,int);org.bouncycastle.jcajce.provider.asymmetric.dh.IESCipher:engineDoFinal(byte[],int,int)"
CVE-2016-8746,org.apache.ranger:ranger-plugins-common:0.6.2,org.apache.ranger.plugin.resourcematcher.RangerPathResourceMatcher:getMatcher(java.lang.String)
CVE-2017-5644,org.apache.poi:poi-ooxml:3.14,"org.apache.poi.POIXMLTypeLoader:parse(java.io.InputStream,org.apache.xmlbeans.SchemaType,org.apache.xmlbeans.XmlOptions);org.apache.poi.POIXMLTypeLoader:parse(java.io.Reader,org.apache.xmlbeans.SchemaType,org.apache.xmlbeans.XmlOptions);org.apache.poi.POIXMLTypeLoader:parse(java.net.URL,org.apache.xmlbeans.SchemaType,org.apache.xmlbeans.XmlOptions);org.apache.poi.xwpf.usermodel.XWPFRun:addPicture(java.io.InputStream,int,java.lang.String,int,int);org.apache.poi.xwpf.usermodel.XWPFRun:getCTPictures(org.apache.xmlbeans.XmlObject);org.apache.poi.xssf.util.EvilUnclosedBRFixingInputStream:read(byte[],int,int);org.apache.poi.POIXMLTypeLoader:parse(java.io.File,org.apache.xmlbeans.SchemaType,org.apache.xmlbeans.XmlOptions);org.apache.poi.POIXMLTypeLoader:parse(java.lang.String,org.apache.xmlbeans.SchemaType,org.apache.xmlbeans.XmlOptions);org.apache.poi.util.DocumentHelper:trySetSAXFeature(javax.xml.parsers.DocumentBuilderFactory,java.lang.String,boolean);org.apache.poi.xssf.eventusermodel.ReadOnlySharedStringsTable:readFrom(java.io.InputStream);org.apache.poi.xssf.model.SharedStringsTable:writeTo(java.io.OutputStream);org.apache.poi.xssf.usermodel.XSSFVMLDrawing:read(java.io.InputStream);org.apache.poi.xssf.dev.XSSFDump:dump(java.util.zip.ZipFile);org.apache.poi.util.DocumentHelper:trySetXercesSecurityManager(javax.xml.parsers.DocumentBuilderFactory);org.apache.poi.util.DocumentHelper:newDocumentBuilder();org.apache.poi.xslf.usermodel.XSLFSlide:<init>(org.apache.poi.openxml4j.opc.PackagePart)"
CVE-2017-15700,org.apache.sling:org.apache.sling.auth.core:1.1.4,"org.apache.sling.auth.core.AuthUtil:isRedirectValid(javax.servlet.http.HttpServletRequest,java.lang.String)"
CVE-2016-0956,org.apache.sling:org.apache.sling.servlets.post:2.3.0,org.apache.sling.servlets.post.AbstractPostResponse:setError(java.lang.Throwable)
CVE-2021-26296,org.apache.myfaces.core:myfaces-impl:2.3.9,"org.apache.myfaces.push.cdi.WebsocketChannelTokenBuilderBean:init();org.apache.myfaces.push.cdi.WebsocketChannelTokenBuilderBean:createChannelToken(javax.faces.context.FacesContext,java.lang.String);org.apache.myfaces.push.cdi.WebsocketChannelTokenBuilderBean:<init>();org.apache.myfaces.push.cdi.WebsocketChannelTokenBuilderBean:internalInit(javax.faces.context.FacesContext)"
CVE-2016-6346,org.jboss.resteasy:resteasy-jaxrs:3.0.19.Final,org.jboss.resteasy.plugins.interceptors.encoding.GZIPDecodingInterceptor$FinishableGZIPInputStream:<init>(java.io.InputStream);org.jboss.resteasy.plugins.interceptors.encoding.GZIPDecodingInterceptor:aroundReadFrom(javax.ws.rs.ext.ReaderInterceptorContext)
CVE-2018-1294,org.apache.commons:commons-email:1.4,org.apache.commons.mail.Email:setSubject(java.lang.String)
CVE-2017-8028,org.springframework.ldap:spring-ldap-core:1.3.1.RELEASE,"org.springframework.ldap.core.support.DefaultTlsDirContextAuthenticationStrategy:applyAuthentication(javax.naming.ldap.LdapContext,java.lang.String,java.lang.String)"
CVE-2016-9879,org.springframework.security:spring-security-web:4.0.4.RELEASE,org.springframework.security.web.firewall.DefaultHttpFirewall:isNormalized(java.lang.String);org.springframework.security.web.firewall.DefaultHttpFirewall:getFirewalledRequest(javax.servlet.http.HttpServletRequest)
CVE-2016-6802,org.apache.shiro:shiro-web:1.2.3,org.apache.shiro.web.util.WebUtils:getContextPath(javax.servlet.http.HttpServletRequest)
CVE-2018-1047,org.wildfly:wildfly-undertow:10.0.0.Final,org.wildfly.extension.undertow.deployment.ServletResourceManager:getResource(java.lang.String)
CVE-2017-12622,org.apache.geode:geode-core:1.2.1,"org.apache.geode.management.internal.ManagementAgent:setHttpServiceRunning(boolean);org.apache.geode.management.internal.ManagementAgent:registerAccessControlMBean();org.apache.geode.management.internal.ManagementAgent:configureAndStart();org.apache.geode.management.internal.ManagementAgent$GemFireRMIClientSocketFactory:createSocket(java.lang.String,int);org.apache.geode.management.internal.ManagementAgent:isHttpServiceRunning();org.apache.geode.management.internal.ManagementAgent$GemFireRMIClientSocketFactory:<init>(org.apache.geode.internal.net.SocketCreator)"
CVE-2021-22113,org.springframework.cloud:spring-cloud-netflix-zuul:2.1.0.RELEASE,org.springframework.cloud.netflix.zuul.filters.pre.PreDecorationFilter:run();org.springframework.cloud.netflix.zuul.filters.SimpleRouteLocator:adjustPath(java.lang.String)
CVE-2014-0113,org.apache.struts:struts2-core:2.3.16.3,org.apache.struts2.interceptor.CookieInterceptor:intercept(com.opensymphony.xwork2.ActionInvocation)
CVE-2020-1745,io.undertow:undertow-core:2.2.14.Final,"io.undertow.server.protocol.ajp.AjpRequestParser:<init>(java.lang.String,boolean,int,int,boolean,boolean);io.undertow.server.protocol.ajp.AjpRequestParser:parse(java.nio.ByteBuffer,io.undertow.server.protocol.ajp.AjpRequestParseState,io.undertow.server.HttpServerExchange);io.undertow.server.protocol.ajp.AjpOpenListener:<init>(io.undertow.connector.ByteBufferPool,org.xnio.OptionMap)"
CVE-2020-11995,org.apache.dubbo:dubbo:2.7.3,org.apache.dubbo.common.serialize.hessian2.Hessian2SerializerFactory:<init>()
CVE-2020-1695,org.jboss.resteasy:resteasy-jaxrs:3.0.19.Final,org.jboss.resteasy.plugins.delegates.MediaTypeHeaderDelegate:isValid(java.lang.String)
CVE-2014-0193,io.netty:netty-codec-http:4.0.15.Final,"io.netty.handler.codec.http.websocketx.WebSocket08FrameDecoder:protocolViolation(io.netty.channel.ChannelHandlerContext,java.lang.String);io.netty.handler.codec.http.websocketx.UTF8Exception:<init>(java.lang.String);io.netty.handler.codec.http.websocketx.WebSocket08FrameDecoder:checkUTF8String(io.netty.channel.ChannelHandlerContext,io.netty.buffer.ByteBuf);io.netty.handler.codec.http.websocketx.ContinuationWebSocketFrame:<init>();io.netty.handler.codec.http.websocketx.ContinuationWebSocketFrame:duplicate();io.netty.handler.codec.http.websocketx.WebSocket08FrameDecoder:decode(io.netty.channel.ChannelHandlerContext,io.netty.buffer.ByteBuf,java.util.List);io.netty.handler.codec.http.websocketx.WebSocket08FrameDecoder:checkCloseFrameBody(io.netty.channel.ChannelHandlerContext,io.netty.buffer.ByteBuf);io.netty.handler.codec.http.websocketx.ContinuationWebSocketFrame:copy();io.netty.handler.codec.http.websocketx.ContinuationWebSocketFrame:<init>(boolean,int,io.netty.buffer.ByteBuf,java.lang.String);io.netty.handler.codec.http.websocketx.UTF8Exception:<init>(java.lang.String);io.netty.handler.codec.http.websocketx.ContinuationWebSocketFrame:<init>(boolean,int,java.lang.String);io.netty.handler.codec.http.websocketx.ContinuationWebSocketFrame:aggregatedText()"
CVE-2022-23181,org.apache.tomcat:tomcat-catalina:10.1.0-M16,org.apache.catalina.session.FileStore:file(java.lang.String)
CVE-2019-10174,org.infinispan:infinispan-commons:10.0.0.Final,"org.infinispan.commons.util.ReflectionUtil:invokeAccessibly(java.lang.Object,java.lang.reflect.Method,java.lang.Object[]);org.infinispan.commons.util.ReflectionUtil:setAccessibly(java.lang.Object,java.lang.reflect.Field,java.lang.Object)"
CVE-2020-13444,com.liferay:com.liferay.dynamic.data.mapping.service:2.0.0,"com.liferay.dynamic.data.mapping.render.impl.DDMFormFieldFreeMarkerRenderer:processFTL(javax.servlet.http.HttpServletRequest,javax.servlet.http.HttpServletResponse,java.lang.String,java.lang.String,java.lang.String,boolean,java.util.Map);com.liferay.dynamic.data.mapping.service.impl.DDMDataProviderInstanceServiceImpl:search(long,long[],java.lang.String,int,int,com.liferay.portal.kernel.util.OrderByComparator)"
CVE-2016-8738,org.apache.struts:struts2-core:2.5.5,com.opensymphony.xwork2.validator.validators.URLValidator:validate(java.lang.Object)
CVE-2018-1000531,com.inversoft:prime-jwt:1.0.0,"org.primeframework.jwt.JWTDecoder:decode(java.lang.String,org.primeframework.jwt.domain.Header,java.lang.String[],org.primeframework.jwt.Verifier)"
CVE-2021-28168,org.glassfish.jersey.core:jersey-common:2.31,org.glassfish.jersey.message.internal.Utils:createTempFile()
CVE-2017-11467,com.orientechnologies:orientdb-core:2.2.17,"com.orientechnologies.orient.core.sql.OCommandExecutorSQLSelect:searchForIndexes(com.orientechnologies.orient.core.metadata.schema.OClass);com.orientechnologies.orient.core.sql.OCommandExecutorSQLSelect:addResult(com.orientechnologies.orient.core.db.record.OIdentifiable,com.orientechnologies.orient.core.command.OCommandContext)"
CVE-2020-26234,org.opencastproject:opencast-kernel:6.6,org.opencastproject.kernel.http.impl.HttpClientImpl:createTrustManager();org.opencastproject.kernel.http.impl.HttpClientImpl:makeHttpClient();org.opencastproject.kernel.http.impl.HttpClientImpl:createHostNameVerifier()
CVE-2018-1002201,org.zeroturnaround:zt-zip:1.12,"org.zeroturnaround.zip.ZipUtil$Unwraper:process(java.io.InputStream,java.util.zip.ZipEntry);org.zeroturnaround.zip.ZipUtil$BackslashUnpacker:process(java.io.InputStream,java.util.zip.ZipEntry);org.zeroturnaround.zip.ZipUtil$Unpacker:process(java.io.InputStream,java.util.zip.ZipEntry)"
CVE-2021-41767,org.apache.guacamole:guacamole-common:1.3.0,"org.apache.guacamole.servlet.GuacamoleHTTPTunnelServlet:handleTunnelRequest(javax.servlet.http.HttpServletRequest,javax.servlet.http.HttpServletResponse);org.apache.guacamole.servlet.GuacamoleHTTPTunnelServlet:getTunnel(java.lang.String);org.apache.guacamole.servlet.GuacamoleHTTPTunnelMap:remove(java.lang.String);org.apache.guacamole.servlet.GuacamoleHTTPTunnelMap:get(java.lang.String);org.apache.guacamole.servlet.GuacamoleHTTPTunnelServlet:doWrite(javax.servlet.http.HttpServletRequest,javax.servlet.http.HttpServletResponse,java.lang.String);org.apache.guacamole.servlet.GuacamoleHTTPTunnelMap:put(java.lang.String,org.apache.guacamole.net.GuacamoleTunnel);org.apache.guacamole.servlet.GuacamoleHTTPTunnelServlet:deregisterTunnel(org.apache.guacamole.net.GuacamoleTunnel);org.apache.guacamole.servlet.GuacamoleHTTPTunnelServlet:doRead(javax.servlet.http.HttpServletRequest,javax.servlet.http.HttpServletResponse,java.lang.String);org.apache.guacamole.servlet.GuacamoleHTTPTunnelServlet:registerTunnel(org.apache.guacamole.net.GuacamoleTunnel)"
CVE-2018-17187,org.apache.qpid:proton-j:0.16.0,"org.apache.qpid.proton.engine.impl.ssl.SslImpl:<init>(org.apache.qpid.proton.engine.SslDomain,org.apache.qpid.proton.engine.SslPeerDetails);org.apache.qpid.proton.engine.impl.ssl.SslEngineFacadeFactory:createAndInitialiseSslEngine(org.apache.qpid.proton.engine.SslDomain,org.apache.qpid.proton.engine.SslPeerDetails);org.apache.qpid.proton.engine.impl.ssl.SslDomainImpl:getPeerAuthentication();org.apache.qpid.proton.engine.impl.ssl.SslDomainImpl:setPeerAuthentication(org.apache.qpid.proton.engine.SslDomain$VerifyMode);org.apache.qpid.proton.engine.impl.ssl.SimpleSslTransportWrapper:process()"
CVE-2016-4437,org.apache.shiro:shiro-core:1.2.3,org.apache.shiro.mgt.AbstractRememberMeManager:<init>()
CVE-2018-17297,cn.hutool:hutool-core:5.8.0.M4,"cn.hutool.core.collection.IterUtil:toMap(java.lang.Iterable,java.lang.Iterable);cn.hutool.core.util.ZipUtil:unzip(java.io.File,java.io.File,java.nio.charset.Charset);cn.hutool.core.util.ZipUtil:zlib(java.io.File,int);cn.hutool.core.io.FileUtil:getParent(java.io.File,int);cn.hutool.core.io.FileUtil:file(java.lang.String,java.lang.String);cn.hutool.core.io.FileUtil:file(java.io.File,java.lang.String);cn.hutool.core.util.ZipUtil:unzipFileBytes(java.io.File,java.nio.charset.Charset,java.lang.String);cn.hutool.core.collection.IterUtil:toMap(java.util.Iterator,java.util.Iterator);cn.hutool.core.io.FileUtil:getParent(java.lang.String,int);cn.hutool.core.io.FileUtil:checkSlip(java.io.File,java.io.File)"
CVE-2020-11971,org.apache.camel:camel-main:3.1.0,"org.apache.camel.main.DefaultConfigurationProperties:withJmxCreateConnector(boolean);org.apache.camel.main.DefaultConfigurationProperties:isJmxCreateConnector();org.apache.camel.main.DefaultConfigurationConfigurer:configure(org.apache.camel.CamelContext,org.apache.camel.main.DefaultConfigurationProperties);org.apache.camel.main.DefaultConfigurationProperties:setJmxCreateConnector(boolean)"
CVE-2018-1002200,org.codehaus.plexus:plexus-archiver:3.5,"org.codehaus.plexus.archiver.AbstractUnArchiver:extractFile(java.io.File,java.io.File,java.io.InputStream,java.lang.String,java.util.Date,boolean,java.lang.Integer,java.lang.String)"
CVE-2011-2894,org.springframework:spring-core:3.0.5.RELEASE,"org.springframework.core.ConfigurableObjectInputStream:<init>(java.io.InputStream,java.lang.ClassLoader);org.springframework.core.ConfigurableObjectInputStream:resolveProxyClass(java.lang.String[])"
CVE-2019-0187,org.apache.jmeter:ApacheJMeter_core:4.0,org.apache.jmeter.rmi.RmiUtils:createServerSocketFactory()
CVE-2020-11969,org.apache.tomee:openejb-core:8.0.1,org.apache.openejb.resource.activemq.ActiveMQ5Factory:createBroker(java.net.URI)
CVE-2020-5408,org.springframework.security:spring-security-core:4.2.3.RELEASE,"org.springframework.security.crypto.bcrypt.BCryptPasswordEncoder:matches(java.lang.CharSequence,java.lang.String);org.springframework.security.crypto.bcrypt.BCryptPasswordEncoder:encode(java.lang.CharSequence)"
CVE-2016-4993,io.undertow:undertow-core:1.3.15.Final,"io.undertow.util.HttpString:<init>(java.lang.String,int);io.undertow.util.HttpString:<init>(byte[],java.lang.String);io.undertow.server.protocol.ajp.AjpServerResponseConduit:putString(java.nio.ByteBuffer,java.lang.String);io.undertow.server.protocol.http.HttpResponseConduit:writeString(java.nio.ByteBuffer,java.lang.String);io.undertow.protocols.http2.HpackEncoder:encode(io.undertow.util.HeaderMap,java.nio.ByteBuffer)"
CVE-2020-28052,org.bouncycastle:bcprov-jdk15on:1.66,"org.bouncycastle.crypto.generators.OpenBSDBCrypt:doCheckPassword(java.lang.String,byte[])"
CVE-2017-7675,org.apache.tomcat:tomcat-coyote:9.0.0.M21,"org.apache.coyote.http2.Stream:emitHeader(java.lang.String,java.lang.String)"
CVE-2013-2186,commons-fileupload:commons-fileupload:1.2.1,org.apache.commons.fileupload.disk.DiskFileItem:readObject(java.io.ObjectInputStream)
CVE-2014-6439,org.elasticsearch:elasticsearch:1.3.2,org.elasticsearch.http.netty.NettyHttpChannel:sendResponse(org.elasticsearch.rest.RestResponse)
CVE-2019-10094,org.apache.tika:tika-core:1.18,"org.apache.tika.parser.RecursiveParserWrapper$EmbeddedParserDecorator:parse(java.io.InputStream,org.xml.sax.ContentHandler,org.apache.tika.metadata.Metadata,org.apache.tika.parser.ParseContext);org.apache.tika.parser.RecursiveParserWrapper:parse(java.io.InputStream,org.xml.sax.ContentHandler,org.apache.tika.metadata.Metadata,org.apache.tika.parser.ParseContext)"
CVE-2021-41561,org.apache.parquet:parquet-format-structures:1.12.0,"org.apache.parquet.format.Util:readPageHeader(java.io.InputStream,org.apache.parquet.format.BlockCipher$Decryptor,byte[])"
CVE-2019-17563,org.apache.tomcat:tomcat-catalina:7.0.27,"org.apache.catalina.authenticator.AuthenticatorBase:register(org.apache.catalina.connector.Request,javax.servlet.http.HttpServletResponse,java.security.Principal,java.lang.String,java.lang.String,java.lang.String);org.apache.catalina.authenticator.FormAuthenticator:restoreRequest(org.apache.catalina.connector.Request,org.apache.catalina.Session);org.apache.catalina.authenticator.FormAuthenticator:matchRequest(org.apache.catalina.connector.Request);org.apache.catalina.authenticator.FormAuthenticator:authenticate(org.apache.catalina.connector.Request,javax.servlet.http.HttpServletResponse,org.apache.catalina.deploy.LoginConfig)"
CVE-2019-17513,io.ratpack:ratpack-core:1.5.4,"ratpack.server.internal.NettyHandlerAdapter:newRequest(io.netty.channel.ChannelHandlerContext,io.netty.handler.codec.http.HttpRequest)"
CVE-2021-22044,org.springframework.cloud:spring-cloud-openfeign-core:3.0.2,"org.springframework.cloud.openfeign.support.SpringMvcContract:parseAndValidateMetadata(java.lang.Class,java.lang.reflect.Method);org.springframework.cloud.openfeign.support.SpringMvcContract:processAnnotationOnClass(feign.MethodMetadata,java.lang.Class)"
CVE-2018-1000125,com.inversoft:prime-jwt:1.0.0,"org.primeframework.jwt.JWTDecoder:decode(java.lang.String,org.primeframework.jwt.domain.Header,java.lang.String[],org.primeframework.jwt.Verifier);org.primeframework.jwt.JWTDecoder:decode(java.lang.String,java.util.Map,java.util.function.Function)"
CVE-2019-19343,org.jboss.remoting3:jboss-remoting:3.2.14.GA,"org.jboss.remoting3.remote.RemoteReadListener:<init>(org.jboss.remoting3.remote.RemoteConnectionHandler,org.jboss.remoting3.remote.RemoteConnection)"
CVE-2018-14642,io.undertow:undertow-core:2.0.11.Final,"io.undertow.server.ConnectionSSLSessionInfo:renegotiateBufferRequest(io.undertow.server.HttpServerExchange,org.xnio.SslClientAuthMode)"
CVE-2011-3190,org.apache.tomcat:tomcat-coyote:7.0.5,org.apache.coyote.ajp.AjpAprProcessor:process(org.apache.tomcat.util.net.SocketWrapper);org.apache.coyote.ajp.AjpProcessor:process(org.apache.tomcat.util.net.SocketWrapper);org.apache.coyote.ajp.AbstractAjpProcessor:finish();org.apache.coyote.ajp.AjpAprProcessor:finish()
CVE-2010-1157,org.apache.tomcat:catalina:6.0.18,org.apache.catalina.core.StandardContext:postWorkDirectory()
CVE-2020-10688,org.jboss.resteasy:resteasy-jaxrs:3.0.19.Final,org.jboss.resteasy.core.StringParameterInjector:extractValue(java.lang.String)
CVE-2017-15703,org.apache.nifi:nifi-framework-core:1.2.0,org.apache.nifi.controller.TemplateUtils:isMoreData(java.io.InputStream);org.apache.nifi.cluster.BulletinsPayload:unmarshal(byte[]);org.apache.nifi.controller.TemplateUtils:parseDto(byte[]);org.apache.nifi.cluster.BulletinsPayload:unmarshal(java.io.InputStream);org.apache.nifi.persistence.StandardSnippetDeserializer:deserialize(java.io.InputStream);org.apache.nifi.controller.TemplateUtils:parseTemplateStream(byte[]);org.apache.nifi.controller.TemplateUtils:parseDto(org.w3c.dom.Element);org.apache.nifi.persistence.TemplateDeserializer:deserialize(java.io.InputStream)
CVE-2019-0231,org.apache.mina:mina-core:2.0.7,"org.apache.mina.proxy.handlers.http.basic.HttpBasicAuthLogicHandler:doHandshake(org.apache.mina.core.filterchain.IoFilter$NextFilter);org.apache.mina.filter.ssl.SslFilter:onPreAdd(org.apache.mina.core.filterchain.IoFilterChain,java.lang.String,org.apache.mina.core.filterchain.IoFilter$NextFilter);org.apache.mina.core.service.AbstractIoService:dispose(boolean);org.apache.mina.filter.firewall.ConnectionThrottleFilter:isConnectionOk(org.apache.mina.core.session.IoSession);org.apache.mina.filter.codec.statemachine.DecodingStateMachine:cleanup();org.apache.mina.proxy.handlers.http.AbstractAuthLogicHandler:writeRequest(org.apache.mina.core.filterchain.IoFilter$NextFilter,org.apache.mina.proxy.handlers.http.HttpProxyRequest);org.apache.mina.proxy.handlers.socks.Socks4LogicHandler:doHandshake(org.apache.mina.core.filterchain.IoFilter$NextFilter);org.apache.mina.filter.logging.LoggingFilter:messageReceived(org.apache.mina.core.filterchain.IoFilter$NextFilter,org.apache.mina.core.session.IoSession,java.lang.Object);org.apache.mina.proxy.filter.ProxyFilter:messageReceived(org.apache.mina.core.filterchain.IoFilter$NextFilter,org.apache.mina.core.session.IoSession,java.lang.Object);org.apache.mina.filter.logging.LoggingFilter:messageSent(org.apache.mina.core.filterchain.IoFilter$NextFilter,org.apache.mina.core.session.IoSession,org.apache.mina.core.write.WriteRequest);org.apache.mina.proxy.handlers.http.HttpSmartProxyHandler:autoSelectAuthHandler(org.apache.mina.proxy.handlers.http.HttpProxyResponse);org.apache.mina.proxy.handlers.http.ntlm.HttpNTLMAuthLogicHandler:doHandshake(org.apache.mina.core.filterchain.IoFilter$NextFilter);org.apache.mina.proxy.handlers.http.basic.HttpNoAuthLogicHandler:doHandshake(org.apache.mina.core.filterchain.IoFilter$NextFilter);org.apache.mina.proxy.filter.ProxyFilter:sessionCreated(org.apache.mina.core.filterchain.IoFilter$NextFilter,org.apache.mina.core.session.IoSession);org.apache.mina.filter.codec.ProtocolCodecFilter:messageReceived(org.apache.mina.core.filterchain.IoFilter$NextFilter,org.apache.mina.core.session.IoSession,java.lang.Object);org.apache.mina.proxy.handlers.http.AbstractHttpLogicHandler:messageReceived(org.apache.mina.core.filterchain.IoFilter$NextFilter,org.apache.mina.core.buffer.IoBuffer);org.apache.mina.proxy.AbstractProxyLogicHandler:flushPendingWriteRequests();org.apache.mina.proxy.handlers.socks.Socks4LogicHandler:writeRequest(org.apache.mina.core.filterchain.IoFilter$NextFilter,org.apache.mina.proxy.handlers.socks.SocksProxyRequest);org.apache.mina.filter.executor.OrderedThreadPoolExecutor:print(java.util.Queue,org.apache.mina.core.session.IoEvent);org.apache.mina.filter.firewall.BlacklistFilter:setBlacklist(java.net.InetAddress[]);org.apache.mina.core.filterchain.DefaultIoFilterChainBuilder:isOrderedMap(java.util.Map);org.apache.mina.proxy.handlers.http.AbstractHttpLogicHandler:writeRequest0(org.apache.mina.core.filterchain.IoFilter$NextFilter,org.apache.mina.proxy.handlers.http.HttpProxyRequest);org.apache.mina.filter.ssl.SslHandler:destroy();org.apache.mina.filter.codec.statemachine.DecodingStateMachine:finishDecode(org.apache.mina.filter.codec.ProtocolDecoderOutput);org.apache.mina.filter.ssl.SslHandler:init();org.apache.mina.proxy.filter.ProxyFilter:writeData(org.apache.mina.core.filterchain.IoFilter$NextFilter,org.apache.mina.core.session.IoSession,org.apache.mina.core.write.WriteRequest,boolean);org.apache.mina.proxy.handlers.socks.Socks5LogicHandler:handleResponse(org.apache.mina.core.filterchain.IoFilter$NextFilter,org.apache.mina.core.buffer.IoBuffer,int);org.apache.mina.proxy.handlers.http.HttpSmartProxyHandler:doHandshake(org.apache.mina.core.filterchain.IoFilter$NextFilter);org.apache.mina.proxy.handlers.socks.Socks5LogicHandler:encodeGSSAPIAuthenticationPacket(org.apache.mina.proxy.handlers.socks.SocksProxyRequest);org.apache.mina.proxy.handlers.http.AbstractHttpLogicHandler:reconnect(org.apache.mina.core.filterchain.IoFilter$NextFilter,org.apache.mina.proxy.handlers.http.HttpProxyRequest);org.apache.mina.proxy.AbstractProxyLogicHandler:writeData(org.apache.mina.core.filterchain.IoFilter$NextFilter,org.apache.mina.core.buffer.IoBuffer);org.apache.mina.proxy.handlers.http.AbstractHttpLogicHandler:decodeResponse(java.lang.String);org.apache.mina.proxy.handlers.socks.Socks5LogicHandler:doHandshake(org.apache.mina.core.filterchain.IoFilter$NextFilter);org.apache.mina.filter.ssl.SslFilter:initiateHandshake(org.apache.mina.core.filterchain.IoFilter$NextFilter,org.apache.mina.core.session.IoSession);org.apache.mina.proxy.handlers.http.HttpProxyRequest:getHost();org.apache.mina.filter.ssl.SslHandler:checkStatus(javax.net.ssl.SSLEngineResult);org.apache.mina.proxy.handlers.http.digest.HttpDigestAuthLogicHandler:doHandshake(org.apache.mina.core.filterchain.IoFilter$NextFilter);org.apache.mina.filter.buffer.BufferedWriteFilter:internalFlush(org.apache.mina.core.filterchain.IoFilter$NextFilter,org.apache.mina.core.session.IoSession,org.apache.mina.core.buffer.IoBuffer);org.apache.mina.proxy.AbstractProxyLogicHandler:setHandshakeComplete()"
CVE-2019-17573,org.apache.cxf:cxf-rt-transports-http:3.3.4,"org.apache.cxf.transport.servlet.servicelist.UnformattedServiceListWriter:writeUnformattedSOAPEndpoints(java.io.PrintWriter,java.lang.String,org.apache.cxf.transport.AbstractDestination[]);org.apache.cxf.transport.servlet.servicelist.FormattedServiceListWriter:addAtomLinkIfNeeded(java.lang.String,java.util.Map,java.io.PrintWriter);org.apache.cxf.transport.servlet.servicelist.UnformattedServiceListWriter:writeUnformattedRESTfulEndpoints(java.io.PrintWriter,java.lang.String,org.apache.cxf.transport.AbstractDestination[]);org.apache.cxf.transport.servlet.servicelist.FormattedServiceListWriter:writeRESTfulEndpoint(java.io.PrintWriter,java.lang.String,org.apache.cxf.transport.AbstractDestination);org.apache.cxf.transport.servlet.servicelist.FormattedServiceListWriter:writeApiSpec(java.lang.String,org.apache.cxf.Bus,java.io.PrintWriter,java.lang.String,java.lang.String);org.apache.cxf.transport.servlet.servicelist.FormattedServiceListWriter:writerSoapEndpoint(java.io.PrintWriter,java.lang.String,org.apache.cxf.transport.AbstractDestination)"
CVE-2011-1475,org.apache.tomcat:tomcat-coyote:7.0.8,"org.apache.coyote.http11.Http11AprProcessor:event(org.apache.tomcat.util.net.SocketStatus);org.apache.coyote.ajp.AjpAprProcessor:asyncDispatch(org.apache.tomcat.util.net.SocketWrapper,org.apache.tomcat.util.net.SocketStatus);org.apache.coyote.http11.Http11Processor:asyncDispatch(org.apache.tomcat.util.net.SocketStatus);org.apache.coyote.http11.Http11NioProcessor:event(org.apache.tomcat.util.net.SocketStatus);org.apache.coyote.ajp.AjpAprProtocol$AjpConnectionHandler:asyncDispatch(org.apache.tomcat.util.net.SocketWrapper,org.apache.tomcat.util.net.SocketStatus);org.apache.coyote.ajp.AjpAprProcessor:process(org.apache.tomcat.util.net.SocketWrapper);org.apache.coyote.http11.Http11AprProtocol$Http11ConnectionHandler:event(org.apache.tomcat.util.net.SocketWrapper,org.apache.tomcat.util.net.SocketStatus);org.apache.coyote.http11.Http11AprProtocol$Http11ConnectionHandler:process(org.apache.tomcat.util.net.SocketWrapper);org.apache.coyote.http11.Http11Protocol$Http11ConnectionHandler:process(org.apache.tomcat.util.net.SocketWrapper,org.apache.tomcat.util.net.SocketStatus);org.apache.coyote.http11.Http11AprProtocol$Http11ConnectionHandler:asyncDispatch(org.apache.tomcat.util.net.SocketWrapper,org.apache.tomcat.util.net.SocketStatus);org.apache.coyote.http11.Http11AprProcessor:asyncDispatch(org.apache.tomcat.util.net.SocketWrapper,org.apache.tomcat.util.net.SocketStatus);org.apache.coyote.ajp.AjpProcessor:process(org.apache.tomcat.util.net.SocketWrapper);org.apache.coyote.http11.Http11NioProcessor:process(org.apache.tomcat.util.net.NioChannel);org.apache.coyote.ajp.AjpAprProtocol$AjpConnectionHandler:process(org.apache.tomcat.util.net.SocketWrapper);org.apache.coyote.http11.Http11AprProcessor:process(org.apache.tomcat.util.net.SocketWrapper);org.apache.coyote.http11.Http11NioProcessor:asyncDispatch(org.apache.tomcat.util.net.SocketStatus);org.apache.coyote.ajp.AjpProtocol$AjpConnectionHandler:process(org.apache.tomcat.util.net.SocketWrapper,org.apache.tomcat.util.net.SocketStatus);org.apache.coyote.ajp.AjpProcessor:asyncDispatch(org.apache.tomcat.util.net.SocketStatus)"
CVE-2018-8030,org.apache.qpid:qpid-broker-plugins-amqp-0-8-protocol:7.0.2,"org.apache.qpid.server.protocol.v0_8.AMQChannel:receiveMessageHeader(org.apache.qpid.server.protocol.v0_8.transport.BasicContentHeaderProperties,long)"
CVE-2009-2693,tomcat:catalina:5.5.23,"org.apache.catalina.startup.ExpandWar:deleteDir(java.io.File);org.apache.catalina.loader.WebappClassLoader:findResourceInternal(java.lang.String,java.lang.String);org.apache.catalina.loader.WebappClassLoader:setWorkDir(java.io.File);org.apache.catalina.startup.ExpandWar:deleteDir(java.io.File);org.apache.catalina.startup.ContextConfig:stop();org.apache.catalina.startup.ExpandWar:delete(java.io.File);org.apache.catalina.startup.ExpandWar:delete(java.io.File);org.apache.catalina.loader.WebappClassLoader:findResourceInternal(java.lang.String,java.lang.String);org.apache.catalina.startup.ExpandWar:expand(java.io.InputStream,java.io.File,java.lang.String);org.apache.catalina.startup.ExpandWar:expand(org.apache.catalina.Host,java.net.URL,java.lang.String);org.apache.catalina.startup.ContextConfig:fixDocBase();org.apache.catalina.startup.ExpandWar:expand(java.io.InputStream,java.io.File,java.lang.String);org.apache.catalina.startup.ContextConfig:stop();org.apache.catalina.startup.ContextConfig:fixDocBase();org.apache.catalina.loader.WebappClassLoader:setWorkDir(java.io.File);org.apache.catalina.startup.ExpandWar:expand(org.apache.catalina.Host,java.net.URL,java.lang.String);org.apache.catalina.startup.HostConfig:deployWARs(java.io.File,java.lang.String[]);org.apache.catalina.startup.HostConfig:deployWARs(java.io.File,java.lang.String[])"
CVE-2017-7672,org.apache.struts:struts2-core:2.5.10.1,com.opensymphony.xwork2.validator.validators.URLValidator:validate(java.lang.Object);com.opensymphony.xwork2.validator.validators.URLValidator:getUrlRegex();com.opensymphony.xwork2.validator.validators.URLValidator:setUrlRegex(java.lang.String)
CVE-2018-1114,io.undertow:undertow-core:1.4.20.Final,io.undertow.server.handlers.resource.URLResource:openConnection()
CVE-2014-1904,org.springframework:spring-webmvc:4.0.1.RELEASE,"org.springframework.web.servlet.mvc.method.annotation.ServletRequestMethodArgumentResolver:resolveArgument(org.springframework.core.MethodParameter,org.springframework.web.method.support.ModelAndViewContainer,org.springframework.web.context.request.NativeWebRequest,org.springframework.web.bind.support.WebDataBinderFactory);org.springframework.web.servlet.tags.form.FormTag:resolveAction();org.springframework.web.servlet.tags.form.FormTag:processAction(java.lang.String);org.springframework.web.servlet.tags.form.AbstractFormTag:writeTagContent(org.springframework.web.servlet.tags.form.TagWriter)"
CVE-2021-26117,org.apache.activemq:artemis-server:2.6.4,"org.apache.activemq.artemis.spi.core.security.jaas.LDAPLoginModule:bindUser(javax.naming.directory.DirContext,java.lang.String,java.lang.String)"
CVE-2019-16942,com.fasterxml.jackson.core:jackson-databind:2.9.8,"com.fasterxml.jackson.databind.introspect.AnnotatedCreatorCollector:constructNonDefaultConstructor(com.fasterxml.jackson.databind.util.ClassUtil$Ctor,com.fasterxml.jackson.databind.util.ClassUtil$Ctor);com.fasterxml.jackson.databind.deser.std.EnumSetDeserializer:<init>(com.fasterxml.jackson.databind.JavaType,com.fasterxml.jackson.databind.JsonDeserializer);com.fasterxml.jackson.databind.JavaType:isEnumType();com.fasterxml.jackson.databind.deser.BasicDeserializerFactory:createMapDeserializer(com.fasterxml.jackson.databind.DeserializationContext,com.fasterxml.jackson.databind.type.MapType,com.fasterxml.jackson.databind.BeanDescription);com.fasterxml.jackson.databind.deser.std.StdKeyDeserializer:deserializeKey(java.lang.String,com.fasterxml.jackson.databind.DeserializationContext);com.fasterxml.jackson.databind.deser.impl.CreatorCollector:_isEnumValueOf(com.fasterxml.jackson.databind.introspect.AnnotatedWithParams);com.fasterxml.jackson.databind.ser.std.BeanSerializerBase:createContextual(com.fasterxml.jackson.databind.SerializerProvider,com.fasterxml.jackson.databind.BeanProperty);com.fasterxml.jackson.databind.jsontype.impl.ClassNameIdResolver:_idFrom(java.lang.Object,java.lang.Class,com.fasterxml.jackson.databind.type.TypeFactory)"
CVE-2021-27807,org.apache.pdfbox:pdfbox:2.0.12,org.apache.pdfbox.cos.COSArray:indexOf(org.apache.pdfbox.cos.COSBase)
CVE-2020-1935,org.apache.tomcat:tomcat-coyote:9.0.30,"org.apache.coyote.http11.Http11InputBuffer:parseHeaders();org.apache.coyote.http11.Http11InputBuffer:skipLine();org.apache.tomcat.util.http.parser.TokenList:parseTokenList(java.util.Enumeration,java.util.Collection);org.apache.tomcat.util.http.MimeHeaders:removeHeader(int);org.apache.coyote.http11.Http11InputBuffer:<init>(org.apache.coyote.Request,int,boolean,org.apache.tomcat.util.http.parser.HttpParser);org.apache.coyote.http11.Http11Processor:prepareRequest();org.apache.coyote.http11.Http11Processor:<init>(org.apache.coyote.http11.AbstractHttp11Protocol,org.apache.coyote.Adapter);org.apache.coyote.http11.AbstractHttp11Protocol:setRejectIllegalHeaderName(boolean);org.apache.tomcat.util.http.parser.TokenList:parseTokenList(java.io.Reader,java.util.Collection);org.apache.coyote.http11.AbstractHttp11Protocol:getRejectIllegalHeaderName()"
CVE-2020-1963,org.apache.ignite:ignite-indexing:2.7.5,"org.apache.ignite.internal.processors.query.h2.IgniteH2Indexing:start(org.apache.ignite.internal.GridKernalContext,org.apache.ignite.internal.util.GridSpinBusyLock)"
CVE-2018-1000820,org.neo4j.procedure:apoc:3.4.0.1,"apoc.load.Xml:xmlXpathToMapResult(java.lang.String,boolean,java.lang.String,java.util.Map)"
CVE-2020-17530,org.apache.struts:struts2-core:2.3.16.3,org.apache.struts2.components.Form:populateComponentHtmlId(org.apache.struts2.components.Form)
CVE-2017-2617,io.hawt:hawtio-system:1.4.55,"io.hawt.web.GitServlet:doPost(javax.servlet.http.HttpServletRequest,javax.servlet.http.HttpServletResponse);io.hawt.web.UploadServlet:uploadFiles(javax.servlet.http.HttpServletRequest,javax.servlet.http.HttpServletResponse,java.io.File);io.hawt.web.UploadServlet:doPost(javax.servlet.http.HttpServletRequest,javax.servlet.http.HttpServletResponse)"
CVE-2019-5427,com.mchange:c3p0:0.9.5.2,com.mchange.v2.c3p0.cfg.DefaultC3P0ConfigFinder:findConfig()
CVE-2016-0750,org.infinispan:infinispan-client-hotrod:8.1.0.Final,"org.infinispan.client.hotrod.impl.operations.OperationsFactory:newRemoveClientListenerOperation(java.lang.Object);org.infinispan.client.hotrod.impl.operations.OperationsFactory:newAddClientListenerOperation(java.lang.Object);org.infinispan.client.hotrod.impl.operations.HotRodOperation:writeHeader(org.infinispan.client.hotrod.impl.transport.Transport,short);org.infinispan.client.hotrod.event.ClientListenerNotifier$EventDispatcher:run();org.infinispan.client.hotrod.impl.operations.OperationsFactory:newExecuteOperation(java.lang.String,java.util.Map);org.infinispan.client.hotrod.impl.operations.BulkGetOperation:executeOperation(org.infinispan.client.hotrod.impl.transport.Transport);org.infinispan.client.hotrod.impl.operations.OperationsFactory:newGetAllOperation(java.util.Set);org.infinispan.client.hotrod.impl.protocol.Codec20:readPartialEvent(org.infinispan.client.hotrod.impl.transport.Transport,byte[],org.infinispan.commons.marshall.Marshaller,short);org.infinispan.client.hotrod.impl.operations.BulkGetOperation:executeOperation(org.infinispan.client.hotrod.impl.transport.Transport);org.infinispan.client.hotrod.impl.operations.OperationsFactory:newClearOperation();org.infinispan.client.hotrod.impl.operations.FaultTolerantPingOperation:executeOperation(org.infinispan.client.hotrod.impl.transport.Transport);org.infinispan.client.hotrod.impl.protocol.Codec10:readEvent(org.infinispan.client.hotrod.impl.transport.Transport,byte[],org.infinispan.commons.marshall.Marshaller);org.infinispan.client.hotrod.impl.protocol.Codec10:readHeaderOrEvent(org.infinispan.client.hotrod.impl.transport.Transport,org.infinispan.client.hotrod.impl.protocol.HeaderParams,byte[],org.infinispan.commons.marshall.Marshaller);org.infinispan.client.hotrod.impl.transport.tcp.TransportObjectFactory:ping(org.infinispan.client.hotrod.impl.transport.tcp.TcpTransport,java.util.concurrent.atomic.AtomicInteger);org.infinispan.client.hotrod.impl.protocol.Codec10:readUnmarshallByteArray(org.infinispan.client.hotrod.impl.transport.Transport,short);org.infinispan.client.hotrod.impl.operations.OperationsFactory:newSizeOperation();org.infinispan.client.hotrod.configuration.ConfigurationBuilder:withProperties(java.util.Properties);org.infinispan.client.hotrod.impl.operations.ExecuteOperation:executeOperation(org.infinispan.client.hotrod.impl.transport.Transport);org.infinispan.client.hotrod.impl.operations.GetAllOperation:executeOperation(org.infinispan.client.hotrod.impl.transport.Transport);org.infinispan.client.hotrod.impl.operations.OperationsFactory:newPingOperation(org.infinispan.client.hotrod.impl.transport.Transport);org.infinispan.client.hotrod.impl.protocol.Codec20:returnPossiblePrevValue(org.infinispan.client.hotrod.impl.transport.Transport,short,int);org.infinispan.client.hotrod.impl.operations.OperationsFactory:newPutAllOperation(java.util.Map,long,java.util.concurrent.TimeUnit,long,java.util.concurrent.TimeUnit);org.infinispan.client.hotrod.impl.operations.OperationsFactory:newQueryOperation(org.infinispan.client.hotrod.impl.query.RemoteQuery);org.infinispan.client.hotrod.impl.operations.AddClientListenerOperation:executeOperation(org.infinispan.client.hotrod.impl.transport.Transport);org.infinispan.client.hotrod.impl.transport.tcp.SaslTransportObjectFactory:auth(org.infinispan.client.hotrod.impl.transport.tcp.TcpTransport,java.util.concurrent.atomic.AtomicInteger,java.lang.String,byte[]);org.infinispan.client.hotrod.impl.operations.BulkGetKeysOperation:executeOperation(org.infinispan.client.hotrod.impl.transport.Transport);org.infinispan.client.hotrod.impl.protocol.Codec21:readPartialEvent(org.infinispan.client.hotrod.impl.transport.Transport,byte[],org.infinispan.commons.marshall.Marshaller,short);org.infinispan.client.hotrod.impl.operations.OperationsFactory:newBulkGetKeysOperation(int);org.infinispan.client.hotrod.RemoteCacheManager:start();org.infinispan.client.hotrod.impl.protocol.Codec20:readEvent(org.infinispan.client.hotrod.impl.transport.Transport,byte[],org.infinispan.commons.marshall.Marshaller);org.infinispan.client.hotrod.impl.operations.OperationsFactory:newStatsOperation();org.infinispan.client.hotrod.configuration.Configuration:toString();org.infinispan.client.hotrod.impl.protocol.Codec20:readUnmarshallByteArray(org.infinispan.client.hotrod.impl.transport.Transport,short);org.infinispan.client.hotrod.impl.operations.OperationsFactory:newAddClientListenerOperation(java.lang.Object,byte[][],byte[][]);org.infinispan.client.hotrod.impl.operations.OperationsFactory:newIterationEndOperation(java.lang.String,org.infinispan.client.hotrod.impl.transport.Transport);org.infinispan.client.hotrod.impl.operations.GetWithVersionOperation:executeOperation(org.infinispan.client.hotrod.impl.transport.Transport);org.infinispan.client.hotrod.impl.protocol.Codec20:readHeaderOrEvent(org.infinispan.client.hotrod.impl.transport.Transport,org.infinispan.client.hotrod.impl.protocol.HeaderParams,byte[],org.infinispan.commons.marshall.Marshaller);org.infinispan.client.hotrod.configuration.ConfigurationBuilder:read(org.infinispan.client.hotrod.configuration.Configuration);org.infinispan.client.hotrod.impl.operations.OperationsFactory:newFaultTolerantPingOperation();org.infinispan.client.hotrod.impl.operations.AbstractKeyOperation:returnPossiblePrevValue(org.infinispan.client.hotrod.impl.transport.Transport,short);org.infinispan.client.hotrod.impl.operations.OperationsFactory:newBulkGetOperation(int);org.infinispan.client.hotrod.impl.operations.IterationNextOperation:execute();org.infinispan.client.hotrod.configuration.AuthenticationConfigurationBuilder:create();org.infinispan.client.hotrod.impl.protocol.CodecUtils:readUnmarshallByteArray(org.infinispan.client.hotrod.impl.transport.Transport,short);org.infinispan.client.hotrod.RemoteCacheManager:startRemoteCache(org.infinispan.client.hotrod.RemoteCacheHolder);org.infinispan.client.hotrod.impl.operations.GetWithMetadataOperation:executeOperation(org.infinispan.client.hotrod.impl.transport.Transport);org.infinispan.client.hotrod.marshall.MarshallerUtil:bytes2obj(org.infinispan.commons.marshall.Marshaller,byte[],short);org.infinispan.client.hotrod.impl.protocol.Codec10:returnPossiblePrevValue(org.infinispan.client.hotrod.impl.transport.Transport,short,int);org.infinispan.client.hotrod.impl.transport.tcp.SaslTransportObjectFactory:mechList(org.infinispan.client.hotrod.impl.transport.tcp.TcpTransport,java.util.concurrent.atomic.AtomicInteger)"
CVE-2020-7647,org.jooby:jooby:1.4.0,"org.jooby.Jooby:get(java.lang.String,org.jooby.Route$Handler);org.jooby.handlers.AssetHandler:init(java.lang.String,java.nio.file.Path,java.lang.ClassLoader);org.jooby.handlers.AssetHandler:loader(java.nio.file.Path,java.lang.ClassLoader);org.jooby.handlers.AssetHandler:<init>(java.lang.String);org.jooby.handlers.AssetHandler:<init>(java.nio.file.Path);org.jooby.handlers.AssetHandler:<init>(java.lang.String,java.lang.ClassLoader);org.jooby.Route$AssetDefinition:<init>(java.lang.String,java.lang.String,org.jooby.Route$Filter,boolean)"
CVE-2018-1000129,org.jolokia:jolokia-core:1.2.3,"org.jolokia.http.AgentServlet:handle(org.jolokia.http.AgentServlet$ServletRequestHandler,javax.servlet.http.HttpServletRequest,javax.servlet.http.HttpServletResponse);org.jolokia.http.AgentServlet:getMimeType(javax.servlet.http.HttpServletRequest)"
CVE-2020-5398,org.springframework:spring-web:5.0.8.RELEASE,"org.springframework.http.ContentDisposition:parse(java.lang.String);org.springframework.http.ContentDisposition$BuilderImpl:filename(java.lang.String,java.nio.charset.Charset);org.springframework.http.ContentDisposition:decodeHeaderFieldParam(java.lang.String);org.springframework.http.ContentDisposition:tokenize(java.lang.String);org.springframework.http.ContentDisposition$BuilderImpl:filename(java.lang.String);org.springframework.http.ContentDisposition:toString();org.springframework.http.ContentDisposition:encodeHeaderFieldParam(java.lang.String,java.nio.charset.Charset)"
CVE-2021-22160,org.apache.pulsar:pulsar-broker-common:2.6.0,org.apache.pulsar.broker.authentication.AuthenticationProviderToken:authenticateToken(java.lang.String)
CVE-2020-5529,net.sourceforge.htmlunit:htmlunit:2.15,"com.gargoylesoftware.htmlunit.javascript.HtmlUnitContextFactory:makeContext();com.gargoylesoftware.htmlunit.javascript.JavaScriptEngine:init(com.gargoylesoftware.htmlunit.WebWindow,net.sourceforge.htmlunit.corejs.javascript.Context)"
CVE-2017-5647,org.apache.tomcat:tomcat-coyote:8.0.32,"org.apache.coyote.http11.Http11NioProcessor:breakKeepAliveLoop(org.apache.tomcat.util.net.SocketWrapper);org.apache.coyote.http11.Http11Nio2Processor:breakKeepAliveLoop(org.apache.tomcat.util.net.SocketWrapper);org.apache.tomcat.util.net.AprEndpoint$Sendfile:run();org.apache.coyote.AbstractProtocol$AbstractConnectionHandler:process(org.apache.tomcat.util.net.SocketWrapper,org.apache.tomcat.util.net.SocketStatus);org.apache.coyote.http11.Http11AprProcessor:breakKeepAliveLoop(org.apache.tomcat.util.net.SocketWrapper);org.apache.tomcat.util.net.NioEndpoint$Poller:processSendfile(java.nio.channels.SelectionKey,org.apache.tomcat.util.net.NioEndpoint$KeyAttachment,boolean)"
CVE-2016-4970,io.netty:netty-all:4.1.0.Final,"io.netty.handler.ssl.OpenSslEngine:wrap(java.nio.ByteBuffer[],int,int,java.nio.ByteBuffer)"
CVE-2016-4000,org.python:jython-standalone:2.7.0,"org.python.core.PyBytecode:<init>(int,int,int,int,java.lang.String,org.python.core.PyObject[],java.lang.String[],java.lang.String[],java.lang.String,java.lang.String,int,java.lang.String,java.lang.String[],java.lang.String[])"
CVE-2015-0263,org.apache.camel:camel-core:2.14.0,"org.apache.camel.converter.jaxp.XmlConverter:toSAXSourceFromStream(javax.xml.transform.stream.StreamSource,org.apache.camel.Exchange)"
CVE-2021-39152,com.thoughtworks.xstream:xstream:1.4.11.1,"com.thoughtworks.xstream.XStreamer:fromXML(com.thoughtworks.xstream.io.HierarchicalStreamDriver,java.io.Reader,com.thoughtworks.xstream.security.TypePermission[]);com.thoughtworks.xstream.XStream:readResolve();com.thoughtworks.xstream.XStreamer:toXML(com.thoughtworks.xstream.XStream,java.lang.Object,java.io.Writer);com.thoughtworks.xstream.XStream:setupSecurity();com.thoughtworks.xstream.XStream:unmarshal(com.thoughtworks.xstream.io.HierarchicalStreamReader,java.lang.Object,com.thoughtworks.xstream.converters.DataHolder);com.thoughtworks.xstream.XStream:setupDefaultSecurity(com.thoughtworks.xstream.XStream);com.thoughtworks.xstream.XStream:addPermission(com.thoughtworks.xstream.security.TypePermission)"
CVE-2017-1000487,org.codehaus.plexus:plexus-utils:3.0.8,"org.codehaus.plexus.util.cli.Commandline:getCommandline();org.codehaus.plexus.util.cli.shell.BourneShell:<init>();org.codehaus.plexus.util.cli.Commandline:execute();org.codehaus.plexus.util.cli.Commandline$Marker:getPosition();org.codehaus.plexus.util.cli.shell.BourneShell:unifyQuotes(java.lang.String);org.codehaus.plexus.util.cli.Commandline:verifyShellState();org.codehaus.plexus.util.cli.shell.BourneShell:getQuotingTriggerChars();org.codehaus.plexus.util.cli.shell.BourneShell:getExecutionPreamble();org.codehaus.plexus.util.cli.shell.BourneShell:getExecutable();org.codehaus.plexus.util.cli.shell.Shell:getShellCommandLine(java.lang.String[]);org.codehaus.plexus.util.cli.shell.BourneShell:<init>(boolean);org.codehaus.plexus.util.cli.shell.Shell:getRawCommandLine(java.lang.String,java.lang.String[])"
CVE-2016-8745,org.apache.tomcat:tomcat-coyote:9.0.0.M3,"org.apache.tomcat.util.net.NioEndpoint$Poller:processSendfile(java.nio.channels.SelectionKey,org.apache.tomcat.util.net.NioEndpoint$NioSocketWrapper,boolean)"
CVE-2019-10241,org.eclipse.jetty:jetty-util:9.2.14.v20151106,"org.eclipse.jetty.util.resource.Resource:getListHTML(java.lang.String,boolean)"
CVE-2015-5346,org.apache.tomcat:tomcat-catalina:9.0.0.M1,"org.apache.catalina.connector.Request:readChunkedPostBody();org.apache.catalina.connector.Request:recycle();org.apache.catalina.connector.CoyoteAdapter:postParseRequest(org.apache.coyote.Request,org.apache.catalina.connector.Request,org.apache.coyote.Response,org.apache.catalina.connector.Response)"
CVE-2016-6345,org.jboss.resteasy:resteasy-jaxrs:3.0.19.Final,"org.jboss.resteasy.core.AsynchronousDispatcher:postJob(org.jboss.resteasy.spi.HttpRequest,org.jboss.resteasy.spi.HttpResponse,org.jboss.resteasy.core.ResourceInvoker);org.jboss.resteasy.core.AsynchronousDispatcher:<init>(org.jboss.resteasy.spi.ResteasyProviderFactory)"
CVE-2017-7556,io.hawt:hawtio-system:1.4.55,"io.hawt.web.CORSFilter:doFilter(javax.servlet.ServletRequest,javax.servlet.ServletResponse,javax.servlet.FilterChain)"
CVE-2015-7559,org.apache.activemq:activemq-client:5.8.0,org.apache.activemq.ActiveMQConnection:onCommand(java.lang.Object);org.apache.activemq.ActiveMQConnection:onControlCommand(org.apache.activemq.command.ControlCommand)
CVE-2013-0239,org.apache.cxf:cxf-rt-ws-security:2.5.1,"org.apache.cxf.ws.security.wss4j.UsernameTokenInterceptor:assertUsernameTokens(org.apache.cxf.binding.soap.SoapMessage,org.apache.ws.security.WSUsernameTokenPrincipal);org.apache.cxf.ws.security.wss4j.policyvalidators.UsernameTokenPolicyValidator:checkTokens(org.apache.cxf.ws.security.policy.model.UsernameToken,org.apache.cxf.ws.policy.AssertionInfo,java.util.List)"
CVE-2014-7816,io.undertow:undertow-core:1.0.15.Final,"io.undertow.server.handlers.resource.ResourceHandler:serveResource(io.undertow.server.HttpServerExchange,boolean)"
CVE-2016-4999,org.dashbuilder:dashbuilder-dataset-sql:0.4.0.Final,org.dashbuilder.dataprovider.sql.dialect.DefaultDialect:getStringParameterSQL(java.lang.String)
CVE-2020-1950,org.apache.tika:tika-parsers:1.20,"org.apache.tika.parser.image.PSDParser:parse(java.io.InputStream,org.xml.sax.ContentHandler,org.apache.tika.metadata.Metadata,org.apache.tika.parser.ParseContext);org.apache.tika.parser.image.PSDParser$ResourceBlock:<init>(java.io.InputStream)"
CVE-2019-10247,org.eclipse.jetty:jetty-server:9.3.14.v20161028,"org.eclipse.jetty.server.handler.DefaultHandler:handle(java.lang.String,org.eclipse.jetty.server.Request,javax.servlet.http.HttpServletRequest,javax.servlet.http.HttpServletResponse)"
CVE-2014-0003,org.apache.camel:camel-core:2.11.0,org.apache.camel.converter.jaxp.XmlConverter:createTransformerFactory()
CVE-2011-2088,org.apache.struts.xwork:xwork-core:2.2.1.1,"com.opensymphony.xwork2.DefaultActionProxy:<init>(com.opensymphony.xwork2.ActionInvocation,java.lang.String,java.lang.String,java.lang.String,boolean,boolean)"
CVE-2012-2733,org.apache.tomcat:tomcat-coyote:7.0.27,org.apache.coyote.http11.InternalNioInputBuffer:parseHeaders()
CVE-2016-3082,org.apache.struts:struts2-core:2.3.28,org.apache.struts2.views.xslt.XSLTResult:getTemplates(java.lang.String)
CVE-2016-4003,org.apache.struts:struts2-core:2.3.16.3,"org.apache.struts2.dispatcher.mapper.RestfulActionMapper:getMapping(javax.servlet.http.HttpServletRequest,com.opensymphony.xwork2.config.ConfigurationManager);org.apache.struts2.views.util.DefaultUrlHelper:decode(java.lang.String);org.apache.struts2.dispatcher.mapper.Restful2ActionMapper:getMapping(javax.servlet.http.HttpServletRequest,com.opensymphony.xwork2.config.ConfigurationManager)"
CVE-2021-29043,com.liferay.portal:com.liferay.portal.kernel:7.0.0,"com.liferay.portal.kernel.service.UserNotificationEventLocalServiceWrapper:getUserNotificationEventsCount(long,java.lang.String,int,boolean);com.liferay.portal.kernel.service.UserNotificationEventLocalServiceUtil:getUserNotificationEventsCount(long,java.lang.String,int,boolean)"
CVE-2013-1966,org.apache.struts.xwork:xwork-core:2.3.4.1,"com.opensymphony.xwork2.ognl.OgnlUtil:isEvalExpression(java.lang.Object,java.util.Map);com.opensymphony.xwork2.ognl.OgnlUtil:copy(java.lang.Object,java.lang.Object,java.util.Map,java.util.Collection,java.util.Collection);com.opensymphony.xwork2.config.providers.XWorkConfigurationProvider:register(com.opensymphony.xwork2.inject.ContainerBuilder,com.opensymphony.xwork2.util.location.LocatableProperties);com.opensymphony.xwork2.ognl.OgnlUtil:getValue(java.lang.String,java.util.Map,java.lang.Object);com.opensymphony.xwork2.ognl.OgnlUtil:getValue(java.lang.String,java.util.Map,java.lang.Object,java.lang.Class);com.opensymphony.xwork2.ognl.OgnlUtil:setValue(java.lang.String,java.util.Map,java.lang.Object,java.lang.Object,boolean);com.opensymphony.xwork2.ognl.OgnlUtil:compile(java.lang.String)"
CVE-2014-0034,org.apache.cxf.services.sts:cxf-services-sts-core:2.7.8,org.apache.cxf.sts.token.validator.SAMLTokenValidator:validateToken(org.apache.cxf.sts.token.validator.TokenValidatorParameters)
CVE-2020-1926,org.apache.hive:hive-service:2.3.1,org.apache.hive.service.CookieSigner:verifyAndExtract(java.lang.String)
CVE-2020-11987,org.apache.xmlgraphics:batik-svgbrowser:1.13,org.apache.batik.apps.svgbrowser.NodePickerPanel:parseXml(java.lang.String)
CVE-2011-1183,org.apache.tomcat:tomcat-catalina:7.0.12,"org.apache.catalina.startup.ContextConfig:authenticatorConfig();org.apache.catalina.authenticator.AuthenticatorBase:invoke(org.apache.catalina.connector.Request,org.apache.catalina.connector.Response)"
CVE-2015-5255,org.apache.flex.blazeds:flex-messaging-core:4.7.1,"flex.messaging.endpoints.AbstractEndpoint:initialize(java.lang.String,flex.messaging.config.ConfigMap);flex.messaging.io.amfx.AmfxInput:end_xml();flex.messaging.io.SerializationContext:clone();flex.messaging.io.amf.AbstractAmfInput:stringToDocument(java.lang.String);flex.messaging.util.XMLUtil:stringToDocument(java.lang.String,boolean,boolean);flex.messaging.util.XMLUtil:stringToDocument(java.lang.String)"
CVE-2019-12423,org.apache.cxf:cxf-rt-rs-security-jose:3.3.3,"org.apache.cxf.rs.security.jose.jws.JwsUtils:loadPublicVerificationKeys(org.apache.cxf.message.Message,java.util.Properties);org.apache.cxf.rs.security.jose.jwk.JsonWebKeys:setInitKey(org.apache.cxf.rs.security.jose.jwk.JsonWebKey);org.apache.cxf.rs.security.jose.jws.JwsUtils:getPublicKeySignatureVerifier(java.security.cert.X509Certificate,org.apache.cxf.rs.security.jose.jwa.SignatureAlgorithm);org.apache.cxf.rs.security.jose.jwk.JwkUtils:loadJsonWebKeys(org.apache.cxf.message.Message,java.util.Properties,org.apache.cxf.rs.security.jose.jwk.KeyOperation);org.apache.cxf.rs.security.jose.jwk.JsonWebKeys:<init>(org.apache.cxf.rs.security.jose.jwk.JsonWebKey);org.apache.cxf.rs.security.jose.jws.JwsUtils:loadSignatureProvider(org.apache.cxf.message.Message,java.util.Properties,org.apache.cxf.rs.security.jose.jws.JwsHeaders)"
CVE-2020-1953,org.apache.commons:commons-configuration2:2.2,"org.apache.commons.configuration2.YAMLConfiguration:read(java.io.InputStream,org.yaml.snakeyaml.LoaderOptions);org.apache.commons.configuration2.YAMLConfiguration:read(java.io.InputStream);org.apache.commons.configuration2.YAMLConfiguration:read(java.io.Reader);org.apache.commons.configuration2.YAMLConfiguration:read(java.io.Reader,org.yaml.snakeyaml.LoaderOptions)"
CVE-2020-26945,org.mybatis:mybatis:3.4.6,org.apache.ibatis.executor.loader.AbstractSerialStateHolder:readResolve();org.apache.ibatis.cache.decorators.SerializedCache:deserialize(byte[])
CVE-2018-11761,org.apache.tika:tika-core:1.18,"org.apache.tika.utils.XMLReaderUtils:getDocumentBuilderFactory();org.apache.tika.utils.XMLReaderUtils:getXMLInputFactory();org.apache.tika.utils.XMLReaderUtils:getSAXParser();org.apache.tika.utils.XMLReaderUtils:tryToSetStaxProperty(javax.xml.stream.XMLInputFactory,java.lang.String,boolean)"
CVE-2016-4433,org.apache.struts.xwork:xwork-core:2.3.16.3,"com.opensymphony.xwork2.DefaultActionInvocation:invokeAction(java.lang.Object,com.opensymphony.xwork2.config.entities.ActionConfig);com.opensymphony.xwork2.ognl.OgnlUtil:setValue(java.lang.String,java.util.Map,java.lang.Object,java.lang.Object)"
CVE-2017-2594,io.hawt:hawtio-system:1.4.55,"io.hawt.web.ProxyServlet:service(javax.servlet.http.HttpServletRequest,javax.servlet.http.HttpServletResponse)"
CVE-2017-1000208,io.swagger:swagger-parser:1.0.28,"io.swagger.parser.util.DeserializationUtils:readYamlValue(java.lang.String,java.lang.Class);io.swagger.parser.util.DeserializationUtils:readYamlTree(java.lang.String)"
CVE-2020-1960,org.apache.flink:flink-metrics-jmx_2.11:1.7.2,org.apache.flink.metrics.jmx.JMXReporter$JMXServer:start(int);org.apache.flink.metrics.jmx.JMXReporter$JMXServer:startRmiRegistry(int);org.apache.flink.metrics.jmx.JMXReporter$JMXServer:stop();org.apache.flink.metrics.jmx.JMXReporter$JMXServer:startJmxService(int)
CVE-2014-7808,org.apache.wicket:wicket-core:1.5.8,org.apache.wicket.settings.ISecuritySettings:getCryptFactory()
CVE-2020-35215,io.atomix:atomix:3.1.5,io.atomix.core.transaction.impl.DefaultTransactionalSetBuilder:buildAsync();io.atomix.core.transaction.impl.DefaultTransactionalMapBuilder:buildAsync()
CVE-2019-3894,org.wildfly:wildfly-ee:15.0.0.Final,"org.jboss.as.ee.concurrent.service.ElytronManagedThreadFactory:createThread(java.lang.Runnable,org.glassfish.enterprise.concurrent.spi.ContextHandle);org.jboss.as.ee.concurrent.service.ElytronManagedThreadFactory:<init>(java.lang.String,org.glassfish.enterprise.concurrent.ContextServiceImpl,int)"
CVE-2017-5662,org.apache.xmlgraphics:batik-dom:1.7,org.apache.batik.dom.util.SAXDocumentFactory:createDocument(org.xml.sax.InputSource)
CVE-2015-0225,org.apache.cassandra:cassandra-all:2.0.9,org.apache.cassandra.service.CassandraDaemon:stop();org.apache.cassandra.service.CassandraDaemon:setup()
CVE-2020-13920,org.apache.activemq:activemq-broker:5.15.11,org.apache.activemq.broker.jmx.ManagementContext:setConnectorPath(java.lang.String)
CVE-2016-10027,org.igniterealtime.smack:smack-tcp:4.1.3,org.jivesoftware.smack.tcp.XMPPTCPConnection:afterFeaturesReceived();org.jivesoftware.smack.tcp.XMPPTCPConnection:connectInternal()
CVE-2021-39140,com.thoughtworks.xstream:xstream:1.4.11.1,"com.thoughtworks.xstream.XStreamer:toXML(com.thoughtworks.xstream.XStream,java.lang.Object,java.io.Writer);com.thoughtworks.xstream.XStreamer:fromXML(com.thoughtworks.xstream.io.HierarchicalStreamDriver,java.io.Reader,com.thoughtworks.xstream.security.TypePermission[]);com.thoughtworks.xstream.XStream:readResolve();com.thoughtworks.xstream.XStream:unmarshal(com.thoughtworks.xstream.io.HierarchicalStreamReader,java.lang.Object,com.thoughtworks.xstream.converters.DataHolder);com.thoughtworks.xstream.XStream:setupDefaultSecurity(com.thoughtworks.xstream.XStream);com.thoughtworks.xstream.XStream:setupSecurity();com.thoughtworks.xstream.XStream:addPermission(com.thoughtworks.xstream.security.TypePermission)"
CVE-2014-0225,org.springframework:spring-oxm:3.0.5.RELEASE,org.springframework.oxm.support.AbstractMarshaller:createXmlReader()
CVE-2018-1307,org.apache.juddi:juddi-client:3.3.3,"org.apache.juddi.v3.client.transport.wrapper.RequestHandler:getText(org.w3c.dom.Element);org.apache.juddi.v3.client.mapping.wadl.WADL2UDDI:parseWadl(java.net.URL,java.lang.String,java.lang.String,boolean);org.apache.juddi.v3.client.transport.wrapper.UDDIInquiryService:inquire(org.uddi.v3_service.UDDIInquiryPortType,java.lang.String);org.apache.juddi.v3.client.mapping.wadl.WADL2UDDI:parseWadl(java.io.InputStream);org.apache.juddi.v3.client.transport.wrapper.RequestHandler:createDocumentBuilder();org.apache.juddi.v3.client.mapping.wadl.WADL2UDDI:parseWadl(java.io.File)"
CVE-2017-2670,io.undertow:undertow-core:2.2.14.Final,io.undertow.server.protocol.framed.AbstractFramedStreamSourceChannel:resumeReadsInternal(boolean)
CVE-2019-11777,org.eclipse.paho:org.eclipse.paho.client.mqttv3:1.2.0,org.eclipse.paho.client.mqttv3.internal.SSLNetworkModule:start();org.eclipse.paho.client.mqttv3.internal.SSLNetworkModule:start()
CVE-2012-2098,org.apache.commons:commons-compress:1.5,"org.apache.commons.compress.compressors.bzip2.BZip2CompressorOutputStream:endBlock();org.apache.commons.compress.compressors.bzip2.BZip2CompressorOutputStream:moveToFrontCodeAndSend();org.apache.commons.compress.compressors.bzip2.BZip2CompressorOutputStream:blockSort();org.apache.commons.compress.compressors.bzip2.BlockSort:mainSort(org.apache.commons.compress.compressors.bzip2.BZip2CompressorOutputStream$Data,int);org.apache.commons.compress.compressors.bzip2.BlockSort:fallbackQSort3(int[],int[],int,int);org.apache.commons.compress.compressors.bzip2.BZip2CompressorOutputStream:initBlock();org.apache.commons.compress.compressors.bzip2.BZip2CompressorOutputStream:init();org.apache.commons.compress.compressors.bzip2.BlockSort:fallbackSimpleSort(int[],int[],int,int);org.apache.commons.compress.compressors.bzip2.BZip2CompressorOutputStream:<init>(java.io.OutputStream,int);org.apache.commons.compress.compressors.bzip2.BlockSort:mainSimpleSort(org.apache.commons.compress.compressors.bzip2.BZip2CompressorOutputStream$Data,int,int,int,int);org.apache.commons.compress.compressors.bzip2.BlockSort:fallbackSort(int[],byte[],int);org.apache.commons.compress.compressors.bzip2.BZip2CompressorOutputStream:finish();org.apache.commons.compress.compressors.bzip2.BlockSort:blockSort(org.apache.commons.compress.compressors.bzip2.BZip2CompressorOutputStream$Data,int);org.apache.commons.compress.compressors.bzip2.BlockSort:mainQSort3(org.apache.commons.compress.compressors.bzip2.BZip2CompressorOutputStream$Data,int,int,int,int)"
CVE-2015-2080,org.eclipse.jetty:jetty-http:9.3.0.M1,org.eclipse.jetty.http.HttpParser:next(java.nio.ByteBuffer);org.eclipse.jetty.http.HttpParser:parseLine(java.nio.ByteBuffer);org.eclipse.jetty.http.HttpParser:parseNext(java.nio.ByteBuffer);org.eclipse.jetty.http.HttpParser:quickStart(java.nio.ByteBuffer);org.eclipse.jetty.http.HttpParser:getProxyField(java.nio.ByteBuffer);org.eclipse.jetty.http.HttpParser:parseHeaders(java.nio.ByteBuffer)
CVE-2022-23640,com.monitorjbl:xlsx-streamer:1.2.1,com.monitorjbl.xlsx.XmlUtils:document(java.io.InputStream)
CVE-2013-4330,org.apache.camel:camel-core:2.9.2,org.apache.camel.component.file.GenericFileProducer:createFileName(org.apache.camel.Exchange)
CVE-2013-2035,org.fusesource.hawtjni:hawtjni-runtime:1.5,"org.fusesource.hawtjni.runtime.Library:extract(java.util.ArrayList,java.net.URL,java.io.File);org.fusesource.hawtjni.runtime.Library:isStale(java.net.URL,java.io.File);org.fusesource.hawtjni.runtime.Library:exractAndLoad(java.util.ArrayList,java.lang.String,java.lang.String,java.lang.String)"
CVE-2017-12165,io.undertow:undertow-core:1.3.15.Final,"io.undertow.server.protocol.http.HttpRequestParser:handlePath(java.nio.ByteBuffer,io.undertow.server.protocol.http.ParseState,io.undertow.server.HttpServerExchange);io.undertow.server.protocol.ajp.AjpRequestParser:parse(java.nio.ByteBuffer,io.undertow.server.protocol.ajp.AjpRequestParseState,io.undertow.server.HttpServerExchange);io.undertow.server.protocol.ajp.AjpReadListener:handleEvent(org.xnio.channels.StreamSourceChannel);io.undertow.util.Methods:fromString(java.lang.String);io.undertow.server.protocol.http.HttpReadListener:handleEventWithNoRunningRequest(org.xnio.conduits.ConduitStreamSourceChannel);io.undertow.protocols.http2.Http2HeaderBlockParser:emitHeader(io.undertow.util.HttpString,java.lang.String,boolean);io.undertow.server.protocol.http2.Http2ReceiveListener:handleRequests(io.undertow.protocols.http2.Http2Channel,io.undertow.protocols.http2.Http2StreamSourceChannel)"
CVE-2016-3674,com.thoughtworks.xstream:xstream:1.3.1,com.thoughtworks.xstream.io.xml.Dom4JDriver:createReader(java.io.Reader);com.thoughtworks.xstream.io.xml.JDomDriver:createReader(java.io.InputStream);com.thoughtworks.xstream.io.xml.Dom4JDriver:createReader(java.io.InputStream);com.thoughtworks.xstream.io.xml.JDomDriver:createReader(java.io.Reader)
CVE-2017-2638,org.infinispan.server:infinispan-server-endpoints:9.0.0.Final,"org.infinispan.server.endpoint.subsystem.RestSubsystemAdd:performRuntime(org.jboss.as.controller.OperationContext,org.jboss.dmr.ModelNode,org.jboss.dmr.ModelNode);org.infinispan.server.endpoint.subsystem.EndpointSubsystemWriter:writeRestConnector(org.jboss.staxmapper.XMLExtendedStreamWriter,org.jboss.dmr.ModelNode);org.infinispan.server.endpoint.subsystem.RestService:getValue();org.infinispan.server.endpoint.subsystem.EndpointSubsystemReader:parseRestConnector(org.jboss.staxmapper.XMLExtendedStreamReader,org.jboss.as.controller.PathAddress,java.util.List);org.infinispan.server.endpoint.subsystem.RestConnectorResource:registerChildren(org.jboss.as.controller.registry.ManagementResourceRegistration);org.infinispan.server.endpoint.subsystem.RestService:getSniSecurityRealm(java.lang.String);org.infinispan.server.endpoint.subsystem.SecurityActions:doPrivileged(java.security.PrivilegedAction);org.infinispan.server.endpoint.subsystem.RestService:stop(org.jboss.msc.service.StopContext);org.infinispan.server.endpoint.subsystem.RestService:start(org.jboss.msc.service.StartContext)"
CVE-2019-12415,org.apache.poi:poi-ooxml:3.17,"org.apache.poi.xssf.streaming.SheetDataWriter:writeCell(int,org.apache.poi.ss.usermodel.Cell);org.apache.poi.dev.OOXMLPrettyPrint:handleFile(java.io.File,java.io.File);org.apache.poi.openxml4j.opc.StreamHelper:getIdentityTransformer();org.apache.poi.xssf.streaming.SXSSFCell:getStringCellValue();org.apache.poi.xssf.streaming.SXSSFCell:setCellValue(java.lang.String);org.apache.poi.openxml4j.opc.StreamHelper:saveXmlInStream(org.w3c.dom.Document,java.io.OutputStream);org.apache.poi.dev.OOXMLPrettyPrint:pretty(org.w3c.dom.Document,java.io.OutputStream,int);org.apache.poi.xssf.streaming.SXSSFCell:setCellValue(org.apache.poi.ss.usermodel.RichTextString);org.apache.poi.xssf.extractor.XSSFExportToXml:exportToXML(java.io.OutputStream,java.lang.String,boolean);org.apache.poi.xssf.streaming.SXSSFCell:ensureRichTextStringType()"
CVE-2019-10899,org.jolokia:jolokia-core:1.6.0,"org.jolokia.restrictor.AbstractConstantRestrictor:isOriginAllowed(java.lang.String,boolean);org.jolokia.backend.BackendManager:isOriginAllowed(java.lang.String,boolean);org.jolokia.http.HttpRequestHandler:handleCorsPreflightRequest(java.lang.String,java.lang.String);org.jolokia.http.HttpRequestHandler:checkAccess(java.lang.String,java.lang.String,java.lang.String);org.jolokia.http.AgentServlet:doOptions(javax.servlet.http.HttpServletRequest,javax.servlet.http.HttpServletResponse);org.jolokia.restrictor.PolicyRestrictor:isOriginAllowed(java.lang.String,boolean);org.jolokia.restrictor.PolicyRestrictor:isAttributeReadAllowed(javax.management.ObjectName,java.lang.String);org.jolokia.restrictor.policy.CorsChecker:check(java.lang.String,boolean)"
CVE-2013-1880,org.apache.activemq:activemq-web:5.6.0,"org.apache.activemq.web.PortfolioPublishServlet:doGet(javax.servlet.http.HttpServletRequest,javax.servlet.http.HttpServletResponse)"
CVE-2018-11762,org.apache.tika:tika-app:1.18,"org.apache.tika.cli.TikaCLI$FileEmbeddedDocumentExtractor:parseEmbedded(java.io.InputStream,org.xml.sax.ContentHandler,org.apache.tika.metadata.Metadata,boolean);org.apache.tika.cli.TikaCLI$TikaServer:run();org.apache.tika.cli.TikaCLI:process(java.lang.String)"
CVE-2021-29943,org.apache.solr:solr-core:7.4.0,org.apache.solr.security.ConfigurableInternodeAuthHadoopPlugin:init(java.util.Map);org.apache.solr.security.HadoopAuthPlugin:getInitFilterConfig(java.util.Map);org.apache.solr.security.HadoopAuthPlugin:init(java.util.Map)
CVE-2020-35213,io.atomix:atomix-storage:3.1.5,io.atomix.storage.journal.SegmentedJournalWriter:reset(long);io.atomix.storage.journal.FileChannelJournalSegmentWriter:flush()
CVE-2015-7940,org.bouncycastle:bcprov-jdk15on:1.50,"org.bouncycastle.math.ec.ECAlgorithms:shamirsTrick(org.bouncycastle.math.ec.ECPoint,java.math.BigInteger,org.bouncycastle.math.ec.ECPoint,java.math.BigInteger);org.bouncycastle.math.ec.ECPoint$Fp:getCompressionYTilde();org.bouncycastle.asn1.ua.DSTU4145PointEncoder:decodePoint(org.bouncycastle.math.ec.ECCurve,byte[]);org.bouncycastle.math.ec.ECCurve$F2m:<init>(int,int,int,int,org.bouncycastle.math.ec.ECFieldElement,org.bouncycastle.math.ec.ECFieldElement,java.math.BigInteger,java.math.BigInteger);org.bouncycastle.math.ec.ECCurve:importPoint(org.bouncycastle.math.ec.ECPoint);org.bouncycastle.math.ec.ECPoint$F2m:checkCurveEquation();org.bouncycastle.math.ec.ReferenceMultiplier:multiplyPositive(org.bouncycastle.math.ec.ECPoint,java.math.BigInteger);org.bouncycastle.math.ec.ECCurve:decodePoint(byte[]);org.bouncycastle.math.ec.ECCurve$F2m:<init>(int,int,int,int,java.math.BigInteger,java.math.BigInteger,java.math.BigInteger,java.math.BigInteger);org.bouncycastle.math.ec.ECPoint$Fp:subtract(org.bouncycastle.math.ec.ECPoint);org.bouncycastle.math.ec.ECCurve$F2m:decompressPoint(int,java.math.BigInteger);org.bouncycastle.math.ec.ECAlgorithms:sumOfTwoMultiplies(org.bouncycastle.math.ec.ECPoint,java.math.BigInteger,org.bouncycastle.math.ec.ECPoint,java.math.BigInteger);org.bouncycastle.math.ec.AbstractECMultiplier:multiply(org.bouncycastle.math.ec.ECPoint,java.math.BigInteger);org.bouncycastle.math.ec.ECCurve$Fp:decompressPoint(int,java.math.BigInteger)"
CVE-2013-4366,org.apache.httpcomponents:httpclient:4.3,org.apache.http.impl.client.HttpClientBuilder:build()
CVE-2015-5258,org.springframework.social:spring-social-core:1.1.2.RELEASE,org.springframework.social.support.ClientHttpRequestFactorySelector$HttpComponentsClientRequestFactoryCreator:getAllTrustClient(org.apache.http.HttpHost);org.springframework.social.support.ClientHttpRequestFactorySelector$HttpComponentsClientRequestFactoryCreator:getSSLContext()
CVE-2018-11776,org.apache.struts:struts2-core:2.3.16.3,"org.apache.struts2.dispatcher.ServletActionRedirectResult:execute(com.opensymphony.xwork2.ActionInvocation);org.apache.struts2.dispatcher.PostbackResult:makePostbackUri(com.opensymphony.xwork2.ActionInvocation);org.apache.struts2.dispatcher.PostbackResult:makePostbackUri(com.opensymphony.xwork2.ActionInvocation);org.apache.struts2.dispatcher.ServletActionRedirectResult:execute(com.opensymphony.xwork2.ActionInvocation);org.apache.struts2.dispatcher.StrutsResultSupport:execute(com.opensymphony.xwork2.ActionInvocation);org.apache.struts2.dispatcher.StrutsResultSupport:execute(com.opensymphony.xwork2.ActionInvocation);org.apache.struts2.dispatcher.mapper.DefaultActionMapper:parseNameAndNamespace(java.lang.String,org.apache.struts2.dispatcher.mapper.ActionMapping,com.opensymphony.xwork2.config.ConfigurationManager)"
CVE-2012-0022,tomcat:tomcat-coyote:5.5.23,org.apache.coyote.Request:<init>()
CVE-2021-45046,org.apache.logging.log4j:log4j-core:2.13.3,"org.apache.logging.log4j.core.pattern.MessagePatternConverter:newInstance(org.apache.logging.log4j.core.config.Configuration,java.lang.String[])"
CVE-2019-10088,org.apache.tika:tika-core:1.18,"org.apache.tika.parser.RecursiveParserWrapper$EmbeddedParserDecorator:parse(java.io.InputStream,org.xml.sax.ContentHandler,org.apache.tika.metadata.Metadata,org.apache.tika.parser.ParseContext);org.apache.tika.parser.RecursiveParserWrapper:parse(java.io.InputStream,org.xml.sax.ContentHandler,org.apache.tika.metadata.Metadata,org.apache.tika.parser.ParseContext)"
CVE-2017-3159,org.apache.camel:camel-snakeyaml:3.0.0-M4,"org.apache.camel.component.snakeyaml.SnakeYAMLDataFormat:unmarshal(org.apache.camel.Exchange,java.io.InputStream);org.apache.camel.component.snakeyaml.SnakeYAMLDataFormat:marshal(org.apache.camel.Exchange,java.lang.Object,java.io.OutputStream);org.apache.camel.component.snakeyaml.SnakeYAMLDataFormat:setUnmarshalType(java.lang.Class);org.apache.camel.component.snakeyaml.SnakeYAMLDataFormat:setClassTags(java.util.Map);org.apache.camel.component.snakeyaml.SnakeYAMLDataFormat:addClassTags(java.lang.Class,org.yaml.snakeyaml.nodes.Tag);org.apache.camel.component.snakeyaml.SnakeYAMLDataFormat:addTypeDescription(java.lang.Class,org.yaml.snakeyaml.nodes.Tag);org.apache.camel.component.snakeyaml.SnakeYAMLDataFormat:<init>();org.apache.camel.component.snakeyaml.SnakeYAMLDataFormat:setTypeDescriptions(java.util.List);org.apache.camel.component.snakeyaml.SnakeYAMLDataFormat:getYaml(org.apache.camel.CamelContext);org.apache.camel.component.snakeyaml.SnakeYAMLDataFormat:<init>(java.lang.Class)"
CVE-2015-5262,org.apache.httpcomponents:httpclient:4.3.5,"org.apache.http.conn.ssl.SSLConnectionSocketFactory:connectSocket(int,java.net.Socket,org.apache.http.HttpHost,java.net.InetSocketAddress,java.net.InetSocketAddress,org.apache.http.protocol.HttpContext);org.apache.http.conn.ssl.SSLSocketFactory:connectSocket(java.net.Socket,java.net.InetSocketAddress,java.net.InetSocketAddress,org.apache.http.params.HttpParams)"
CVE-2015-0886,org.mindrot:jbcrypt:0.3m,"org.mindrot.jbcrypt.BCrypt:crypt_raw(byte[],byte[],int);org.mindrot.jbcrypt.BCrypt:hashpw(java.lang.String,java.lang.String);org.mindrot.jbcrypt.BCrypt:gensalt(int,java.security.SecureRandom);org.mindrot.jbcrypt.BCrypt:hashpw(java.lang.String,java.lang.String);org.mindrot.jbcrypt.BCrypt:checkpw(java.lang.String,java.lang.String);org.mindrot.jbcrypt.BCrypt:gensalt(int,java.security.SecureRandom);org.mindrot.jbcrypt.BCrypt:crypt_raw(byte[],byte[],int)"
CVE-2016-1000352,org.bouncycastle:bcprov-jdk15on:1.54,"org.bouncycastle.jcajce.provider.asymmetric.ec.IESCipher$ECIESwithDESede:<init>();org.bouncycastle.jcajce.provider.asymmetric.dh.AlgorithmParametersSpi:engineInit(byte[]);org.bouncycastle.jcajce.provider.asymmetric.ec.IESCipher$OldECIESwithDESedeCBC:<init>();org.bouncycastle.jcajce.provider.asymmetric.ec.IESCipher$ECIESwithAES:<init>();org.bouncycastle.jcajce.provider.asymmetric.ec.IESCipher$ECIESwithCipher:<init>(org.bouncycastle.crypto.BlockCipher);org.bouncycastle.jcajce.provider.asymmetric.ec.IESCipher$OldECIESwithDESede:<init>();org.bouncycastle.jcajce.provider.asymmetric.ec.IESCipher$ECIESwithCipher:<init>(org.bouncycastle.crypto.BlockCipher,int);org.bouncycastle.jcajce.provider.asymmetric.ec.IESCipher$OldECIESwithCipher:<init>(org.bouncycastle.crypto.BlockCipher,int);org.bouncycastle.jcajce.provider.asymmetric.ec.IESCipher$ECIESwithCipher:<init>(org.bouncycastle.crypto.BlockCipher);org.bouncycastle.jcajce.provider.asymmetric.ec.IESCipher$OldECIESwithAES:<init>();org.bouncycastle.jcajce.provider.asymmetric.dh.IESCipher:engineUpdate(byte[],int,int,byte[],int);org.bouncycastle.jcajce.provider.asymmetric.DH$Mappings:configure(org.bouncycastle.jcajce.provider.config.ConfigurableProvider);org.bouncycastle.jcajce.provider.asymmetric.dh.IESCipher:engineInit(int,java.security.Key,java.security.spec.AlgorithmParameterSpec,java.security.SecureRandom);org.bouncycastle.jcajce.provider.asymmetric.ec.IESCipher$ECIESwithAESCBC:<init>();org.bouncycastle.jcajce.provider.asymmetric.dh.IESCipher:engineInit(int,java.security.Key,java.security.SecureRandom);org.bouncycastle.jcajce.provider.asymmetric.ec.IESCipher$OldECIES:<init>();org.bouncycastle.jce.spec.IESParameterSpec:<init>(byte[],byte[],int,int);org.bouncycastle.jcajce.provider.asymmetric.dh.AlgorithmParametersSpi:engineGetEncoded();org.bouncycastle.jcajce.provider.asymmetric.dh.IESCipher:engineGetIV();org.bouncycastle.jcajce.provider.asymmetric.dh.IESCipher:engineInit(int,java.security.Key,java.security.SecureRandom);org.bouncycastle.jcajce.provider.asymmetric.ec.IESCipher$ECIES:<init>();org.bouncycastle.jcajce.provider.asymmetric.dh.IESCipher:<init>(org.bouncycastle.crypto.engines.IESEngine);org.bouncycastle.jcajce.provider.asymmetric.ec.IESCipher$ECIESwithDESedeCBC:<init>();org.bouncycastle.jcajce.provider.asymmetric.ec.IESCipher$ECIESwithDESede:<init>();org.bouncycastle.jcajce.provider.asymmetric.ec.IESCipher:<init>(org.bouncycastle.crypto.engines.IESEngine,int);org.bouncycastle.jcajce.provider.asymmetric.dh.IESCipher:engineDoFinal(byte[],int,int);org.bouncycastle.jcajce.provider.asymmetric.ec.IESCipher$OldECIESwithCipher:<init>(org.bouncycastle.crypto.BlockCipher);org.bouncycastle.jcajce.provider.asymmetric.dh.IESCipher:engineGetIV();org.bouncycastle.jcajce.provider.asymmetric.EC$Mappings:configure(org.bouncycastle.jcajce.provider.config.ConfigurableProvider);org.bouncycastle.jcajce.provider.asymmetric.ec.IESCipher$OldECIESwithAESCBC:<init>();org.bouncycastle.jcajce.provider.asymmetric.ec.IESCipher$ECIESwithAES:<init>();org.bouncycastle.jcajce.provider.asymmetric.dh.IESCipher:engineInit(int,java.security.Key,java.security.spec.AlgorithmParameterSpec,java.security.SecureRandom);org.bouncycastle.jcajce.provider.asymmetric.util.IESUtil:guessParameterSpec(org.bouncycastle.crypto.BufferedBlockCipher)"
CVE-2016-1000342,org.bouncycastle:bcprov-jdk15on:1.54,"org.bouncycastle.jcajce.provider.asymmetric.ec.SignatureSpi$StdDSAEncoder:decode(byte[]);org.bouncycastle.jcajce.provider.asymmetric.dsa.DSASigner:derDecode(byte[]);org.bouncycastle.asn1.ASN1Enumerated:<init>(byte[]);org.bouncycastle.asn1.ASN1Integer:<init>(byte[],boolean)"
CVE-2022-24198,com.itextpdf:kernel:7.2.0,com.itextpdf.kernel.pdf.PdfReader:readDictionary(boolean)
CVE-2019-11274,org.cloudfoundry.identity:cloudfoundry-identity-scim:2.7.4,"org.cloudfoundry.identity.uaa.scim.endpoints.ScimUserEndpoints:findUsers(java.lang.String,java.lang.String,java.lang.String,java.lang.String,int,int);org.cloudfoundry.identity.uaa.scim.endpoints.UserIdConversionEndpoints:checkFilter(java.lang.String);org.cloudfoundry.identity.uaa.scim.endpoints.ScimGroupEndpoints:listGroups(java.lang.String,java.lang.String,java.lang.String,java.lang.String,int,int)"
CVE-2016-5018,org.apache.tomcat:tomcat-jasper:8.0.32,"org.apache.jasper.security.SecurityClassLoad:securityClassLoad(java.lang.ClassLoader);org.apache.jasper.runtime.JspRuntimeLibrary$PrivilegedIntrospectHelper:<init>(java.lang.Object,java.lang.String,java.lang.String,javax.servlet.ServletRequest,java.lang.String,boolean);org.apache.jasper.runtime.JspRuntimeLibrary:introspecthelper(java.lang.Object,java.lang.String,java.lang.String,javax.servlet.ServletRequest,java.lang.String,boolean);org.apache.jasper.runtime.JspRuntimeLibrary:internalIntrospecthelper(java.lang.Object,java.lang.String,java.lang.String,javax.servlet.ServletRequest,java.lang.String,boolean);org.apache.jasper.runtime.JspRuntimeLibrary$PrivilegedIntrospectHelper:run()"
CVE-2021-33604,com.vaadin:flow-server:6.0.2,"com.vaadin.flow.server.StaticFileServer:serveStaticResource(javax.servlet.http.HttpServletRequest,javax.servlet.http.HttpServletResponse);com.vaadin.flow.server.DevModeHandler:serveDevModeRequest(javax.servlet.http.HttpServletRequest,javax.servlet.http.HttpServletResponse)"
CVE-2011-5062,org.apache.tomcat:tomcat-catalina:7.0.8,"org.apache.catalina.authenticator.DigestAuthenticator:generateNOnce(org.apache.catalina.connector.Request);org.apache.catalina.authenticator.DigestAuthenticator:findPrincipal(org.apache.catalina.connector.Request,java.lang.String,org.apache.catalina.Realm);org.apache.catalina.realm.RealmBase:authenticate(java.lang.String,java.lang.String,java.lang.String,java.lang.String,java.lang.String,java.lang.String,java.lang.String,java.lang.String);org.apache.catalina.authenticator.DigestAuthenticator:findPrincipal(org.apache.catalina.connector.Request,java.lang.String,org.apache.catalina.Realm);org.apache.catalina.authenticator.DigestAuthenticator:parseUsername(java.lang.String);org.apache.catalina.authenticator.DigestAuthenticator:authenticate(org.apache.catalina.connector.Request,javax.servlet.http.HttpServletResponse,org.apache.catalina.deploy.LoginConfig);org.apache.catalina.authenticator.DigestAuthenticator:parseUsername(java.lang.String);org.apache.catalina.authenticator.DigestAuthenticator:setAuthenticateHeader(javax.servlet.http.HttpServletRequest,javax.servlet.http.HttpServletResponse,org.apache.catalina.deploy.LoginConfig,java.lang.String);org.apache.catalina.realm.RealmBase:authenticate(java.lang.String,java.lang.String,java.lang.String,java.lang.String,java.lang.String,java.lang.String,java.lang.String,java.lang.String);org.apache.catalina.authenticator.DigestAuthenticator:generateNOnce(org.apache.catalina.connector.Request)"
CVE-2021-25640,org.apache.dubbo:dubbo-common:2.7.8,org.apache.dubbo.common.URL:valueOf(java.lang.String)
CVE-2022-24197,com.itextpdf:io:7.1.15,"com.itextpdf.io.source.OutputStream:reset();com.itextpdf.io.source.OutputStream:writeFloat(float);com.itextpdf.io.source.ByteArrayOutputStream:assignBytes(byte[],int);com.itextpdf.io.source.OutputStream:writeFloats(float[]);com.itextpdf.io.source.OutputStream:writeDouble(double);com.itextpdf.io.codec.Base64$OutputStream:close()"
CVE-2020-36319,com.vaadin:flow-server:3.0.0,com.vaadin.flow.server.connect.VaadinConnectController:getDefaultObjectMapper(org.springframework.context.ApplicationContext)
CVE-2018-8018,org.apache.ignite:ignite-core:2.3.0,"org.apache.ignite.internal.IgniteKernal:start(org.apache.ignite.configuration.IgniteConfiguration,java.util.concurrent.ExecutorService,java.util.concurrent.ExecutorService,java.util.concurrent.ExecutorService,java.util.concurrent.ExecutorService,org.apache.ignite.internal.util.StripedExecutor,java.util.concurrent.ExecutorService,java.util.concurrent.ExecutorService,java.util.concurrent.ExecutorService,org.apache.ignite.internal.util.StripedExecutor,java.util.concurrent.ExecutorService,java.util.concurrent.ExecutorService,java.util.concurrent.ExecutorService,org.apache.ignite.thread.IgniteStripedThreadPoolExecutor,java.util.concurrent.ExecutorService,java.util.concurrent.ExecutorService,java.util.Map,org.apache.ignite.internal.util.lang.GridAbsClosure);org.apache.ignite.internal.client.marshaller.jdk.GridClientJdkMarshaller:unmarshal(byte[]);org.apache.ignite.internal.processors.rest.protocols.tcp.GridTcpRestProtocol:onKernalStart();org.apache.ignite.internal.client.router.impl.GridTcpRouterNioListenerAdapter:<init>(org.apache.ignite.IgniteLogger,org.apache.ignite.internal.client.router.impl.GridRouterClientImpl)"
CVE-2012-0047,org.apache.wicket:wicket:1.4.17,org.apache.wicket.markup.html.pages.BrowserInfoPage:initComps()
CVE-2017-7674,org.apache.tomcat:tomcat-catalina:8.0.32,"org.apache.catalina.filters.CorsFilter:handleSimpleCORS(javax.servlet.http.HttpServletRequest,javax.servlet.http.HttpServletResponse,javax.servlet.FilterChain)"
CVE-2020-11612,io.netty:netty-codec:4.1.5.Final,"io.netty.handler.codec.compression.JZlibDecoder:<init>(io.netty.handler.codec.compression.ZlibWrapper);io.netty.handler.codec.compression.JdkZlibDecoder:<init>(io.netty.handler.codec.compression.ZlibWrapper);io.netty.handler.codec.compression.JZlibDecoder:decode(io.netty.channel.ChannelHandlerContext,io.netty.buffer.ByteBuf,java.util.List);io.netty.handler.codec.compression.JZlibDecoder:<init>(byte[]);io.netty.handler.codec.compression.JdkZlibDecoder:<init>();io.netty.handler.codec.compression.JdkZlibDecoder:decode(io.netty.channel.ChannelHandlerContext,io.netty.buffer.ByteBuf,java.util.List);io.netty.handler.codec.compression.JdkZlibDecoder:<init>(byte[]);io.netty.handler.codec.compression.JZlibDecoder:<init>()"
CVE-2020-5397,org.springframework:spring-web:5.2.2.RELEASE,org.springframework.web.cors.reactive.CorsUtils:isSameOrigin(org.springframework.http.server.reactive.ServerHttpRequest);org.springframework.web.cors.reactive.CorsUtils:isPreFlightRequest(org.springframework.http.server.reactive.ServerHttpRequest)
CVE-2021-29425,commons-io:commons-io:2.4,org.apache.commons.io.FilenameUtils:getPrefixLength(java.lang.String)
CVE-2010-1330,org.jruby.jcodings:jcodings:1.0.1,"org.jcodings.specific.NonStrictUTF8Encoding:<init>();org.jcodings.specific.NonStrictUTF8Encoding:length(byte[],int,int)"
CVE-2019-0199,org.apache.tomcat:tomcat-coyote:8.5.20,"org.apache.coyote.http2.Http2UpgradeHandler:close();org.apache.coyote.http2.Stream$StreamInputBuffer:doRead(org.apache.tomcat.util.net.ApplicationBufferHandler);org.apache.coyote.http2.Stream:reserveWindowSize(int,boolean)"
CVE-2012-6092,org.apache.activemq:activemq-web:5.6.0,"org.apache.activemq.web.PortfolioPublishServlet:doGet(javax.servlet.http.HttpServletRequest,javax.servlet.http.HttpServletResponse)"
CVE-2020-1928,org.apache.nifi:nifi-web-api:1.10.0,"org.apache.nifi.web.api.ProcessGroupResource:uploadTemplate(javax.servlet.http.HttpServletRequest,javax.ws.rs.core.UriInfo,java.lang.String,java.lang.Boolean,java.io.InputStream);org.apache.nifi.web.api.ProcessGroupResource:importTemplate(javax.servlet.http.HttpServletRequest,java.lang.String,org.apache.nifi.web.api.entity.TemplateEntity);org.apache.nifi.web.api.ProcessGroupResource:isProcessorActionComplete(java.util.Set,org.apache.nifi.registry.variable.VariableRegistryUpdateRequest,java.util.Set,org.apache.nifi.controller.ScheduledState)"
CVE-2017-2582,org.keycloak:keycloak-saml-core:2.5.0.Final,org.keycloak.saml.common.util.StaxParserUtil:getElementText(javax.xml.stream.XMLEventReader);org.keycloak.saml.common.util.StaxParserUtil:getAttributeValue(javax.xml.stream.events.Attribute)
CVE-2015-2156,io.netty:netty-codec-http:4.1.0.Beta4,"io.netty.handler.codec.http.DefaultCookie:validateValue(java.lang.String,java.lang.String);io.netty.handler.codec.http.DefaultCookie:getValue();io.netty.handler.codec.http.DefaultCookie:<init>(java.lang.String,java.lang.String);io.netty.handler.codec.http.DefaultCookie:getDomain();io.netty.handler.codec.http.ServerCookieDecoder:<init>();io.netty.handler.codec.http.CookieEncoderUtil:stripTrailingSeparatorOrNull(java.lang.StringBuilder);io.netty.handler.codec.http.DefaultCookie:getComment();io.netty.handler.codec.http.CookieEncoderUtil:stripTrailingSeparatorOrNull(java.lang.StringBuilder);io.netty.handler.codec.http.HttpHeaderDateFormat:get();io.netty.handler.codec.http.DefaultCookie:setPorts(java.lang.Iterable);io.netty.handler.codec.http.ServerCookieDecoder:decode(java.lang.String);io.netty.handler.codec.http.DefaultCookie:setDomain(java.lang.String);io.netty.handler.codec.http.DefaultCookie:setSecure(boolean);io.netty.handler.codec.http.ClientCookieEncoder:encode(java.lang.String,java.lang.String);io.netty.handler.codec.http.DefaultCookie:ports();io.netty.handler.codec.http.ClientCookieEncoder:encode(java.lang.Iterable);io.netty.handler.codec.http.DefaultCookie:isSecure();io.netty.handler.codec.http.DefaultCookie:isHttpOnly();io.netty.handler.codec.http.DefaultCookie:setHttpOnly(boolean);io.netty.handler.codec.http.DefaultCookie:compareTo(io.netty.handler.codec.http.Cookie);io.netty.handler.codec.http.DefaultCookie:getName();io.netty.handler.codec.http.CookieEncoderUtil:<init>();io.netty.handler.codec.http.DefaultCookie:toString();io.netty.handler.codec.http.ClientCookieDecoder$CookieBuilder:mergeMaxAgeAndExpire(long,java.lang.String);io.netty.handler.codec.http.DefaultCookie:getPath();io.netty.handler.codec.http.ClientCookieEncoder:encode(io.netty.handler.codec.http.Cookie);io.netty.handler.codec.http.DefaultCookie:equals(java.lang.Object);io.netty.handler.codec.http.CookieEncoderUtil:stringBuilder();io.netty.handler.codec.http.CookieEncoderUtil:addQuoted(java.lang.StringBuilder,java.lang.String,java.lang.String);io.netty.handler.codec.http.ClientCookieEncoder:encode(java.lang.StringBuilder,io.netty.handler.codec.http.Cookie);io.netty.handler.codec.http.CookieEncoderUtil:addUnquoted(java.lang.StringBuilder,java.lang.String,java.lang.String);io.netty.handler.codec.http.ServerCookieEncoder:encode(io.netty.handler.codec.http.Cookie);io.netty.handler.codec.http.DefaultCookie:setPath(java.lang.String);io.netty.handler.codec.http.ClientCookieDecoder$CookieBuilder:setMaxAge(java.lang.String);io.netty.handler.codec.http.CookieDecoder:decode(java.lang.String);io.netty.handler.codec.http.DefaultCookie:setValue(java.lang.String);io.netty.handler.codec.http.DefaultCookie:getMaxAge();io.netty.handler.codec.http.CookieEncoderUtil:add(java.lang.StringBuilder,java.lang.String,java.lang.String);io.netty.handler.codec.http.CookieEncoderUtil:add(java.lang.StringBuilder,java.lang.String,long);io.netty.handler.codec.http.DefaultCookie:hashCode();io.netty.handler.codec.http.DefaultCookie:getVersion()"
CVE-2019-12402,org.apache.commons:commons-compress:1.18,org.apache.commons.compress.archivers.zip.NioZipEncoding:encode(java.lang.String)
CVE-2018-25007,com.vaadin:flow-server:1.0.5,"com.vaadin.flow.internal.nodefeature.ElementPropertyMap:deferredUpdateFromClient(java.lang.String,java.io.Serializable)"
CVE-2018-8009,org.apache.hadoop:hadoop-common:2.7.2,"org.apache.hadoop.fs.FileUtil:unpackEntries(org.apache.commons.compress.archivers.tar.TarArchiveInputStream,org.apache.commons.compress.archivers.tar.TarArchiveEntry,java.io.File);org.apache.hadoop.fs.FileUtil:unZip(java.io.File,java.io.File);org.apache.hadoop.util.RunJar:unJar(java.io.File,java.io.File,java.util.regex.Pattern)"
CVE-2018-1305,org.apache.tomcat:tomcat-catalina:9.0.56,"org.apache.catalina.authenticator.AuthenticatorBase:invoke(org.apache.catalina.connector.Request,org.apache.catalina.connector.Response);org.apache.catalina.core.StandardContext:addServletSecurity(javax.servlet.ServletRegistration$Dynamic,javax.servlet.ServletSecurityElement);org.apache.catalina.core.ApplicationServletRegistration:setServletSecurity(javax.servlet.ServletSecurityElement);org.apache.catalina.core.ApplicationContext:addServlet(java.lang.String,java.lang.String,javax.servlet.Servlet,java.util.Map);org.apache.catalina.startup.ContextConfig:authenticatorConfig();org.apache.catalina.startup.WebAnnotationSet:loadApplicationServletAnnotations(org.apache.catalina.Context);org.apache.catalina.core.StandardWrapper:loadServlet();org.apache.catalina.startup.Tomcat$FixContextListener:lifecycleEvent(org.apache.catalina.LifecycleEvent)"
CVE-2014-0112,org.apache.struts.xwork:xwork-core:2.3.16.3,com.opensymphony.xwork2.interceptor.ParametersInterceptor:setExcludeParams(java.lang.String)
CVE-2018-8017,org.apache.tika:tika-parsers:1.3,"org.apache.tika.parser.iptc.IptcAnpaParser:parseFooter(byte[],java.util.HashMap);org.apache.tika.parser.iptc.IptcAnpaParser:parseBody(byte[],java.util.HashMap)"
CVE-2018-12036,org.owasp:dependency-check-core:1.4.5,"org.owasp.dependencycheck.analyzer.ArchiveAnalyzer:extractFiles(java.io.File,java.io.File,org.owasp.dependencycheck.Engine);org.owasp.dependencycheck.utils.ExtractionUtil:extractFilesUsingFilter(java.io.File,java.io.File,java.io.FilenameFilter);org.owasp.dependencycheck.utils.ExtractionUtil:extractFile(org.apache.commons.compress.archivers.ArchiveInputStream,java.io.File,java.io.FilenameFilter,org.apache.commons.compress.archivers.ArchiveEntry);org.owasp.dependencycheck.utils.ExtractionUtil:extractFiles(java.io.File,java.io.File,org.owasp.dependencycheck.Engine);org.owasp.dependencycheck.analyzer.ArchiveAnalyzer:extractArchive(org.apache.commons.compress.archivers.ArchiveInputStream,java.io.File,org.owasp.dependencycheck.Engine);org.owasp.dependencycheck.utils.ExtractionUtil:extractArchive(org.apache.commons.compress.archivers.ArchiveInputStream,java.io.File,java.io.FilenameFilter)"
CVE-2018-1257,org.springframework:spring-messaging:4.3.14.RELEASE,"org.springframework.messaging.simp.broker.DefaultSubscriptionRegistry:setSelectorHeaderName(java.lang.String);org.springframework.messaging.simp.broker.DefaultSubscriptionRegistry:addSubscriptionInternal(java.lang.String,java.lang.String,java.lang.String,org.springframework.messaging.Message);org.springframework.messaging.simp.broker.SimpleBrokerMessageHandler:setSubscriptionRegistry(org.springframework.messaging.simp.broker.SubscriptionRegistry);org.springframework.messaging.simp.config.SimpleBrokerRegistration:getMessageHandler(org.springframework.messaging.SubscribableChannel)"
CVE-2021-39151,com.thoughtworks.xstream:xstream:1.4.11.1,"com.thoughtworks.xstream.XStream:setupSecurity();com.thoughtworks.xstream.XStream:unmarshal(com.thoughtworks.xstream.io.HierarchicalStreamReader,java.lang.Object,com.thoughtworks.xstream.converters.DataHolder);com.thoughtworks.xstream.XStream:setupDefaultSecurity(com.thoughtworks.xstream.XStream);com.thoughtworks.xstream.XStream:readResolve();com.thoughtworks.xstream.XStreamer:fromXML(com.thoughtworks.xstream.io.HierarchicalStreamDriver,java.io.Reader,com.thoughtworks.xstream.security.TypePermission[]);com.thoughtworks.xstream.XStream:addPermission(com.thoughtworks.xstream.security.TypePermission);com.thoughtworks.xstream.XStreamer:toXML(com.thoughtworks.xstream.XStream,java.lang.Object,java.io.Writer)"
CVE-2017-7660,org.apache.solr:solr-core:6.4.2,org.apache.solr.security.PKIAuthenticationPlugin:getRemotePublicKey(java.lang.String)
CVE-2021-43859,com.thoughtworks.xstream:xstream:1.3.1,"com.thoughtworks.xstream.XStream:unmarshal(com.thoughtworks.xstream.io.HierarchicalStreamReader,java.lang.Object,com.thoughtworks.xstream.converters.DataHolder);com.thoughtworks.xstream.core.TreeUnmarshaller:convertAnother(java.lang.Object,java.lang.Class,com.thoughtworks.xstream.converters.Converter)"
CVE-2021-28164,org.eclipse.jetty:jetty-server:9.4.38.v20210224,org.eclipse.jetty.server.Request:setMetaData(org.eclipse.jetty.http.MetaData$Request)
CVE-2017-4971,org.springframework.webflow:spring-webflow:2.4.4.RELEASE,"org.springframework.webflow.mvc.view.AbstractMvcView:addEmptyValueMapping(org.springframework.binding.mapping.impl.DefaultMapper,java.lang.String,java.lang.Object)"
CVE-2017-17485,com.fasterxml.jackson.core:jackson-databind:2.9.0,"com.fasterxml.jackson.databind.deser.BeanDeserializerFactory:checkIllegalTypes(com.fasterxml.jackson.databind.DeserializationContext,com.fasterxml.jackson.databind.JavaType,com.fasterxml.jackson.databind.BeanDescription);com.fasterxml.jackson.databind.deser.BeanDeserializerFactory:createBeanDeserializer(com.fasterxml.jackson.databind.DeserializationContext,com.fasterxml.jackson.databind.JavaType,com.fasterxml.jackson.databind.BeanDescription)"
CVE-2012-5886,tomcat:catalina:5.5.23,"org.apache.catalina.authenticator.DigestAuthenticator:authenticate(org.apache.catalina.connector.Request,org.apache.catalina.connector.Response,org.apache.catalina.deploy.LoginConfig);org.apache.catalina.authenticator.DigestAuthenticator:<init>();org.apache.catalina.authenticator.DigestAuthenticator:removeQuotes(java.lang.String,boolean)"
CVE-2016-4430,org.apache.struts.xwork:xwork-core:2.3.20,"com.opensymphony.xwork2.DefaultActionInvocation:invokeAction(java.lang.Object,com.opensymphony.xwork2.config.entities.ActionConfig);com.opensymphony.xwork2.ognl.OgnlUtil:setValue(java.lang.String,java.util.Map,java.lang.Object,java.lang.Object)"
CVE-2016-4436,org.apache.struts:struts2-core:2.3.16.3,org.apache.struts2.dispatcher.mapper.DefaultActionMapper:cleanupActionName(java.lang.String)
CVE-2014-0054,org.springframework:spring-oxm:3.0.5.RELEASE,"org.springframework.oxm.jibx.JibxMarshaller:transformAndMarshal(java.lang.Object,javax.xml.transform.Result);org.springframework.oxm.support.AbstractMarshaller:createXmlReader();org.springframework.oxm.support.AbstractMarshaller:unmarshal(javax.xml.transform.Source);org.springframework.oxm.jibx.JibxMarshaller:unmarshalDomNode(org.w3c.dom.Node);org.springframework.oxm.jibx.JibxMarshaller:unmarshalSaxReader(org.xml.sax.XMLReader,org.xml.sax.InputSource);org.springframework.oxm.jibx.JibxMarshaller:transformAndUnmarshal(javax.xml.transform.Source)"
CVE-2018-14627,org.wildfly:wildfly-iiop-openjdk:14.0.0.Final,"org.wildfly.iiop.openjdk.IIOPTransformers:registerTransformers(org.jboss.as.controller.transform.SubsystemTransformerRegistration);org.wildfly.iiop.openjdk.service.CorbaPOAService:createPolicies(org.omg.PortableServer.POA);org.wildfly.iiop.openjdk.service.CorbaORBService:start(org.jboss.msc.service.StartContext);org.wildfly.iiop.openjdk.IIOPExtension:initialize(org.jboss.as.controller.ExtensionContext);org.wildfly.iiop.openjdk.IIOPSubsystemAdd:launchServices(org.jboss.as.controller.OperationContext,org.jboss.dmr.ModelNode);org.wildfly.iiop.openjdk.IIOPExtension:initializeParsers(org.jboss.as.controller.parsing.ExtensionParsingContext)"
CVE-2016-4800,org.eclipse.jetty:jetty-util:9.3.8.v20160314,"org.eclipse.jetty.util.resource.PathResource:<init>(java.nio.file.Path);org.eclipse.jetty.util.resource.FileResource:getURI();org.eclipse.jetty.util.resource.FileResource:<init>(java.io.File);org.eclipse.jetty.util.resource.FileResource:getURL();org.eclipse.jetty.util.resource.FileResource:hashCode();org.eclipse.jetty.util.resource.FileResource:copyTo(java.io.File);org.eclipse.jetty.util.resource.FileResource:checkFileAlias(java.io.File);org.eclipse.jetty.util.resource.PathResource:<init>(java.net.URI);org.eclipse.jetty.util.resource.FileResource:<init>(java.net.URL);org.eclipse.jetty.util.resource.FileResource:renameTo(org.eclipse.jetty.util.resource.Resource);org.eclipse.jetty.util.resource.FileResource:normalizeURI(java.io.File,java.net.URI);org.eclipse.jetty.util.resource.PathResource:checkAliasPath(java.nio.file.Path);org.eclipse.jetty.util.resource.PathResource:addPath(java.lang.String);org.eclipse.jetty.util.resource.FileResource:toString();org.eclipse.jetty.util.resource.FileResource:list();org.eclipse.jetty.util.resource.FileResource:<init>(java.net.URI);org.eclipse.jetty.util.resource.FileResource:delete();org.eclipse.jetty.util.resource.FileResource:isDirectory();org.eclipse.jetty.util.resource.FileResource:addPath(java.lang.String)"
CVE-2016-9589,io.undertow:undertow-core:1.4.4.Final,"io.undertow.server.protocol.http.HttpRequestParser:handleHeaderValue(java.nio.ByteBuffer,io.undertow.server.protocol.http.ParseState,io.undertow.server.HttpServerExchange);io.undertow.server.protocol.http.HttpRequestParser:handleHeaderValueCacheMiss(java.nio.ByteBuffer,io.undertow.server.protocol.http.ParseState,io.undertow.server.HttpServerExchange,io.undertow.util.HttpString,java.util.HashMap,java.lang.StringBuilder);io.undertow.server.protocol.http.HttpRequestParser:<init>(org.xnio.OptionMap);io.undertow.client.http.ResponseParseState:<init>();io.undertow.server.protocol.http.HttpReadListener:<init>(io.undertow.server.protocol.http.HttpServerConnection,io.undertow.server.protocol.http.HttpRequestParser,io.undertow.server.ConnectorStatisticsImpl)"
CVE-2016-2162,org.apache.struts.xwork:xwork-core:2.3.16.3,com.opensymphony.xwork2.interceptor.I18nInterceptor:getLocaleFromParam(java.lang.Object);com.opensymphony.xwork2.interceptor.I18nInterceptor:getLocaleFromParam(java.lang.Object)
CVE-2015-4165,org.elasticsearch:elasticsearch:1.5.2,"org.elasticsearch.env.Environment:<init>(org.elasticsearch.common.settings.Settings);org.elasticsearch.repositories.fs.FsRepository:<init>(org.elasticsearch.repositories.RepositoryName,org.elasticsearch.repositories.RepositorySettings,org.elasticsearch.index.snapshots.IndexShardRepository)"
CVE-2018-1000850,com.squareup.retrofit2:retrofit:2.3.0,"retrofit2.RequestBuilder:addPathParam(java.lang.String,java.lang.String,boolean)"
CVE-2013-6468,org.drools:drools-workbench-models-test-scenarios:6.0.0.CR1,"org.drools.workbench.models.testscenarios.backend.populators.CollectionFieldPopulator:populate(java.util.Map);org.drools.workbench.models.testscenarios.backend.executors.MethodExecutor:executeMethod(org.drools.workbench.models.testscenarios.shared.CallMethod);org.drools.workbench.models.testscenarios.backend.populators.EnumFieldPopulator:populate(java.util.Map);org.drools.workbench.models.testscenarios.backend.populators.FieldPopulator:populateField(java.lang.Object,java.util.Map);org.drools.workbench.models.testscenarios.backend.populators.ExpressionFieldPopulator:populate(java.util.Map);org.drools.workbench.models.testscenarios.backend.verifiers.FactFieldValueVerifier:getExpectedResult()"
CVE-2018-14658,org.keycloak:keycloak-services:3.4.3.Final,"org.keycloak.protocol.oidc.utils.RedirectUtils:verifyRedirectUri(javax.ws.rs.core.UriInfo,java.lang.String,java.lang.String,org.keycloak.models.RealmModel,java.util.Set,boolean)"
CVE-2018-18240,ro.pippo:pippo-session:1.11.0,ro.pippo.session.SerializationSessionDataTranscoder:decode(java.lang.String)
CVE-2021-21351,com.thoughtworks.xstream:xstream:1.4.11.1,com.thoughtworks.xstream.mapper.ImmutableTypesMapper:isReferenceable(java.lang.Class)
CVE-2014-3574,org.apache.poi:poi-ooxml:3.9,"org.apache.poi.xssf.extractor.XSSFExportToXml:getEmptyDocument();org.apache.poi.xssf.extractor.XSSFImportFromXML:importFromXML(java.lang.String);org.apache.poi.POIXMLDocument:<init>(org.apache.poi.openxml4j.opc.OPCPackage);org.apache.poi.openxml4j.opc.internal.ContentTypeManager:parseContentTypesFile(java.io.InputStream);org.apache.poi.xssf.eventusermodel.ReadOnlySharedStringsTable:readFrom(java.io.InputStream);org.apache.poi.openxml4j.opc.PackageRelationshipCollection:parseRelationshipsPart(org.apache.poi.openxml4j.opc.PackagePart);org.apache.poi.xssf.extractor.XSSFExportToXml:exportToXML(java.io.OutputStream,java.lang.String,boolean);org.apache.poi.openxml4j.opc.internal.unmarshallers.PackagePropertiesUnmarshaller:unmarshall(org.apache.poi.openxml4j.opc.internal.unmarshallers.UnmarshallContext,java.io.InputStream);org.apache.poi.xssf.extractor.XSSFEventBasedExcelExtractor:processSheet(org.apache.poi.xssf.eventusermodel.XSSFSheetXMLHandler$SheetContentsHandler,org.apache.poi.xssf.model.StylesTable,org.apache.poi.xssf.eventusermodel.ReadOnlySharedStringsTable,java.io.InputStream)"
CVE-2013-2055,org.apache.wicket:wicket-core:6.7.0,org.apache.wicket.markup.html.PackageResourceGuard:acceptAbsolutePath(java.lang.String)
CVE-2021-21295,io.netty:netty-codec-http2:4.1.52.Final,"io.netty.handler.codec.http2.DefaultHttp2ConnectionDecoder$FrameReadListener:onDataRead(io.netty.channel.ChannelHandlerContext,int,io.netty.buffer.ByteBuf,int,boolean);io.netty.handler.codec.http2.DefaultHttp2ConnectionDecoder$FrameReadListener:onHeadersRead(io.netty.channel.ChannelHandlerContext,int,io.netty.handler.codec.http2.Http2Headers,int,short,boolean,int,boolean);io.netty.handler.codec.http2.DefaultHttp2ConnectionDecoder:<init>(io.netty.handler.codec.http2.Http2Connection,io.netty.handler.codec.http2.Http2ConnectionEncoder,io.netty.handler.codec.http2.Http2FrameReader,io.netty.handler.codec.http2.Http2PromisedRequestVerifier,boolean,boolean)"
CVE-2017-15718,org.apache.hadoop:hadoop-yarn-server-nodemanager:2.7.2,"org.apache.hadoop.yarn.server.nodemanager.LinuxContainerExecutor:launchContainer(org.apache.hadoop.yarn.server.nodemanager.containermanager.container.Container,org.apache.hadoop.fs.Path,org.apache.hadoop.fs.Path,java.lang.String,java.lang.String,org.apache.hadoop.fs.Path,java.util.List,java.util.List);org.apache.hadoop.yarn.server.nodemanager.LinuxContainerExecutor:startLocalizer(org.apache.hadoop.fs.Path,java.net.InetSocketAddress,java.lang.String,java.lang.String,java.lang.String,org.apache.hadoop.yarn.server.nodemanager.LocalDirsHandlerService)"
CVE-2020-27216,org.eclipse.jetty:jetty-http:9.4.31.v20200723,org.eclipse.jetty.http.MultiPartFormInputStream:setDeleteOnExit(boolean);org.eclipse.jetty.http.MultiPartFormInputStream$MultiPart:createFile();org.eclipse.jetty.http.MultiPartFormInputStream:isDeleteOnExit()
CVE-2019-9827,io.hawt:hawtio-system:1.4.55,"io.hawt.web.ProxyServlet:destroy();io.hawt.web.ProxyServlet:service(javax.servlet.http.HttpServletRequest,javax.servlet.http.HttpServletResponse);io.hawt.web.ProxyServlet:init(javax.servlet.ServletConfig);io.hawt.web.ProxyServlet:parseProxyAddress(javax.servlet.http.HttpServletRequest)"
CVE-2015-2944,org.apache.sling:org.apache.sling.api:2.1.0,"org.apache.sling.api.servlets.HtmlResponse:send(javax.servlet.http.HttpServletResponse,boolean)"
CVE-2014-0168,org.jolokia:jolokia-core:1.2.0,"org.jolokia.restrictor.policy.CorsChecker:check(java.lang.String);org.jolokia.http.HttpRequestHandler:handleCorsPreflightRequest(java.lang.String,java.lang.String);org.jolokia.http.AgentServlet:handle(org.jolokia.http.AgentServlet$ServletRequestHandler,javax.servlet.http.HttpServletRequest,javax.servlet.http.HttpServletResponse);org.jolokia.restrictor.policy.CorsChecker:<init>(org.w3c.dom.Document);org.jolokia.restrictor.PolicyRestrictor:isCorsAccessAllowed(java.lang.String);org.jolokia.http.HttpRequestHandler:checkClientIPAccess(java.lang.String,java.lang.String);org.jolokia.backend.BackendManager:isCorsAccessAllowed(java.lang.String);org.jolokia.restrictor.AbstractConstantRestrictor:isCorsAccessAllowed(java.lang.String);org.jolokia.http.HttpRequestHandler:extractCorsOrigin(java.lang.String)"
CVE-2014-9527,org.apache.poi:poi-scratchpad:3.9,"org.apache.poi.hslf.HSLFSlideShow:readPictures();org.apache.poi.hslf.HSLFSlideShow:read(byte[],int)"
CVE-2011-0534,org.apache.tomcat:tomcat-coyote:7.0.5,"org.apache.coyote.http11.InternalNioInputBuffer:parseRequestLine(boolean);org.apache.coyote.http11.InternalNioInputBuffer:parseHeaders();org.apache.coyote.http11.InternalNioInputBuffer:<init>(org.apache.coyote.Request,int);org.apache.coyote.http11.InternalNioInputBuffer:setSocket(org.apache.tomcat.util.net.NioChannel);org.apache.coyote.http11.InternalNioInputBuffer:expand(int);org.apache.coyote.http11.InternalNioInputBuffer:fill(boolean,boolean)"
CVE-2014-8122,org.jboss.weld:weld-core-impl:3.0.0.Alpha2,org.jboss.weld.context.cache.RequestScopedCache:beginRequest();org.jboss.weld.servlet.ConversationContextActivator:deactivateConversationContext(javax.servlet.http.HttpServletRequest);org.jboss.weld.context.cache.RequestScopedCache:endRequest();org.jboss.weld.servlet.HttpContextLifecycle:requestDestroyed(javax.servlet.http.HttpServletRequest)
CVE-2015-5211,org.springframework:spring-websocket:4.1.5.RELEASE,"org.springframework.web.socket.sockjs.support.AbstractSockJsService:handleRequest(org.springframework.http.server.ServerHttpRequest,org.springframework.http.server.ServerHttpResponse,java.lang.String,org.springframework.web.socket.WebSocketHandler);org.springframework.web.socket.sockjs.transport.handler.JsonpPollingTransportHandler:getFrameFormat(org.springframework.http.server.ServerHttpRequest);org.springframework.web.socket.sockjs.transport.handler.AbstractHttpSendingTransportHandler:getCallbackParam(org.springframework.http.server.ServerHttpRequest)"
CVE-2013-6407,org.apache.solr:solr-core:4.0.0,"org.apache.solr.handler.loader.XMLLoader:init(org.apache.solr.common.params.SolrParams);org.apache.solr.handler.loader.XMLLoader:load(org.apache.solr.request.SolrQueryRequest,org.apache.solr.response.SolrQueryResponse,org.apache.solr.common.util.ContentStream,org.apache.solr.update.processor.UpdateRequestProcessor)"
CVE-2018-11758,org.apache.cayenne:cayenne-server:4.2.M3,org.apache.cayenne.util.Util:createXmlReader()
CVE-2019-0212,org.apache.hbase:hbase-rest:2.1.3,"org.apache.hadoop.hbase.rest.SchemaResource:replace(org.apache.hadoop.hbase.TableName,org.apache.hadoop.hbase.rest.model.TableSchemaModel,javax.ws.rs.core.UriInfo,org.apache.hadoop.hbase.client.Admin);org.apache.hadoop.hbase.rest.RESTServer:addCSRFFilter(org.eclipse.jetty.servlet.ServletContextHandler,org.apache.hadoop.conf.Configuration);org.apache.hadoop.hbase.rest.SchemaResource:update(org.apache.hadoop.hbase.rest.model.TableSchemaModel,boolean,javax.ws.rs.core.UriInfo);org.apache.hadoop.hbase.rest.RESTServer:loginServerPrincipal(org.apache.hadoop.hbase.security.UserProvider,org.apache.hadoop.conf.Configuration);org.apache.hadoop.hbase.rest.filter.AuthFilter:getConfiguration(java.lang.String,javax.servlet.FilterConfig);org.apache.hadoop.hbase.rest.RESTServer:parseCommandLine(java.lang.String[],org.apache.hadoop.hbase.rest.RESTServlet);org.apache.hadoop.hbase.rest.RESTServer:getTrimmedStringList(org.apache.hadoop.conf.Configuration,java.lang.String,java.lang.String);org.apache.hadoop.hbase.rest.RESTServer:main(java.lang.String[])"
CVE-2018-8026,org.apache.solr:solr-core:7.2.1,"org.apache.solr.schema.FileExchangeRateProvider:reload();org.apache.solr.schema.AbstractEnumField$EnumMapping:<init>(org.apache.solr.schema.IndexSchema,org.apache.solr.schema.FieldType,java.util.Map)"
CVE-2014-3579,org.apache.activemq:apollo-selector:1.7,org.apache.activemq.apollo.filter.XalanXPathEvaluator:evaluate(org.xml.sax.InputSource)
CVE-2019-16869,io.netty:netty-all:4.1.41.Final,io.netty.handler.codec.http.HttpObjectDecoder:splitHeader(io.netty.util.internal.AppendableCharSequence)
CVE-2019-11343,org.torpedoquery:org.torpedoquery:2.5.1,"org.torpedoquery.jpa.internal.conditions.NotLikeCondition:getLike();org.torpedoquery.jpa.internal.conditions.LikeCondition:getParameters();org.torpedoquery.jpa.internal.conditions.NotLikeCondition:getLike();org.torpedoquery.jpa.internal.conditions.LikeCondition:createQueryFragment(java.util.concurrent.atomic.AtomicInteger);org.torpedoquery.jpa.internal.conditions.ConditionBuilder:createLike(org.torpedoquery.jpa.internal.conditions.LikeCondition$Type,java.lang.String);org.torpedoquery.jpa.internal.conditions.NotLikeCondition:<init>(org.torpedoquery.jpa.internal.conditions.LikeCondition$Type,org.torpedoquery.jpa.internal.Selector,java.lang.String);org.torpedoquery.jpa.internal.conditions.NotLikeCondition:<init>(org.torpedoquery.jpa.internal.conditions.LikeCondition$Type,org.torpedoquery.jpa.internal.Selector,java.lang.String)"
CVE-2018-18628,ro.pippo:pippo-session:1.11.0,ro.pippo.session.SerializationSessionDataTranscoder:decode(java.lang.String)
CVE-2020-13936,org.apache.velocity:velocity-engine-core:2.0,"org.apache.velocity.util.introspection.SecureIntrospectorImpl:checkObjectExecutePermission(java.lang.Class,java.lang.String)"
CVE-2022-25312,org.apache.any23:apache-any23-core:2.3,org.apache.any23.extractor.rdfa.XSLTStylesheet:<init>(java.io.InputStream)
CVE-2019-11808,io.ratpack:ratpack-session:1.5.0,ratpack.session.internal.DefaultSessionIdGenerator:generateSessionId()
CVE-2019-11272,org.springframework.security:spring-security-core:4.2.3.RELEASE,"org.springframework.security.authentication.encoding.PlaintextPasswordEncoder:isPasswordValid(java.lang.String,java.lang.String,java.lang.Object);org.springframework.security.authentication.encoding.PlaintextPasswordEncoder:encodePassword(java.lang.String,java.lang.Object);org.springframework.security.authentication.encoding.PlaintextPasswordEncoder:isIgnorePasswordCase();org.springframework.security.authentication.encoding.PlaintextPasswordEncoder:setIgnorePasswordCase(boolean);org.springframework.security.authentication.encoding.PlaintextPasswordEncoder:obtainPasswordAndSalt(java.lang.String);org.springframework.security.authentication.dao.DaoAuthenticationProvider:<init>()"
CVE-2012-5887,tomcat:catalina:5.5.23,"org.apache.catalina.authenticator.DigestAuthenticator:<init>();org.apache.catalina.authenticator.DigestAuthenticator:<init>();org.apache.catalina.authenticator.DigestAuthenticator:removeQuotes(java.lang.String,boolean);org.apache.catalina.authenticator.DigestAuthenticator:authenticate(org.apache.catalina.connector.Request,org.apache.catalina.connector.Response,org.apache.catalina.deploy.LoginConfig)"
CVE-2015-5345,org.apache.tomcat:tomcat-catalina:9.0.0.M1,"org.apache.catalina.servlets.DefaultServlet:serveResource(javax.servlet.http.HttpServletRequest,javax.servlet.http.HttpServletResponse,boolean,java.lang.String);org.apache.catalina.authenticator.FormAuthenticator:authenticate(org.apache.catalina.connector.Request,javax.servlet.http.HttpServletResponse);org.apache.catalina.servlets.DefaultServlet:getRelativePath(javax.servlet.http.HttpServletRequest);org.apache.catalina.servlets.WebdavServlet:getRelativePath(javax.servlet.http.HttpServletRequest);org.apache.catalina.mapper.Mapper:internalMapWrapper(org.apache.catalina.mapper.Mapper$ContextVersion,org.apache.tomcat.util.buf.CharChunk,org.apache.catalina.mapper.MappingData)"
CVE-2013-6397,org.apache.solr:solr-core:4.4.0,org.apache.solr.cloud.ZkSolrResourceLoader:openResource(java.lang.String);org.apache.solr.cloud.ZkSolrResourceLoader:getConfigDir();org.apache.solr.cloud.ZkSolrResourceLoader:openResource(java.lang.String)
CVE-2015-5377,org.elasticsearch:elasticsearch:1.5.2,org.elasticsearch.common.io.ThrowableObjectInputStream:readClassDescriptor();org.elasticsearch.transport.local.LocalTransportChannel:sendResponse(java.lang.Throwable);org.elasticsearch.transport.netty.NettyTransportChannel:sendResponse(java.lang.Throwable)
CVE-2016-6795,org.apache.struts:struts2-core:2.3.20,"org.apache.struts2.views.util.DefaultUrlHelper:decode(java.lang.String);org.apache.struts2.views.util.DefaultUrlHelper:parseQueryString(java.lang.String,boolean)"
CVE-2013-7315,org.springframework:spring-web:4.0.0.RELEASE,org.springframework.http.converter.xml.Jaxb2CollectionHttpMessageConverter:createXmlInputFactory()
CVE-2013-2254,org.apache.sling:org.apache.sling.servlets.post:2.3.0,"org.apache.sling.servlets.post.impl.operations.AbstractCreateOperation:deepGetOrCreateNode(org.apache.sling.api.resource.ResourceResolver,java.lang.String,java.util.Map,java.util.List,org.apache.sling.servlets.post.VersioningConfiguration);org.apache.sling.servlets.post.impl.operations.AbstractCreateOperation:deepGetOrCreateNode(org.apache.sling.api.resource.ResourceResolver,java.lang.String,java.util.Map,java.util.List,org.apache.sling.servlets.post.VersioningConfiguration)"
CVE-2011-2526,tomcat:catalina:5.5.23,"org.apache.catalina.connector.Request:setAttribute(java.lang.String,java.lang.Object);org.apache.catalina.connector.Request:setAttribute(java.lang.String,java.lang.Object);org.apache.catalina.connector.Request:setAttribute(java.lang.String,java.lang.Object)"
CVE-2018-1336,org.apache.tomcat:tomcat-util:9.0.7,"org.apache.tomcat.util.buf.Utf8Decoder:decodeHasArray(java.nio.ByteBuffer,java.nio.CharBuffer)"
CVE-2017-12630,org.apache.drill.exec:drill-java-exec:1.11.0,org.apache.drill.exec.server.rest.WebServer:start();org.apache.drill.exec.server.rest.DrillRestServer:<init>(org.apache.drill.exec.work.WorkManager)
CVE-2020-2933,mysql:mysql-connector-java:5.1.38,"com.mysql.jdbc.BestResponseTimeBalanceStrategy:pickConnection(com.mysql.jdbc.LoadBalancedConnectionProxy,java.util.List,java.util.Map,long[],int)"
CVE-2020-1933,org.apache.nifi:nifi-web-api:1.10.0,"org.apache.nifi.web.api.ProcessGroupResource:isProcessorActionComplete(java.util.Set,org.apache.nifi.registry.variable.VariableRegistryUpdateRequest,java.util.Set,org.apache.nifi.controller.ScheduledState);org.apache.nifi.web.api.ProcessGroupResource:uploadTemplate(javax.servlet.http.HttpServletRequest,javax.ws.rs.core.UriInfo,java.lang.String,java.lang.Boolean,java.io.InputStream);org.apache.nifi.web.api.ProcessGroupResource:importTemplate(javax.servlet.http.HttpServletRequest,java.lang.String,org.apache.nifi.web.api.entity.TemplateEntity)"
CVE-2020-13933,org.apache.shiro:shiro-web:1.3.2,org.apache.shiro.web.mgt.CookieRememberMeManager:getRememberedSerializedIdentity(org.apache.shiro.subject.SubjectContext)
CVE-2017-14063,org.asynchttpclient:async-http-client:2.0.24,"org.asynchttpclient.uri.UriParser:removeTailing2Dots();org.asynchttpclient.uri.UriParser:inheritContextQuery(org.asynchttpclient.uri.Uri,boolean);org.asynchttpclient.uri.UriParser:trimLeft(java.lang.String);org.asynchttpclient.uri.UriParser:removeTrailingDot();org.asynchttpclient.uri.UriParser:handleRelativePath();org.asynchttpclient.uri.UriParser:computeUserInfo();org.asynchttpclient.uri.UriParser:isValidProtocolChars(java.lang.String);org.asynchttpclient.uri.UriParser:parseAuthority();org.asynchttpclient.uri.UriParser:currentPositionStartsWith4Slashes();org.asynchttpclient.uri.UriParser:computeRegularPath();org.asynchttpclient.uri.UriParser:computeInitialScheme(java.lang.String);org.asynchttpclient.uri.UriParser:removeStartingDot();org.asynchttpclient.uri.UriParser:isFragmentOnly(java.lang.String);org.asynchttpclient.uri.UriParser:removeEmbedded2Dots();org.asynchttpclient.uri.UriParser:splitUrlAndQuery(java.lang.String);org.asynchttpclient.uri.UriParser:computePath(boolean);org.asynchttpclient.uri.UriParser:currentPositionStartsWith2Slashes();org.asynchttpclient.uri.UriParser:overrideWithContext(org.asynchttpclient.uri.Uri,java.lang.String);org.asynchttpclient.uri.UriParser:trimRight(java.lang.String);org.asynchttpclient.uri.UriParser:computeAuthority();org.asynchttpclient.uri.UriParser:computeFragment(java.lang.String);org.asynchttpclient.uri.UriParser:computeIPV6();org.asynchttpclient.uri.UriParser:parse(org.asynchttpclient.uri.Uri,java.lang.String)"
CVE-2018-1335,org.apache.tika:tika-core:1.17,org.apache.tika.io.EndianUtils:readUE7(java.io.InputStream)
CVE-2021-31411,com.vaadin:flow-server:2.4.0,"com.vaadin.flow.server.frontend.JarContentsManager:copyJarEntryTrimmingBasePath(java.util.jar.JarFile,java.util.zip.ZipEntry,java.lang.String,java.io.File)"
CVE-2016-3083,org.apache.hive:hive-service:2.0.0,"org.apache.hive.service.auth.HiveAuthFactory:getSSLSocket(java.lang.String,int,int,java.lang.String,java.lang.String);org.apache.hive.service.auth.HiveAuthFactory:getSSLSocket(java.lang.String,int,int)"
CVE-2012-0394,org.apache.struts.xwork:xwork-core:2.2.3.1,"com.opensymphony.xwork2.interceptor.ParametersInterceptor:setAcceptParamNames(java.lang.String);com.opensymphony.xwork2.config.entities.ActionConfig$Builder:<init>(com.opensymphony.xwork2.config.entities.ActionConfig);com.opensymphony.xwork2.validator.validators.RepopulateConversionErrorFieldValidatorSupport:setRepopulateField(java.lang.String);com.opensymphony.xwork2.validator.validators.RepopulateConversionErrorFieldValidatorSupport:getRepopulateField();com.opensymphony.xwork2.validator.validators.RepopulateConversionErrorFieldValidatorSupport:doValidate(java.lang.Object);com.opensymphony.xwork2.validator.validators.RepopulateConversionErrorFieldValidatorSupport:validate(java.lang.Object);com.opensymphony.xwork2.interceptor.ConversionErrorInterceptor:getOverrideExpr(com.opensymphony.xwork2.ActionInvocation,java.lang.Object);com.opensymphony.xwork2.interceptor.ParametersInterceptor:setExcludeParams(java.lang.String);com.opensymphony.xwork2.interceptor.ParametersInterceptor:asCollection(java.lang.String);com.opensymphony.xwork2.validator.validators.RepopulateConversionErrorFieldValidatorSupport:repopulateField(java.lang.Object)"
CVE-2018-8036,org.apache.pdfbox:fontbox:1.8.4,org.apache.fontbox.afm.AFMParser:readLine();org.apache.fontbox.afm.AFMParser:readString()
CVE-2020-27218,org.eclipse.jetty:jetty-server:10.0.0,"org.eclipse.jetty.server.handler.gzip.GzipHttpInputInterceptor:readFrom(org.eclipse.jetty.server.HttpInput$Content);org.eclipse.jetty.server.HttpChannelState:sendError(int,java.lang.String);org.eclipse.jetty.server.HttpConnection:onCompleted();org.eclipse.jetty.server.HttpChannel:handle();org.eclipse.jetty.server.Response:sendRedirect(int,java.lang.String);org.eclipse.jetty.server.handler.SecuredRedirectHandler:handle(java.lang.String,org.eclipse.jetty.server.Request,javax.servlet.http.HttpServletRequest,javax.servlet.http.HttpServletResponse);org.eclipse.jetty.server.handler.ContextHandler:checkContext(java.lang.String,org.eclipse.jetty.server.Request,javax.servlet.http.HttpServletResponse);org.eclipse.jetty.server.HttpInput:consumeAll();org.eclipse.jetty.server.HttpInput:recycle()"
CVE-2021-30468,org.apache.cxf:cxf-rt-rs-json-basic:3.4.3,"org.apache.cxf.jaxrs.json.basic.JsonMapObjectReaderWriter:toJsonInternal(org.apache.cxf.jaxrs.json.basic.JsonMapObjectReaderWriter$Output,java.util.Map);org.apache.cxf.jaxrs.json.basic.JsonMapObjectReaderWriter:toJsonInternal(org.apache.cxf.jaxrs.json.basic.JsonMapObjectReaderWriter$Output,java.lang.Object,boolean)"
CVE-2016-1000031,commons-fileupload:commons-fileupload:1.3.1,org.apache.commons.fileupload.disk.DiskFileItem:readObject(java.io.ObjectInputStream);org.apache.commons.fileupload.disk.DiskFileItem:writeObject(java.io.ObjectOutputStream)
CVE-2016-0734,org.apache.activemq:activemq-web:5.13.1,"org.apache.activemq.web.XFrameOptionsFilter:init(javax.servlet.FilterConfig);org.apache.activemq.web.XFrameOptionsFilter:doFilter(javax.servlet.ServletRequest,javax.servlet.ServletResponse,javax.servlet.FilterChain)"
CVE-2021-31684,net.minidev:json-smart:2.3,"net.minidev.json.parser.JSONParserByteArray:indexOf(char,int)"
CVE-2010-2227,org.apache.tomcat:coyote:6.0.18,"org.apache.coyote.http11.Http11Processor:initializeFilters();org.apache.coyote.http11.Http11AprProcessor:addInputFilter(org.apache.coyote.http11.InputFilter[],java.lang.String);org.apache.coyote.http11.filters.BufferedInputFilter:recycle();org.apache.coyote.http11.Http11Processor:addInputFilter(org.apache.coyote.http11.InputFilter[],java.lang.String);org.apache.coyote.http11.filters.BufferedInputFilter:recycle();org.apache.coyote.http11.Http11AprProcessor:initializeFilters()"
CVE-2014-3656,org.keycloak:keycloak-services:1.0.2.Final,"org.keycloak.services.resources.RealmsResource:getLoginStatusIframe(java.lang.String,java.lang.String,java.lang.String)"
CVE-2015-3198,io.undertow:undertow-core:1.1.0.Final,"io.undertow.server.handlers.resource.FileResourceManager:getResource(java.lang.String);io.undertow.server.handlers.resource.ResourceHandler:serveResource(io.undertow.server.HttpServerExchange,boolean)"
CVE-2017-1000486,org.primefaces:primefaces:5.1,org.primefaces.application.resource.StreamedContentHandler:handle(javax.faces.context.FacesContext)
CVE-2021-22118,org.springframework:spring-web:5.3.6,"org.springframework.http.codec.multipart.SynchronossPartHttpMessageReader:read(org.springframework.core.ResolvableType,org.springframework.http.ReactiveHttpInputMessage,java.util.Map);org.springframework.http.codec.multipart.SynchronossPartHttpMessageReader$SynchronossPartGenerator:accept(reactor.core.publisher.FluxSink)"
CVE-2020-5412,org.springframework.cloud:spring-cloud-netflix-hystrix-dashboard:2.2.3.RELEASE,"org.springframework.cloud.netflix.hystrix.dashboard.HystrixDashboardConfiguration$ProxyStreamServlet:doGet(javax.servlet.http.HttpServletRequest,javax.servlet.http.HttpServletResponse);org.springframework.cloud.netflix.hystrix.dashboard.HystrixDashboardConfiguration:proxyStreamServlet();org.springframework.cloud.netflix.hystrix.dashboard.HystrixDashboardConfiguration$ProxyStreamServlet:<init>()"
CVE-2018-8039,org.apache.cxf:cxf-rt-transports-http:3.0.5,"org.apache.cxf.transport.https.HttpsURLConnectionFactory:decorateWithTLS(org.apache.cxf.configuration.jsse.TLSClientParameters,java.net.HttpURLConnection)"
CVE-2019-17554,org.apache.olingo:odata-server-core:4.4.0,org.apache.olingo.server.core.deserializer.xml.ODataXmlDeserializer:getReader(java.io.InputStream)
CVE-2014-3625,org.springframework:spring-webmvc:4.1.1.RELEASE,"org.springframework.web.servlet.resource.PathResourceResolver:getResource(java.lang.String,org.springframework.core.io.Resource);org.springframework.web.servlet.resource.ResourceHttpRequestHandler:getResource(javax.servlet.http.HttpServletRequest);org.springframework.web.servlet.resource.ResourceHttpRequestHandler:afterPropertiesSet();org.springframework.web.servlet.resource.ResourceHttpRequestHandler:isInvalidPath(java.lang.String)"
CVE-2017-12624,org.apache.cxf:cxf-core:3.0.4,"org.apache.cxf.attachment.AttachmentDeserializer:<init>(org.apache.cxf.message.Message,java.util.List);org.apache.cxf.attachment.AttachmentDeserializer:readLine(java.io.InputStream)"
CVE-2020-5410,org.springframework.cloud:spring-cloud-config-server:2.2.0.RELEASE,"org.springframework.cloud.config.server.resource.GenericResourceRepository:findOne(java.lang.String,java.lang.String,java.lang.String,java.lang.String)"
CVE-2018-11797,org.apache.pdfbox:pdfbox:2.0.8,org.apache.pdfbox.pdfparser.COSParser:checkPages(org.apache.pdfbox.cos.COSDictionary);org.apache.pdfbox.cos.COSArray:toFloatArray();org.apache.pdfbox.pdfparser.COSParser:checkPagesDictionary(org.apache.pdfbox.cos.COSDictionary)
CVE-2017-5645,org.apache.logging.log4j:log4j-core:2.7,"org.apache.logging.log4j.core.net.server.TcpSocketServer:createSerializedSocketServer(int,int,java.net.InetAddress);org.apache.logging.log4j.core.net.server.ObjectInputStreamLogEventBridge:wrapStream(java.io.InputStream);org.apache.logging.log4j.core.net.server.TcpSocketServer:main(java.lang.String[]);org.apache.logging.log4j.core.net.server.ObjectInputStreamLogEventBridge:logEvents(java.io.ObjectInputStream,org.apache.logging.log4j.core.LogEventListener);org.apache.logging.log4j.core.net.server.UdpSocketServer:main(java.lang.String[])"
CVE-2020-5421,org.springframework:spring-web:4.3.18.RELEASE,"org.springframework.web.filter.ForwardedHeaderFilter:<init>();org.springframework.web.util.UrlPathHelper:shouldRemoveSemicolonContent();org.springframework.web.util.UrlPathHelper:setAlwaysUseFullPath(boolean);org.springframework.web.filter.ForwardedHeaderFilter:doFilterInternal(javax.servlet.http.HttpServletRequest,javax.servlet.http.HttpServletResponse,javax.servlet.FilterChain);org.springframework.web.filter.ForwardedHeaderFilter$ForwardedHeaderExtractingRequest:<init>(javax.servlet.http.HttpServletRequest,org.springframework.web.util.UrlPathHelper);org.springframework.web.util.UrlPathHelper:removeJsessionid(java.lang.String);org.springframework.web.util.UrlPathHelper:removeSemicolonContent(java.lang.String);org.springframework.web.util.UrlPathHelper:setUrlDecode(boolean);org.springframework.web.util.UrlPathHelper:setRemoveSemicolonContent(boolean);org.springframework.web.util.UrlPathHelper:setDefaultEncoding(java.lang.String);org.springframework.web.util.WebUtils:parseMatrixVariables(java.lang.String)"
CVE-2018-1000644,org.eclipse.rdf4j:rdf4j-rio-trix:2.2.2,org.eclipse.rdf4j.rio.trix.TriXParser:parse(org.xml.sax.InputSource)
CVE-2016-2402,com.squareup.okhttp3:okhttp:3.0.1,"okhttp3.OkHttpClient:<init>(okhttp3.OkHttpClient$Builder);okhttp3.internal.io.RealConnection:connectTls(int,int,okhttp3.internal.ConnectionSpecSelector);okhttp3.OkHttpClient$Builder:<init>(okhttp3.OkHttpClient);okhttp3.CertificatePinner:<init>(okhttp3.CertificatePinner$Builder);okhttp3.CertificatePinner:check(java.lang.String,java.util.List);okhttp3.OkHttpClient$Builder:sslSocketFactory(javax.net.ssl.SSLSocketFactory);okhttp3.CertificatePinner:<init>(okhttp3.CertificatePinner$Builder)"
CVE-2021-39141,com.thoughtworks.xstream:xstream:1.4.11.1,"com.thoughtworks.xstream.XStream:readResolve();com.thoughtworks.xstream.XStream:setupDefaultSecurity(com.thoughtworks.xstream.XStream);com.thoughtworks.xstream.XStream:setupSecurity();com.thoughtworks.xstream.XStream:unmarshal(com.thoughtworks.xstream.io.HierarchicalStreamReader,java.lang.Object,com.thoughtworks.xstream.converters.DataHolder);com.thoughtworks.xstream.XStreamer:toXML(com.thoughtworks.xstream.XStream,java.lang.Object,java.io.Writer);com.thoughtworks.xstream.XStreamer:fromXML(com.thoughtworks.xstream.io.HierarchicalStreamDriver,java.io.Reader,com.thoughtworks.xstream.security.TypePermission[]);com.thoughtworks.xstream.XStream:addPermission(com.thoughtworks.xstream.security.TypePermission)"
CVE-2015-5254,org.apache.activemq:activemq-client:5.8.0,org.apache.activemq.util.ClassLoadingAwareObjectInputStream:resolveProxyClass(java.lang.String[]);org.apache.activemq.util.ClassLoadingAwareObjectInputStream:resolveClass(java.io.ObjectStreamClass)
CVE-2011-2731,org.springframework.security:spring-security-core:2.0.4,"org.springframework.security.intercept.InterceptorStatusToken:getAuthentication();org.springframework.security.intercept.AbstractSecurityInterceptor:afterInvocation(org.springframework.security.intercept.InterceptorStatusToken,java.lang.Object);org.springframework.security.intercept.InterceptorStatusToken:<init>(org.springframework.security.Authentication,boolean,org.springframework.security.ConfigAttributeDefinition,java.lang.Object);org.springframework.security.intercept.AbstractSecurityInterceptor:beforeInvocation(java.lang.Object)"
CVE-2018-1304,org.apache.tomcat:tomcat-catalina:8.5.51,"org.apache.catalina.realm.RealmBase:findSecurityConstraints(org.apache.catalina.connector.Request,org.apache.catalina.Context)"
CVE-2018-1331,org.apache.storm:storm-core:1.1.1,"org.apache.storm.zookeeper.Zookeeper:zkLeaderElectorImpl(java.util.Map,org.apache.storm.blobstore.BlobStore);org.apache.storm.transactional.state.TestTransactionalState:<init>(java.util.Map,java.lang.String,java.util.Map,java.lang.String);org.apache.storm.blobstore.BlobStoreUtils:createZKClient(java.util.Map);org.apache.storm.cluster.ClusterUtils:mkTopoOnlyAcls(java.util.Map);org.apache.storm.cluster.StormClusterStateImpl:setupBackpressure(java.lang.String);org.apache.storm.utils.Utils:getWorkerACL(java.util.Map);org.apache.storm.cluster.StormClusterStateImpl:setAssignment(java.lang.String,org.apache.storm.generated.Assignment);org.apache.storm.cluster.StormClusterStateImpl:setTopologyLogConfig(java.lang.String,org.apache.storm.generated.LogConfig);org.apache.storm.cluster.StormClusterStateImpl:setupHeatbeats(java.lang.String);org.apache.storm.trident.topology.state.TestTransactionalState:<init>(java.util.Map,java.lang.String,java.lang.String);org.apache.storm.cluster.ZKStateStorage:mkZk();org.apache.storm.utils.Utils:copyBytes(java.io.InputStream,java.io.OutputStream,int);org.apache.storm.utils.Utils:unpack(java.io.File,java.io.File);org.apache.storm.cluster.StormClusterStateImpl:activateStorm(java.lang.String,org.apache.storm.generated.StormBase);org.apache.storm.cluster.ZKStateStorage:mkZk(org.apache.storm.callback.WatcherCallBack);org.apache.storm.cluster.StormClusterStateImpl:activateStorm(java.lang.String,org.apache.storm.generated.StormBase);org.apache.storm.utils.Utils:newCurator(java.util.Map,java.util.List,java.lang.Object,java.lang.String,org.apache.storm.utils.ZookeeperAuthInfo);org.apache.storm.utils.Utils:extractDirFromJarImpl(java.lang.String,java.lang.String,java.io.File);org.apache.storm.cluster.ClusterUtils:mkTopoOnlyAcls(java.util.Map);org.apache.storm.utils.Utils:newCurator(java.util.Map,java.util.List,java.lang.Object,org.apache.storm.utils.ZookeeperAuthInfo);org.apache.storm.zookeeper.Zookeeper:zkLeaderElector(java.util.Map,org.apache.storm.blobstore.BlobStore);org.apache.storm.cluster.StormClusterStateImpl:setupBackpressure(java.lang.String);org.apache.storm.cluster.ZKStateStorage:mkZk();org.apache.storm.cluster.ZKStateStorage:mkZk(org.apache.storm.callback.WatcherCallBack);org.apache.storm.zookeeper.Zookeeper:mkClientImpl(java.util.Map,java.util.List,java.lang.Object,java.lang.String);org.apache.storm.utils.Utils:unZip(java.io.File,java.io.File);org.apache.storm.daemon.supervisor.SupervisorUtils:supervisorZkAcls();org.apache.storm.utils.Utils:unpackEntries(org.apache.storm.shade.org.apache.commons.compress.archivers.tar.TarArchiveInputStream,org.apache.storm.shade.org.apache.commons.compress.archivers.tar.TarArchiveEntry,java.io.File);org.apache.storm.trident.topology.state.TestTransactionalState:<init>(java.util.Map,java.lang.String,java.lang.String);org.apache.storm.zookeeper.Zookeeper:mkClientImpl(java.util.Map,java.util.List,java.lang.Object,java.util.Map);org.apache.storm.utils.Utils:unTar(java.io.File,java.io.File);org.apache.storm.utils.Utils:unTarUsingJava(java.io.File,java.io.File,boolean);org.apache.storm.zookeeper.Zookeeper:mkClientImpl(java.util.Map,java.util.List,java.lang.Object,java.lang.String,java.util.Map);org.apache.storm.cluster.StormClusterStateImpl:setupHeatbeats(java.lang.String);org.apache.storm.utils.Utils:getWorkerACL(java.util.Map);org.apache.storm.blobstore.LocalFsBlobStore:prepare(java.util.Map,java.lang.String,org.apache.storm.nimbus.NimbusInfo);org.apache.storm.zookeeper.Zookeeper:mkClientImpl(java.util.Map,java.util.List,java.lang.Object,java.lang.String,org.apache.storm.callback.WatcherCallBack);org.apache.storm.utils.Utils:unJar(java.io.File,java.io.File);org.apache.storm.transactional.state.TestTransactionalState:<init>(java.util.Map,java.lang.String,java.util.Map,java.lang.String);org.apache.storm.cluster.StormClusterStateImpl:setCredentials(java.lang.String,org.apache.storm.generated.Credentials,java.util.Map);org.apache.storm.cluster.StormClusterStateImpl:setTopologyLogConfig(java.lang.String,org.apache.storm.generated.LogConfig);org.apache.storm.zookeeper.Zookeeper:mkClient(java.util.Map,java.util.List,java.lang.Object,java.lang.String,org.apache.storm.callback.WatcherCallBack,java.util.Map);org.apache.storm.cluster.StormClusterStateImpl:setAssignment(java.lang.String,org.apache.storm.generated.Assignment);org.apache.storm.cluster.StormClusterStateImpl:reportError(java.lang.String,java.lang.String,java.lang.String,java.lang.Long,java.lang.Throwable);org.apache.storm.cluster.StormClusterStateImpl:setCredentials(java.lang.String,org.apache.storm.generated.Credentials,java.util.Map);org.apache.storm.localizer.Localizer:downloadBlob(java.util.Map,java.lang.String,java.io.File,java.lang.String,boolean,boolean);org.apache.storm.utils.Utils:newCuratorStarted(java.util.Map,java.util.List,java.lang.Object,java.lang.String,org.apache.storm.utils.ZookeeperAuthInfo);org.apache.storm.utils.Utils:newCurator(java.util.Map,java.util.List,java.lang.Object,java.lang.String);org.apache.storm.cluster.ZKStateStorage:<init>(java.util.Map,java.util.Map,java.util.List,org.apache.storm.cluster.ClusterStateContext);org.apache.storm.blobstore.BlobStoreUtils:createZKClient(java.util.Map);org.apache.storm.blobstore.BlobSynchronizer:syncBlobs();org.apache.storm.zookeeper.Zookeeper:mkClientImpl(java.util.Map,java.util.List,java.lang.Object,java.lang.String,org.apache.storm.callback.WatcherCallBack,java.util.Map);org.apache.storm.utils.Utils:newCuratorStarted(java.util.Map,java.util.List,java.lang.Object,org.apache.storm.utils.ZookeeperAuthInfo);org.apache.storm.blobstore.KeySequenceNumber:getKeySequenceNumber(java.util.Map)"
CVE-2018-1131,org.infinispan:infinispan-core:9.3.0.CR1,"org.infinispan.notifications.cachelistener.CacheNotifierImpl:addListenerInternal(java.lang.Object,org.infinispan.encoding.DataConversion,org.infinispan.encoding.DataConversion,org.infinispan.notifications.cachelistener.filter.CacheEventFilter,org.infinispan.notifications.cachelistener.filter.CacheEventConverter,java.lang.ClassLoader);org.infinispan.cache.impl.EncoderCache:allIdentity(java.lang.Class,java.lang.Class,java.lang.Class,java.lang.Class);org.infinispan.cache.impl.EncoderEntryMapper:newEntryMapper(org.infinispan.encoding.DataConversion,org.infinispan.encoding.DataConversion,org.infinispan.container.impl.InternalEntryFactory);org.infinispan.cache.impl.EncoderCache:lookupEncoderWrapper()"
CVE-2020-27196,com.typesafe.play:play-java-forms_2.11:2.6.1,play.data.Form:requestData(play.mvc.Http$Request)
CVE-2018-12418,com.github.junrar:junrar:0.7,com.github.junrar.Archive:readHeaders(long)
CVE-2014-3527,org.springframework.security:spring-security-cas:3.1.3.RELEASE,"org.springframework.security.cas.ServiceProperties:afterPropertiesSet();org.springframework.security.cas.web.authentication.DefaultServiceAuthenticationDetails:<init>(javax.servlet.http.HttpServletRequest,java.util.regex.Pattern);org.springframework.security.cas.web.authentication.ServiceAuthenticationDetailsSource:buildDetails(javax.servlet.http.HttpServletRequest)"
CVE-2020-5245,io.dropwizard:dropwizard-validation:1.3.7,io.dropwizard.validation.selfvalidating.ViolationCollector:addViolation(java.lang.String)
CVE-2021-27850,org.apache.tapestry:tapestry-core:5.4.3,"org.apache.tapestry5.internal.services.assets.ChecksumPath:<init>(org.apache.tapestry5.internal.services.ResourceStreamer,java.lang.String,java.lang.String)"
CVE-2020-7611,io.micronaut:micronaut-http-netty:1.1.0,io.micronaut.http.netty.NettyHttpHeaders:<init>()
CVE-2019-10071,org.apache.tapestry:tapestry-core:5.4.3,"org.apache.tapestry5.internal.services.ClientDataEncoderImpl:validateHMAC(java.lang.String,org.apache.tapestry5.internal.util.Base64InputStream)"
CVE-2014-0002,org.apache.camel:camel-core:2.12.1,org.apache.camel.component.xslt.XsltEndpoint:onExchange(org.apache.camel.Exchange)
CVE-2021-38294,org.apache.storm:storm-server:2.0.0,"org.apache.storm.daemon.nimbus.Nimbus:normalizeConf(java.util.Map,java.util.Map,org.apache.storm.generated.StormTopology)"
CVE-2019-3875,org.keycloak:keycloak-services:3.4.3.Final,org.keycloak.authentication.authenticators.x509.AbstractX509ClientCertificateAuthenticator$UserIdentityExtractorBuilder:fromConfig(org.keycloak.authentication.authenticators.x509.X509AuthenticatorConfigModel)
CVE-2011-5063,tomcat:catalina:5.5.23,"org.apache.catalina.authenticator.DigestAuthenticator:findPrincipal(org.apache.catalina.connector.Request,java.lang.String,org.apache.catalina.Realm);org.apache.catalina.authenticator.DigestAuthenticator:generateNOnce(org.apache.catalina.connector.Request);org.apache.catalina.authenticator.DigestAuthenticator:findPrincipal(org.apache.catalina.connector.Request,java.lang.String,org.apache.catalina.Realm);org.apache.catalina.authenticator.DigestAuthenticator:parseUsername(java.lang.String);org.apache.catalina.authenticator.DigestAuthenticator:parseUsername(java.lang.String);org.apache.catalina.realm.RealmBase:authenticate(java.lang.String,java.lang.String,java.lang.String,java.lang.String,java.lang.String,java.lang.String,java.lang.String,java.lang.String);org.apache.catalina.authenticator.DigestAuthenticator:authenticate(org.apache.catalina.connector.Request,org.apache.catalina.connector.Response,org.apache.catalina.deploy.LoginConfig);org.apache.catalina.realm.RealmBase:authenticate(java.lang.String,java.lang.String,java.lang.String,java.lang.String,java.lang.String,java.lang.String,java.lang.String,java.lang.String);org.apache.catalina.authenticator.DigestAuthenticator:generateNOnce(org.apache.catalina.connector.Request);org.apache.catalina.authenticator.DigestAuthenticator:setAuthenticateHeader(org.apache.catalina.connector.Request,org.apache.catalina.connector.Response,org.apache.catalina.deploy.LoginConfig,java.lang.String)"
CVE-2019-13236,org.opencms:opencms-core:8.5.0,org.opencms.ade.galleries.CmsGalleryService:prepareSearchParams(org.opencms.ade.galleries.shared.CmsGallerySearchBean)
CVE-2021-23899,com.mikesamuel:json-sanitizer:1.2.0,"com.google.json.JsonSanitizer:sanitizeString(int,int)"
CVE-2018-12540,io.vertx:vertx-web:3.5.1,io.vertx.ext.web.handler.impl.CSRFHandlerImpl:validateToken(java.lang.String);io.vertx.ext.web.handler.impl.CSRFHandlerImpl:handle(io.vertx.ext.web.RoutingContext)
CVE-2014-1972,org.apache.tapestry:tapestry-core:5.1.0.5,org.apache.tapestry5.internal.services.ClientDataSinkImpl:getClientData();org.apache.tapestry5.internal.services.ClientDataEncoderImpl:<init>(org.apache.tapestry5.services.URLEncoder);org.apache.tapestry5.internal.services.ClientDataEncoderImpl:decodeClientData(java.lang.String);org.apache.tapestry5.internal.services.ClientDataSinkImpl:<init>(org.apache.tapestry5.services.URLEncoder);org.apache.tapestry5.services.TapestryModule:contributeFactoryDefaults(org.apache.tapestry5.ioc.MappedConfiguration);org.apache.tapestry5.internal.services.ClientDataEncoderImpl:createSink()
CVE-2020-1698,org.keycloak:keycloak-authz-client:4.8.3.Final,org.keycloak.authorization.client.util.HttpMethod:execute(org.keycloak.authorization.client.util.HttpResponseProcessor)
CVE-2019-10173,com.thoughtworks.xstream:xstream:1.4.10,"com.thoughtworks.xstream.XStream:unmarshal(com.thoughtworks.xstream.io.HierarchicalStreamReader,java.lang.Object,com.thoughtworks.xstream.converters.DataHolder);com.thoughtworks.xstream.XStream:addPermission(com.thoughtworks.xstream.security.TypePermission);com.thoughtworks.xstream.XStream$InternalBlackList:canConvert(java.lang.Class);com.thoughtworks.xstream.XStream:setupSecurity();com.thoughtworks.xstream.XStream:setupDefaultSecurity(com.thoughtworks.xstream.XStream)"
CVE-2020-28491,com.fasterxml.jackson.dataformat:jackson-dataformat-cbor:2.9.9,"com.fasterxml.jackson.dataformat.cbor.CBORParser:loadMoreGuaranteed();com.fasterxml.jackson.dataformat.cbor.CBORParser:_readAndWriteBytes(java.io.OutputStream,int);com.fasterxml.jackson.dataformat.cbor.CBORParser:_decodeNonStringName(int);com.fasterxml.jackson.dataformat.cbor.CBORParser:loadMore();com.fasterxml.jackson.dataformat.cbor.CBORParser:_finishBytes(int)"
CVE-2022-0839,org.liquibase:liquibase-core:4.3.5,"liquibase.parser.core.xml.XMLChangeLogSAXParser:<init>();liquibase.parser.core.xml.XMLChangeLogSAXParser:parseToNode(java.lang.String,liquibase.changelog.ChangeLogParameters,liquibase.resource.ResourceAccessor)"
CVE-2007-5615,org.mortbay.jetty:jetty:6.1.5,"org.mortbay.jetty.AbstractGenerator:setResponse(int,java.lang.String)"
CVE-2022-23221,com.h2database:h2:2.0.206,"org.h2.jdbc.meta.DatabaseMetaLocal:getIndexInfo(org.h2.value.Value,org.h2.value.Value,org.h2.table.Table,boolean,boolean,org.h2.result.SimpleResult,org.h2.engine.Database)"
CVE-2017-3586,mysql:mysql-connector-java:5.1.38,com.mysql.jdbc.ExportControlled:getSSLSocketFactoryDefaultOrConfigured(com.mysql.jdbc.MysqlIO)
CVE-2021-44548,org.apache.solr:solr-core:4.10.4,org.apache.solr.cloud.ZkSolrResourceLoader:openResource(java.lang.String);org.apache.solr.schema.ManagedIndexSchemaFactory:locateConfigFile(java.lang.String)
CVE-2014-3643,com.sun.jersey:jersey-core:1.12,"com.sun.jersey.core.provider.jaxb.AbstractJAXBProvider:<init>(javax.ws.rs.ext.Providers,javax.ws.rs.core.MediaType);com.sun.jersey.core.impl.provider.entity.SourceProvider$SourceWriter:writeTo(javax.xml.transform.Source,java.lang.Class,java.lang.reflect.Type,java.lang.annotation.Annotation[],javax.ws.rs.core.MediaType,javax.ws.rs.core.MultivaluedMap,java.io.OutputStream);com.sun.jersey.core.impl.provider.entity.SourceProvider$DOMSourceReader:readFrom(java.lang.Class,java.lang.reflect.Type,java.lang.annotation.Annotation[],javax.ws.rs.core.MediaType,javax.ws.rs.core.MultivaluedMap,java.io.InputStream);com.sun.jersey.core.impl.provider.entity.SourceProvider$StreamSourceReader:readFrom(java.lang.Class,java.lang.reflect.Type,java.lang.annotation.Annotation[],javax.ws.rs.core.MediaType,javax.ws.rs.core.MultivaluedMap,java.io.InputStream);com.sun.jersey.core.impl.provider.xml.SAXParserContextProvider:getInstance();com.sun.jersey.core.provider.jaxb.AbstractJAXBProvider:getUnmarshaller(java.lang.Class,javax.ws.rs.core.MediaType);com.sun.jersey.core.provider.jaxb.AbstractJAXBProvider:getMarshaller(java.lang.Class,javax.ws.rs.core.MediaType);com.sun.jersey.core.impl.provider.entity.SourceProvider$SAXSourceReader:readFrom(java.lang.Class,java.lang.reflect.Type,java.lang.annotation.Annotation[],javax.ws.rs.core.MediaType,javax.ws.rs.core.MultivaluedMap,java.io.InputStream)"
CVE-2018-12537,io.vertx:vertx-core:3.3.3,"io.vertx.core.http.impl.Http2HeadersAdaptor:set(java.lang.CharSequence,java.lang.CharSequence);io.vertx.core.http.impl.Http2HeadersAdaptor:add(java.lang.CharSequence,java.lang.Iterable);io.vertx.core.http.impl.Http2HeadersAdaptor:set(java.lang.CharSequence,java.lang.Iterable);io.vertx.core.http.impl.HttpClientRequestImpl:headers();io.vertx.core.http.impl.Http2HeadersAdaptor:add(java.lang.String,java.lang.Iterable);io.vertx.core.http.HttpHeaders:createOptimized(java.lang.String);io.vertx.core.http.impl.Http2HeadersAdaptor:add(java.lang.CharSequence,java.lang.CharSequence);io.vertx.core.http.impl.Http2HeadersAdaptor:add(java.lang.String,java.lang.String);io.vertx.core.http.impl.Http2HeadersAdaptor:set(java.lang.String,java.lang.String);io.vertx.core.http.impl.Http2HeadersAdaptor:set(java.lang.String,java.lang.Iterable)"
CVE-2018-1067,io.undertow:undertow-core:1.4.20.Final,"io.undertow.server.protocol.http.HttpResponseConduit:writeString(java.nio.ByteBuffer,java.lang.String)"
CVE-2016-1000346,org.bouncycastle:bcprov-jdk15on:1.54,"org.bouncycastle.crypto.agreement.DHAgreement:calculateAgreement(org.bouncycastle.crypto.params.DHPublicKeyParameters,java.math.BigInteger);org.bouncycastle.crypto.engines.IESEngine:processBlock(byte[],int,int);org.bouncycastle.crypto.agreement.DHBasicAgreement:calculateAgreement(org.bouncycastle.crypto.CipherParameters);org.bouncycastle.jcajce.provider.asymmetric.dh.KeyAgreementSpi:engineDoPhase(java.security.Key,boolean)"
CVE-2020-15250,junit:junit:4.12,org.junit.rules.TemporaryFolder:createTemporaryFolderIn(java.io.File)
CVE-2020-5206,org.opencastproject:opencast-kernel:8.0,org.opencastproject.kernel.security.SecurityServiceSpringImpl:getUser()
CVE-2020-17527,org.apache.tomcat:tomcat-coyote:10.0.0,"org.apache.coyote.http2.HpackDecoder:readHuffmanString(int,java.nio.ByteBuffer);org.apache.coyote.http2.HpackDecoder:readHpackString(java.nio.ByteBuffer)"
CVE-2013-2135,org.apache.struts:struts2-core:2.1.8.1,"org.apache.struts2.dispatcher.mapper.DefaultActionMapper:parseNameAndNamespace(java.lang.String,org.apache.struts2.dispatcher.mapper.ActionMapping,com.opensymphony.xwork2.config.ConfigurationManager)"
CVE-2018-12542,io.vertx:vertx-web:3.5.1,io.vertx.ext.web.handler.impl.StaticHandlerImpl:handle(io.vertx.ext.web.RoutingContext)
CVE-2009-1523,org.mortbay.jetty:jetty-util:6.1.14,org.mortbay.util.URIUtil:canonicalPath(java.lang.String)
CVE-2014-0099,org.apache.tomcat:tomcat-util:8.5.64,"org.apache.tomcat.util.buf.Ascii:parseLong(byte[],int,int)"
CVE-2013-4286,org.apache.tomcat:tomcat-coyote:7.0.27,org.apache.coyote.ajp.AbstractAjpProcessor:prepareRequest();org.apache.coyote.http11.AbstractHttp11Processor:prepareRequest()
CVE-2017-12645,com.liferay.portal:com.liferay.portal.impl:2.4.0,"com.liferay.portal.service.impl.PortletLocalServiceImpl:deployPortlet(com.liferay.portal.kernel.model.Portlet);com.liferay.portal.service.impl.PortletLocalServiceImpl:deployRemotePortlet(com.liferay.portal.kernel.model.Portlet,java.lang.String[],boolean);com.liferay.portlet.SecurityPortletContainerWrapper:check(javax.servlet.http.HttpServletRequest,com.liferay.portal.kernel.model.Portlet)"
CVE-2012-6153,org.apache.httpcomponents:httpclient:4.1.2,"org.apache.http.conn.ssl.AbstractVerifier:verify(java.lang.String,java.lang.String[],java.lang.String[],boolean);org.apache.http.conn.ssl.AbstractVerifier:getCNs(java.security.cert.X509Certificate)"
CVE-2018-1314,org.apache.hive:hive-exec:2.1.0,"org.apache.hadoop.hive.ql.hooks.EnforceReadOnlyTables:run(org.apache.hadoop.hive.ql.session.SessionState,java.util.Set,java.util.Set,org.apache.hadoop.security.UserGroupInformation);org.apache.hadoop.hive.ql.hooks.EnforceReadOnlyTables:run(org.apache.hadoop.hive.ql.hooks.HookContext);org.apache.hadoop.hive.ql.parse.ExplainSemanticAnalyzer:analyzeInternal(org.apache.hadoop.hive.ql.parse.ASTNode)"
CVE-2017-5650,org.apache.tomcat:tomcat-coyote:9.0.0.M21,org.apache.coyote.http2.Http2UpgradeHandler:close()
CVE-2021-21409,io.netty:netty-codec-http2:4.1.52.Final,"io.netty.handler.codec.http2.DefaultHttp2ConnectionDecoder$FrameReadListener:onHeadersRead(io.netty.channel.ChannelHandlerContext,int,io.netty.handler.codec.http2.Http2Headers,int,short,boolean,int,boolean)"
CVE-2015-5347,org.apache.wicket:wicket-extensions:1.4.17,org.apache.wicket.extensions.ajax.markup.html.modal.ModalWindow:escapeQuotes(java.lang.String)
CVE-2012-0393,org.apache.struts:struts2-core:2.1.8.1,org.apache.struts2.interceptor.CookieInterceptor:intercept(com.opensymphony.xwork2.ActionInvocation)
CVE-2014-3576,org.apache.activemq:activemq-broker:5.10.0,org.apache.activemq.broker.TransportConnection:processControlCommand(org.apache.activemq.command.ControlCommand)
CVE-2019-3799,org.springframework.cloud:spring-cloud-config-server:1.2.2.RELEASE,"org.springframework.cloud.config.server.resource.GenericResourceRepository:findOne(java.lang.String,java.lang.String,java.lang.String,java.lang.String)"
CVE-2017-3164,org.apache.solr:solr-core:7.4.0,org.apache.solr.handler.component.HttpShardHandlerFactory:init(org.apache.solr.core.PluginInfo);org.apache.solr.handler.component.HttpShardHandler:prepDistributed(org.apache.solr.handler.component.ResponseBuilder);org.apache.solr.handler.component.TermsComponent:prepare(org.apache.solr.handler.component.ResponseBuilder)
CVE-2015-0899,struts:struts:1.2.9,org.apache.struts.action.ActionServlet:initOther()
CVE-2017-5637,org.apache.zookeeper:zookeeper:3.4.6,"org.apache.zookeeper.server.NettyServerCnxn:checkFourLetterWord(org.jboss.netty.channel.Channel,org.jboss.netty.buffer.ChannelBuffer,int);org.apache.zookeeper.server.NIOServerCnxn:checkFourLetterWord(java.nio.channels.SelectionKey,int)"
CVE-2015-1833,org.apache.jackrabbit:jackrabbit-webdav:2.4.4,org.apache.jackrabbit.webdav.xml.DomUtil:parseDocument(java.io.InputStream);org.apache.jackrabbit.webdav.xml.DomUtil:setBuilderFactory(javax.xml.parsers.DocumentBuilderFactory);org.apache.jackrabbit.webdav.xml.DomUtil:createFactory()
CVE-2016-0763,org.apache.tomcat:tomcat-catalina:8.0.29,org.apache.naming.factory.ResourceLinkFactory:setGlobalContext(javax.naming.Context)
CVE-2019-18393,org.igniterealtime.openfire:xmppserver:4.2.0,"org.jivesoftware.openfire.container.PluginServlet:handleOtherRequest(java.lang.String,javax.servlet.http.HttpServletResponse)"
CVE-2018-8015,org.apache.orc:orc-core:1.3.3,"org.apache.orc.impl.ReaderImpl:<init>(org.apache.hadoop.fs.Path,org.apache.orc.OrcFile$ReaderOptions)"
CVE-2019-10770,io.ratpack:ratpack-core:1.5.4,"ratpack.error.internal.ErrorPageRenderer:throwable(ratpack.error.internal.ErrorPageRenderer$BodyWriter,java.lang.Throwable,boolean)"
CVE-2022-21724,org.postgresql:postgresql:42.2.5,"org.postgresql.core.SocketFactoryFactory:getSocketFactory(java.util.Properties);org.postgresql.ssl.MakeSSL:verifyPeerName(org.postgresql.core.PGStream,java.util.Properties,javax.net.ssl.SSLSocket);org.postgresql.core.SocketFactoryFactory:getSslSocketFactory(java.util.Properties);org.postgresql.util.ObjectFactory:instantiate(java.lang.String,java.util.Properties,boolean,java.lang.String)"
CVE-2020-10727,org.apache.activemq:artemis-server:2.10.1,"org.apache.activemq.artemis.core.management.impl.ActiveMQServerControlImpl:resetUser(java.lang.String,java.lang.String,java.lang.String);org.apache.activemq.artemis.core.management.impl.ActiveMQServerControlImpl:internalresetUser(java.lang.String,java.lang.String,java.lang.String)"
CVE-2021-32623,org.opencastproject:opencast-authorization-xacml:9.5,org.opencastproject.authorization.xacml.XACMLUtils:parseXacml(java.io.InputStream)
CVE-2020-13943,org.apache.tomcat:tomcat-coyote:9.0.35,"org.apache.coyote.http2.Http2UpgradeHandler:headersEnd(int);org.apache.coyote.http2.Http2UpgradeHandler:headersStart(int,boolean)"
CVE-2018-14637,org.keycloak:keycloak-spring-security-adapter:4.2.1.Final,"org.keycloak.adapters.springsecurity.filter.KeycloakSecurityContextRequestFilter:doFilter(javax.servlet.ServletRequest,javax.servlet.ServletResponse,javax.servlet.FilterChain)"
CVE-2018-20000,org.bedework:bw-webdav:4.0.2,"org.bedework.webdav.servlet.common.MethodBase:parseContent(int,java.io.Reader);org.bedework.webdav.servlet.common.PostRequestPars:processXml();org.bedework.webdav.servlet.common.PostRequestPars:parseXml(java.io.Reader)"
CVE-2017-2666,io.undertow:undertow-core:1.3.15.Final,"io.undertow.util.Methods:fromString(java.lang.String);io.undertow.server.protocol.http2.Http2ReceiveListener:handleRequests(io.undertow.protocols.http2.Http2Channel,io.undertow.protocols.http2.Http2StreamSourceChannel);io.undertow.protocols.http2.Http2HeaderBlockParser:emitHeader(io.undertow.util.HttpString,java.lang.String,boolean);io.undertow.server.protocol.ajp.AjpRequestParser:parse(java.nio.ByteBuffer,io.undertow.server.protocol.ajp.AjpRequestParseState,io.undertow.server.HttpServerExchange);io.undertow.server.protocol.http.HttpRequestParser:handlePath(java.nio.ByteBuffer,io.undertow.server.protocol.http.ParseState,io.undertow.server.HttpServerExchange);io.undertow.server.protocol.ajp.AjpReadListener:handleEvent(org.xnio.channels.StreamSourceChannel);io.undertow.server.protocol.http.HttpReadListener:handleEventWithNoRunningRequest(org.xnio.conduits.ConduitStreamSourceChannel)"
CVE-2017-15717,org.apache.sling:org.apache.sling.xss:2.0.0,org.apache.sling.xss.impl.XSSAPIImpl:getValidHref(java.lang.String)
CVE-2019-10093,org.apache.tika:tika-parsers:1.20,"org.apache.tika.parser.microsoft.ooxml.xwpf.ml2006.Word2006MLParser:parse(java.io.InputStream,org.xml.sax.ContentHandler,org.apache.tika.metadata.Metadata,org.apache.tika.parser.ParseContext);org.apache.tika.parser.microsoft.xml.AbstractXML2003Parser:parse(java.io.InputStream,org.xml.sax.ContentHandler,org.apache.tika.metadata.Metadata,org.apache.tika.parser.ParseContext)"
CVE-2018-15756,org.springframework:spring-web:5.0.8.RELEASE,"org.springframework.http.HttpRange:parseRanges(java.lang.String);org.springframework.http.HttpRange:toResourceRegions(java.util.List,org.springframework.core.io.Resource);org.springframework.http.HttpRange:toResourceRegion(org.springframework.core.io.Resource)"
CVE-2013-7285,com.thoughtworks.xstream:xstream:1.4.10,"com.thoughtworks.xstream.mapper.CachingMapper:realClass(java.lang.String);com.thoughtworks.xstream.converters.reflection.ReflectionConverter:canConvert(java.lang.Class);com.thoughtworks.xstream.XStream:buildMapper();com.thoughtworks.xstream.XStream:<init>(com.thoughtworks.xstream.converters.reflection.ReflectionProvider,com.thoughtworks.xstream.io.HierarchicalStreamDriver,com.thoughtworks.xstream.core.ClassLoaderReference,com.thoughtworks.xstream.mapper.Mapper,com.thoughtworks.xstream.converters.ConverterLookup,com.thoughtworks.xstream.converters.ConverterRegistry);com.thoughtworks.xstream.XStream:setupMappers()"
CVE-2012-5055,org.springframework.security:spring-security-core:2.0.5.RELEASE,"org.springframework.security.providers.dao.DaoAuthenticationProvider:setPasswordEncoder(org.springframework.security.providers.encoding.PasswordEncoder);org.springframework.security.providers.dao.DaoAuthenticationProvider:retrieveUser(java.lang.String,org.springframework.security.providers.UsernamePasswordAuthenticationToken);org.springframework.security.providers.dao.DaoAuthenticationProvider:setPasswordEncoder(org.springframework.security.providers.encoding.PasswordEncoder);org.springframework.security.providers.dao.DaoAuthenticationProvider:retrieveUser(java.lang.String,org.springframework.security.providers.UsernamePasswordAuthenticationToken)"
CVE-2017-7559,io.undertow:undertow-core:1.3.15.Final,"io.undertow.server.protocol.http.HttpRequestParser:handleHttpVerb(java.nio.ByteBuffer,io.undertow.server.protocol.http.ParseState,io.undertow.server.HttpServerExchange);io.undertow.server.protocol.http.HttpRequestParser:handle(java.nio.ByteBuffer,io.undertow.server.protocol.http.ParseState,io.undertow.server.HttpServerExchange);io.undertow.client.http.HttpResponseParser:handleHeader(java.nio.ByteBuffer,io.undertow.client.http.ResponseParseState,io.undertow.client.http.HttpResponseBuilder);io.undertow.server.protocol.http.HttpRequestParser:handleHttpVersion(java.nio.ByteBuffer,io.undertow.server.protocol.http.ParseState,io.undertow.server.HttpServerExchange);io.undertow.client.http.HttpResponseParser:handleHttpVersion(java.nio.ByteBuffer,io.undertow.client.http.ResponseParseState,io.undertow.client.http.HttpResponseBuilder);io.undertow.server.protocol.http.HttpRequestParser:handlePathParameters(java.nio.ByteBuffer,io.undertow.server.protocol.http.ParseState,io.undertow.server.HttpServerExchange);io.undertow.server.protocol.http.HttpRequestParser:handleHeader(java.nio.ByteBuffer,io.undertow.server.protocol.http.ParseState,io.undertow.server.HttpServerExchange);io.undertow.server.protocol.http.HttpRequestParser:handleQueryParameters(java.nio.ByteBuffer,io.undertow.server.protocol.http.ParseState,io.undertow.server.HttpServerExchange);io.undertow.client.http.HttpResponseParser:handleHttpVersion(java.nio.ByteBuffer,io.undertow.client.http.ResponseParseState,io.undertow.client.http.HttpResponseBuilder)"
CVE-2019-17359,org.bouncycastle:bcprov-jdk15on:1.63,"org.bouncycastle.asn1.ASN1StreamParser:readObject();org.bouncycastle.asn1.LimitedInputStream:<init>(java.io.InputStream,int);org.bouncycastle.asn1.ASN1InputStream:buildObject(int,int,int);org.bouncycastle.asn1.DefiniteLengthInputStream:<init>(java.io.InputStream,int);org.bouncycastle.asn1.StreamUtil:findLimit(java.io.InputStream);org.bouncycastle.asn1.LimitedInputStream:getRemaining();org.bouncycastle.asn1.DefiniteLengthInputStream:toByteArray();org.bouncycastle.asn1.ConstructedOctetStream:read(byte[],int,int);org.bouncycastle.asn1.IndefiniteLengthInputStream:<init>(java.io.InputStream,int)"
CVE-2018-11802,org.apache.solr:solr-core:7.4.0,org.apache.solr.servlet.HttpSolrCall:call()
CVE-2018-12541,io.vertx:vertx-core:3.5.3,"io.vertx.core.http.impl.HttpServerImpl$ServerHandlerWithWebSockets:handleMessage(io.vertx.core.http.impl.Http1xServerConnection,io.vertx.core.impl.ContextImpl,io.netty.channel.ChannelHandlerContext,java.lang.Object)"
CVE-2018-8014,org.apache.tomcat:tomcat-catalina:8.5.51,"org.apache.catalina.filters.CorsFilter:parseAndStore(java.lang.String,java.lang.String,java.lang.String,java.lang.String,java.lang.String,java.lang.String,java.lang.String);org.apache.catalina.filters.CorsFilter:handleSimpleCORS(javax.servlet.http.HttpServletRequest,javax.servlet.http.HttpServletResponse,javax.servlet.FilterChain)"
CVE-2020-26259,com.thoughtworks.xstream:xstream:1.4.11.1,com.thoughtworks.xstream.XStream:setupSecurity()
CVE-2019-6002,com.linecorp.centraldogma:centraldogma-server:0.40.1,"com.linecorp.centraldogma.server.internal.storage.repository.git.GitRepository:commit0(com.linecorp.centraldogma.common.Revision,com.linecorp.centraldogma.common.Revision,long,com.linecorp.centraldogma.common.Author,java.lang.String,java.lang.String,com.linecorp.centraldogma.common.Markup,java.lang.Iterable,boolean);com.linecorp.centraldogma.server.internal.storage.repository.git.GitRepository:blockingFind(com.linecorp.centraldogma.common.Revision,java.lang.String,java.util.Map);com.linecorp.centraldogma.server.internal.storage.repository.git.GitRepository:uncachedHeadRevision();com.linecorp.centraldogma.server.internal.storage.repository.git.GitRepository:blockingHistory(com.linecorp.centraldogma.common.Revision,com.linecorp.centraldogma.common.Revision,java.lang.String,int)"
CVE-2017-12625,org.apache.hive:hive-exec:2.3.0,"org.apache.hadoop.hive.ql.parse.TableMask:<init>(org.apache.hadoop.hive.ql.parse.SemanticAnalyzer,org.apache.hadoop.hive.conf.HiveConf,org.apache.hadoop.hive.ql.Context);org.apache.hadoop.hive.ql.parse.ParseUtils:parse(java.lang.String,org.apache.hadoop.hive.ql.Context);org.apache.hadoop.hive.ql.parse.SemanticAnalyzer:rewriteASTWithMaskAndFilter(org.apache.hadoop.hive.ql.parse.ASTNode);org.apache.hadoop.hive.ql.parse.SemanticAnalyzer:genResolvedParseTree(org.apache.hadoop.hive.ql.parse.ASTNode,org.apache.hadoop.hive.ql.parse.SemanticAnalyzer$PlannerContext);org.apache.hadoop.hive.ql.parse.ParseUtils:parse(java.lang.String,org.apache.hadoop.hive.ql.Context,boolean);org.apache.hadoop.hive.ql.parse.ParseDriver:parse(java.lang.String,org.apache.hadoop.hive.ql.Context,boolean);org.apache.hadoop.hive.ql.parse.SemanticAnalyzer:replaceViewReferenceWithDefinition(org.apache.hadoop.hive.ql.parse.QB,org.apache.hadoop.hive.ql.metadata.Table,java.lang.String,java.lang.String);org.apache.hadoop.hive.ql.parse.ParseDriver:parse(java.lang.String,org.apache.hadoop.hive.ql.Context);org.apache.hadoop.hive.ql.parse.SemanticAnalyzer:walkASTMarkTABREF(org.apache.hadoop.hive.ql.parse.ASTNode,java.util.Set);org.apache.hadoop.hive.ql.Context:<init>(org.apache.hadoop.conf.Configuration,java.lang.String)"
CVE-2018-8027,org.apache.camel:camel-core:2.20.1,org.apache.camel.processor.validation.ValidatingProcessor:doProcess(org.apache.camel.Exchange);org.apache.camel.processor.validation.SchemaReader:createSchemaFactory()
CVE-2014-0075,org.apache.tomcat:tomcat-coyote:7.0.27,org.apache.coyote.http11.filters.ChunkedInputFilter:parseChunkHeader()
CVE-2021-32053,ca.uhn.hapi.fhir:hapi-fhir-jpaserver-api:5.3.3,ca.uhn.fhir.jpa.api.config.DaoConfig:setDeleteExpungeEnabled(boolean);ca.uhn.fhir.jpa.api.config.DaoConfig:setExpungeEnabled(boolean);ca.uhn.fhir.jpa.api.config.DaoConfig:setUseLegacySearchBuilder(boolean)
CVE-2021-21349,com.thoughtworks.xstream:xstream:1.4.11.1,"com.thoughtworks.xstream.XStream:setupMappers();com.thoughtworks.xstream.XStream:setupSecurity();com.thoughtworks.xstream.XStream:unmarshal(com.thoughtworks.xstream.io.HierarchicalStreamReader,java.lang.Object,com.thoughtworks.xstream.converters.DataHolder)"
CVE-2018-9117,com.github.tomakehurst:wiremock:2.6.0,com.github.tomakehurst.wiremock.matching.EqualToXmlPattern$SkipResolvingEntitiesDocumentBuilderFactory:newDocumentBuilder();com.github.tomakehurst.wiremock.matching.EqualToXmlPattern:match(java.lang.String);com.github.tomakehurst.wiremock.extension.responsetemplating.ResponseTemplateTransformer:getName();com.github.tomakehurst.wiremock.common.Xml:read(java.lang.String)
CVE-2012-5633,org.apache.cxf:cxf-rt-ws-security:2.5.1,org.apache.cxf.ws.security.wss4j.WSS4JInInterceptor:isGET(org.apache.cxf.binding.soap.SoapMessage);org.apache.cxf.ws.security.wss4j.WSS4JInInterceptor:handleMessage(org.apache.cxf.binding.soap.SoapMessage)
CVE-2014-3651,org.keycloak:keycloak-services:1.0.2.Final,"org.keycloak.services.resources.QRCodeResource:createQrCode(java.lang.String,java.lang.String)"
CVE-2018-8016,org.apache.cassandra:cassandra-all:3.11.0,"org.apache.cassandra.utils.JMXServerUtils$Registry:<init>(int,java.rmi.server.RMIClientSocketFactory,java.rmi.server.RMIServerSocketFactory,java.rmi.Remote);org.apache.cassandra.utils.JMXServerUtils$Registry:list();org.apache.cassandra.utils.JMXServerUtils$Registry:lookup(java.lang.String);org.apache.cassandra.utils.JMXServerUtils$Registry:<init>(int,java.rmi.Remote);org.apache.cassandra.utils.JMXServerUtils$Registry:rebind(java.lang.String,java.rmi.Remote);org.apache.cassandra.utils.JMXServerUtils:configureRMIRegistry(int,java.util.Map);org.apache.cassandra.utils.JMXServerUtils$Exporter:exportObject(java.rmi.Remote,int,java.rmi.server.RMIClientSocketFactory,java.rmi.server.RMIServerSocketFactory);org.apache.cassandra.utils.JMXServerUtils$Registry:bind(java.lang.String,java.rmi.Remote);org.apache.cassandra.utils.JMXServerUtils$Exporter:unexportObject(java.rmi.Remote,boolean);org.apache.cassandra.utils.JMXServerUtils:createJMXServer(int,boolean);org.apache.cassandra.utils.JMXServerUtils$Registry:unbind(java.lang.String)"
CVE-2018-1270,org.springframework:spring-messaging:5.0.2.RELEASE,"org.springframework.messaging.simp.broker.DefaultSubscriptionRegistry:filterSubscriptions(org.springframework.util.MultiValueMap,org.springframework.messaging.Message);org.springframework.messaging.simp.config.StompBrokerRelayRegistration:getMessageHandler(org.springframework.messaging.SubscribableChannel);org.springframework.messaging.simp.broker.DefaultSubscriptionRegistry$SimpMessageHeaderPropertyAccessor:read(org.springframework.expression.EvaluationContext,java.lang.Object,java.lang.String);org.springframework.messaging.simp.broker.DefaultSubscriptionRegistry$SimpMessageHeaderPropertyAccessor:getSpecificTargetClasses()"
CVE-2011-2730,org.springframework:spring-web:2.5.6.SEC02,"org.springframework.web.util.ExpressionEvaluationUtils:evaluateBoolean(java.lang.String,java.lang.String,javax.servlet.jsp.PageContext);org.springframework.web.util.ExpressionEvaluationUtils:evaluateInteger(java.lang.String,java.lang.String,javax.servlet.jsp.PageContext);org.springframework.web.util.ExpressionEvaluationUtils:evaluateString(java.lang.String,java.lang.String,javax.servlet.jsp.PageContext);org.springframework.web.util.ExpressionEvaluationUtils:evaluate(java.lang.String,java.lang.String,javax.servlet.jsp.PageContext);org.springframework.web.util.ExpressionEvaluationUtils:evaluate(java.lang.String,java.lang.String,java.lang.Class,javax.servlet.jsp.PageContext)"
CVE-2018-1295,org.apache.ignite:ignite-core:2.3.0,"org.apache.ignite.marshaller.jdk.JdkMarshaller:unmarshal0(java.io.InputStream,java.lang.ClassLoader);org.apache.ignite.marshaller.jdk.JdkMarshallerObjectInputStream:resolveClass(java.io.ObjectStreamClass);org.apache.ignite.internal.processors.rest.protocols.tcp.GridTcpRestParser:decodeObj(short,byte[]);org.apache.ignite.internal.processors.rest.protocols.tcp.GridTcpRestParser:<init>(boolean);org.apache.ignite.internal.client.marshaller.optimized.GridClientOptimizedMarshaller$ClientMarshallerContext:<init>(java.util.List);org.apache.ignite.marshaller.jdk.JdkMarshallerObjectInputStream:<init>(java.io.InputStream,java.lang.ClassLoader);org.apache.ignite.IgniteSystemProperties:safeSnapshot();org.apache.ignite.internal.marshaller.optimized.OptimizedObjectInputStream:readObject0();org.apache.ignite.internal.marshaller.optimized.OptimizedObjectOutputStream:writeObject0(java.lang.Object);org.apache.ignite.internal.client.marshaller.optimized.GridClientOptimizedMarshaller$ClientMarshallerContext:<init>();org.apache.ignite.spi.discovery.tcp.TcpDiscoverySpi:injectResources(org.apache.ignite.Ignite);org.apache.ignite.internal.processors.rest.protocols.tcp.GridTcpRestProtocol:start(org.apache.ignite.internal.processors.rest.GridRestProtocolHandler);org.apache.ignite.internal.processors.rest.protocols.tcp.GridTcpRestParser:encodeObj(java.lang.Object,java.io.ByteArrayOutputStream);org.apache.ignite.internal.processors.platform.utils.PlatformUtils:marshaller();org.apache.ignite.internal.processors.cache.persistence.wal.reader.StandaloneGridKernalContext:<init>(org.apache.ignite.IgniteLogger,java.io.File,java.io.File);org.apache.ignite.stream.socket.SocketStreamer$DefaultConverter:<init>(java.lang.String);org.apache.ignite.internal.GridKernalContextImpl:<init>(org.apache.ignite.internal.GridLoggerProxy,org.apache.ignite.internal.IgniteEx,org.apache.ignite.configuration.IgniteConfiguration,org.apache.ignite.internal.GridKernalGateway,java.util.concurrent.ExecutorService,java.util.concurrent.ExecutorService,java.util.concurrent.ExecutorService,java.util.concurrent.ExecutorService,org.apache.ignite.internal.util.StripedExecutor,java.util.concurrent.ExecutorService,java.util.concurrent.ExecutorService,java.util.concurrent.ExecutorService,org.apache.ignite.internal.util.StripedExecutor,java.util.concurrent.ExecutorService,java.util.concurrent.ExecutorService,java.util.concurrent.ExecutorService,org.apache.ignite.thread.IgniteStripedThreadPoolExecutor,java.util.concurrent.ExecutorService,java.util.concurrent.ExecutorService,java.util.Map,java.util.List);org.apache.ignite.internal.processors.rest.protocols.tcp.GridTcpRestProtocol:jdkMarshaller();org.apache.ignite.internal.MarshallerContextImpl:<init>(java.util.Collection);org.apache.ignite.internal.util.IgniteUtils:forName(java.lang.String,java.lang.ClassLoader);org.apache.ignite.internal.MarshallerContextImpl:getClass(int,java.lang.ClassLoader);org.apache.ignite.internal.processors.rest.protocols.tcp.GridTcpRestProtocol:marshaller(org.apache.ignite.internal.util.nio.GridNioSession);org.apache.ignite.internal.IgniteKernal:start(org.apache.ignite.configuration.IgniteConfiguration,java.util.concurrent.ExecutorService,java.util.concurrent.ExecutorService,java.util.concurrent.ExecutorService,java.util.concurrent.ExecutorService,org.apache.ignite.internal.util.StripedExecutor,java.util.concurrent.ExecutorService,java.util.concurrent.ExecutorService,java.util.concurrent.ExecutorService,org.apache.ignite.internal.util.StripedExecutor,java.util.concurrent.ExecutorService,java.util.concurrent.ExecutorService,java.util.concurrent.ExecutorService,org.apache.ignite.thread.IgniteStripedThreadPoolExecutor,java.util.concurrent.ExecutorService,java.util.concurrent.ExecutorService,java.util.Map,org.apache.ignite.internal.util.lang.GridAbsClosure)"
CVE-2016-10006,org.owasp.antisamy:antisamy:1.5.3,"org.owasp.validator.html.scan.MagicSAXFilter:startElement(org.apache.xerces.xni.QName,org.apache.xerces.xni.XMLAttributes,org.apache.xerces.xni.Augmentations)"
CVE-2021-22053,org.springframework.cloud:spring-cloud-netflix-hystrix-dashboard:2.2.9.RELEASE,"org.springframework.cloud.netflix.hystrix.dashboard.HystrixDashboardController:monitor(java.lang.String,org.springframework.ui.Model,org.springframework.web.context.request.WebRequest)"
CVE-2020-25689,org.wildfly.core:wildfly-host-controller:2.0.10.Final,org.jboss.as.host.controller.mgmt.MasterDomainControllerOperationHandlerService:startReceiving(org.jboss.remoting3.Channel);org.jboss.as.host.controller.RemoteDomainConnection:reconnect()
CVE-2018-1000130,org.jolokia:jolokia-core:1.2.3,"org.jolokia.backend.BackendManager:createDispatcher(java.lang.String,org.jolokia.converter.Converters,org.jolokia.detector.ServerHandle,org.jolokia.restrictor.Restrictor);org.jolokia.backend.BackendManager:createRequestDispatchers(java.lang.String,org.jolokia.converter.Converters,org.jolokia.detector.ServerHandle,org.jolokia.restrictor.Restrictor);org.jolokia.backend.BackendManager:init(org.jolokia.config.Configuration);org.jolokia.http.AgentServlet:init(javax.servlet.ServletConfig)"
CVE-2018-11771,org.apache.commons:commons-compress:1.9,"org.apache.commons.compress.archivers.zip.ZipArchiveInputStream:readStored(byte[],int,int)"
CVE-2012-0881,org.apache.servicemix.bundles:org.apache.servicemix.bundles.xerces:2.11.0_1,"org.apache.xerces.util.SoftReferenceSymbolTable:addSymbol(char[],int,int);org.apache.xerces.util.XMLAttributesImpl:prepareAndPopulateTableView();org.apache.xerces.util.SymbolHash:put(java.lang.Object,java.lang.Object);org.apache.xerces.util.SoftReferenceSymbolTable:rehash();org.apache.xerces.util.SymbolHash:makeClone();org.apache.xerces.impl.dtd.DTDGrammar$QNameHashtable:put(java.lang.String,int);org.apache.xerces.util.XMLAttributesImpl:addAttribute(org.apache.xerces.xni.QName,java.lang.String,java.lang.String);org.apache.xerces.util.XMLAttributesImpl:checkDuplicatesNS();org.apache.xerces.util.ShadowedSymbolTable:hash(java.lang.String);org.apache.xerces.util.XMLAttributesImpl:prepareTableView();org.apache.xerces.util.SoftReferenceSymbolTable:<init>(int,float);org.apache.xerces.impl.dtd.DTDGrammar$QNameHashtable:get(java.lang.String);org.apache.xerces.util.ShadowedSymbolTable:hash(char[],int,int);org.apache.xerces.util.ShadowedSymbolTable:addSymbol(java.lang.String);org.apache.xerces.util.SymbolHash:<init>();org.apache.xerces.util.SymbolHash:clear();org.apache.xerces.util.SoftReferenceSymbolTable:addSymbol(java.lang.String);org.apache.xerces.util.ShadowedSymbolTable:addSymbol(char[],int,int);org.apache.xerces.util.XMLAttributesImpl:getTableViewBucket(java.lang.String);org.apache.xerces.util.XMLAttributesImpl:getTableViewBucket(java.lang.String,java.lang.String)"
CVE-2018-8041,org.apache.camel:camel-mail:2.21.1,"org.apache.camel.component.mail.MailBinding:extractAttachmentsFromMultipart(javax.mail.Multipart,java.util.Map)"
CVE-2015-5531,org.elasticsearch:elasticsearch:1.5.2,"org.elasticsearch.snapshots.SnapshotsService:deleteSnapshot(org.elasticsearch.cluster.metadata.SnapshotId,org.elasticsearch.snapshots.SnapshotsService$DeleteSnapshotListener);org.elasticsearch.snapshots.SnapshotsService:snapshotShards(org.elasticsearch.cluster.metadata.SnapshotId);org.elasticsearch.snapshots.SnapshotsService:snapshot(org.elasticsearch.cluster.metadata.SnapshotId);org.elasticsearch.snapshots.SnapshotsService:validate(org.elasticsearch.snapshots.SnapshotsService$SnapshotRequest,org.elasticsearch.cluster.ClusterState);org.elasticsearch.repositories.uri.URLRepository:<init>(org.elasticsearch.repositories.RepositoryName,org.elasticsearch.repositories.RepositorySettings,org.elasticsearch.index.snapshots.IndexShardRepository);org.elasticsearch.snapshots.SnapshotsService:currentSnapshotShards(org.elasticsearch.cluster.metadata.SnapshotId);org.elasticsearch.snapshots.SnapshotsService:createSnapshot(org.elasticsearch.snapshots.SnapshotsService$SnapshotRequest,org.elasticsearch.snapshots.SnapshotsService$CreateSnapshotListener)"
CVE-2021-37137,io.netty:netty-codec:4.1.5.Final,"io.netty.handler.codec.compression.Bzip2BlockDecompressor:decodeHuffmanData(io.netty.handler.codec.compression.Bzip2HuffmanStageDecoder);io.netty.handler.codec.compression.Bzip2Decoder:decode(io.netty.channel.ChannelHandlerContext,io.netty.buffer.ByteBuf,java.util.List)"
CVE-2019-17632,org.eclipse.jetty:jetty-server:9.4.22.v20191022,"org.eclipse.jetty.server.handler.ErrorHandler:writeErrorJson(javax.servlet.http.HttpServletRequest,java.io.PrintWriter,int,java.lang.String);org.eclipse.jetty.server.handler.ErrorHandler:writeErrorPageStacks(javax.servlet.http.HttpServletRequest,java.io.Writer)"
CVE-2018-1274,org.springframework.data:spring-data-commons:1.13.7.RELEASE,"org.springframework.data.mapping.PropertyPath:create(java.lang.String,org.springframework.data.util.TypeInformation,java.lang.String,java.util.List)"
CVE-2012-4387,org.apache.struts.xwork:xwork-core:2.2.3.1,com.opensymphony.xwork2.interceptor.ParametersInterceptor:acceptableName(java.lang.String);com.opensymphony.xwork2.interceptor.ParametersInterceptor:isAccepted(java.lang.String);com.opensymphony.xwork2.interceptor.ParametersInterceptor:setAcceptParamNames(java.lang.String)
CVE-2012-3353,org.apache.sling:org.apache.sling.jcr.contentloader:2.1.0,"org.apache.sling.jcr.contentloader.internal.readers.XmlReader:parseInternal(java.io.InputStream,org.apache.sling.jcr.contentloader.internal.ContentCreator,java.net.URL)"
CVE-2010-1622,org.springframework:spring-beans:2.5.6,org.springframework.beans.CachedIntrospectionResults:getPropertyDescriptor(java.lang.String);org.springframework.beans.CachedIntrospectionResults:<init>(java.lang.Class);org.springframework.beans.CachedIntrospectionResults:forClass(java.lang.Class)
CVE-2019-3778,org.springframework.security.oauth:spring-security-oauth2:2.3.4.RELEASE,"org.springframework.security.oauth2.provider.endpoint.DefaultRedirectResolver:redirectMatches(java.lang.String,java.lang.String);org.springframework.security.oauth2.provider.endpoint.DefaultRedirectResolver:obtainMatchingRedirect(java.util.Set,java.lang.String)"
CVE-2013-7259,org.neo4j.app:neo4j-server:2.1.7,"org.neo4j.server.modules.Neo4jBrowserModule:start();org.neo4j.server.rest.repr.OutputFormat:response(javax.ws.rs.core.Response$Status,org.neo4j.server.rest.repr.Representation);org.neo4j.server.rest.discovery.DiscoveryService:getDiscoveryDocument();org.neo4j.server.AbstractNeoServer:createDefaultInjectables();org.neo4j.server.AbstractNeoServer:start();org.neo4j.server.modules.WebAdminModule:start();org.neo4j.server.modules.RESTApiModule:start();org.neo4j.server.CommunityNeoServer:createServerModules();org.neo4j.server.modules.WebAdminModule:<init>(org.neo4j.server.web.WebServer,org.neo4j.kernel.logging.Logging);org.neo4j.server.modules.ThirdPartyJAXRSModule:start();org.neo4j.server.AbstractNeoServer:stopDatabase();org.neo4j.server.modules.ManagementApiModule:start();org.neo4j.server.rest.repr.ExceptionRepresentation:serialize(org.neo4j.server.rest.repr.MappingSerializer);org.neo4j.server.database.LifecycleManagingDatabase:getLocation();org.neo4j.server.rest.repr.ExceptionRepresentation:<init>(java.lang.Throwable);org.neo4j.server.AbstractNeoServer:stopModules()"
CVE-2016-6812,org.apache.cxf:cxf-rt-transports-http:3.0.5,"org.apache.cxf.transport.servlet.servicelist.FormattedServiceListWriter:getAbsoluteAddress(java.lang.String,org.apache.cxf.transport.AbstractDestination);org.apache.cxf.transport.servlet.BaseUrlHelper:getBaseURL(javax.servlet.http.HttpServletRequest);org.apache.cxf.transport.servlet.servicelist.ServiceListGeneratorServlet:service(javax.servlet.http.HttpServletRequest,javax.servlet.http.HttpServletResponse)"
CVE-2021-34797,org.apache.geode:geode-core:1.12.0,"org.apache.geode.internal.AbstractConfig:printSourceSection(org.apache.geode.internal.ConfigSource,java.io.PrintWriter);org.apache.geode.internal.util.ArgumentRedactor:<init>();org.apache.geode.internal.util.ArgumentRedactor:getOptionWithArgumentPattern();org.apache.geode.internal.util.ArgumentRedactor:redact(java.lang.String,boolean);org.apache.geode.internal.util.ArgumentRedactor:isTaboo(java.lang.String);org.apache.geode.internal.util.ArgumentRedactor:redact(java.lang.String);org.apache.geode.internal.util.ArgumentRedactor:redactEachInList(java.util.List);org.apache.geode.internal.util.ArgumentRedactor:redactArgumentIfNecessary(java.lang.String,java.lang.String);org.apache.geode.internal.util.ArgumentRedactor:redact(java.util.List)"
CVE-2019-17091,org.glassfish:jakarta.faces:2.3.9,com.sun.faces.context.PartialViewContextImpl:renderState(javax.faces.context.FacesContext)
CVE-2009-1554,com.sun.woodstock:webui-jsf:4.2,"com.sun.webui.theme.ThemeServlet:doGet(javax.servlet.http.HttpServletRequest,javax.servlet.http.HttpServletResponse)"
CVE-2021-43570,com.starkbank.ellipticcurve:starkbank-ecdsa:1.0.0,"com.starkbank.ellipticcurve.Curve:contains(com.starkbank.ellipticcurve.Point);com.starkbank.ellipticcurve.PublicKey:fromString(com.starkbank.ellipticcurve.utils.ByteString,com.starkbank.ellipticcurve.Curve,boolean);com.starkbank.ellipticcurve.Math:jacobianDouble(com.starkbank.ellipticcurve.Point,java.math.BigInteger,java.math.BigInteger);com.starkbank.ellipticcurve.Math:jacobianAdd(com.starkbank.ellipticcurve.Point,com.starkbank.ellipticcurve.Point,java.math.BigInteger,java.math.BigInteger)"
CVE-2017-14735,org.owasp.antisamy:antisamy:1.5.3,"org.owasp.validator.html.Policy:getAllowedRegexps(java.util.Map,org.w3c.dom.Element);org.owasp.validator.html.Policy:getAllowedRegexps2(java.util.Map,org.w3c.dom.Element,java.lang.String);org.owasp.validator.html.Policy:getAllowedRegexp3(java.util.Map,org.w3c.dom.Element,java.lang.String)"
CVE-2018-12536,org.eclipse.jetty:jetty-util:9.3.25.v20180904,"org.eclipse.jetty.util.resource.PathResource:<init>(java.net.URI);org.eclipse.jetty.util.resource.PathResource:<init>(org.eclipse.jetty.util.resource.PathResource,java.lang.String);org.eclipse.jetty.util.resource.PathResource:addPath(java.lang.String)"
CVE-2007-1358,tomcat:tomcat-http11:4.1.34,org.apache.coyote.http11.InternalAprOutputBuffer:sendStatus();org.apache.coyote.http11.InternalOutputBuffer:sendStatus()
CVE-2014-8125,org.drools:drools-core:6.0.0.CR1,org.drools.core.xml.ExtensibleXmlParser:read(org.xml.sax.InputSource)
CVE-2017-8045,org.springframework.amqp:spring-amqp:1.6.10.RELEASE,org.springframework.amqp.core.Message:getBodyContentAsString()
CVE-2012-3544,org.apache.tomcat:tomcat-coyote:7.0.27,"org.apache.coyote.http11.filters.ChunkedInputFilter:parseHeader();org.apache.coyote.http11.filters.ChunkedInputFilter:parseCRLF();org.apache.coyote.http11.filters.ChunkedInputFilter:doRead(org.apache.tomcat.util.buf.ByteChunk,org.apache.coyote.Request);org.apache.coyote.http11.filters.ChunkedInputFilter:parseChunkHeader()"
CVE-2021-23900,com.mikesamuel:json-sanitizer:1.2.0,"com.google.json.JsonSanitizer:sanitizeString(int,int)"
CVE-2016-6798,org.apache.sling:org.apache.sling.xss:1.0.6,org.apache.sling.xss.impl.XSSAPIImpl:activate()
CVE-2018-1273,org.springframework.data:spring-data-commons:2.0.5.RELEASE,"org.springframework.data.web.MapDataBinder$MapPropertyAccessor:setPropertyValue(java.lang.String,java.lang.Object)"
CVE-2018-1282,org.apache.hive:hive-jdbc:1.2.1,"org.apache.hive.jdbc.HivePreparedStatement:setString(int,java.lang.String);org.apache.hive.jdbc.HivePreparedStatement:setBinaryStream(int,java.io.InputStream)"
CVE-2019-12418,org.apache.tomcat:tomcat-catalina:9.0.56,"org.apache.catalina.mbeans.JmxRemoteLifecycleListener:createServer(java.lang.String,java.lang.String,int,int,java.util.Map,java.rmi.server.RMIClientSocketFactory,java.rmi.server.RMIServerSocketFactory,java.rmi.server.RMIClientSocketFactory,java.rmi.server.RMIServerSocketFactory)"
CVE-2014-2296,org.jasig.cas:cas-server-core:3.4.11,org.jasig.cas.util.SamlUtils:constructDocumentFromXmlString(java.lang.String)
CVE-2014-0116,org.apache.struts:struts2-core:2.3.16.3,org.apache.struts2.interceptor.CookieInterceptor:isAcceptableValue(java.lang.String);org.apache.struts2.interceptor.CookieInterceptor:isExcluded(java.lang.String)
CVE-2016-3086,org.apache.hadoop:hadoop-common:2.6.0,"org.apache.hadoop.util.Shell:runCommand();org.apache.hadoop.util.Shell$ShellCommandExecutor:<init>(java.lang.String[],java.io.File,java.util.Map,long)"
CVE-2016-6652,org.springframework.data:spring-data-jpa:1.7.1.RELEASE,"org.springframework.data.jpa.repository.query.QueryUtils:getOrderClause(java.util.Set,java.lang.String,org.springframework.data.domain.Sort$Order);org.springframework.data.jpa.repository.query.QueryUtils:applySorting(java.lang.String,org.springframework.data.domain.Sort,java.lang.String)"
CVE-2020-12480,com.typesafe.play:filters-helpers_2.12:2.8.1,play.filters.csrf.RequireCSRFCheckAction:call(play.mvc.Http$Request)
CVE-2017-12617,org.apache.tomcat:tomcat-catalina:8.5.20,"org.apache.catalina.webresources.AbstractFileResourceSet:file(java.lang.String,boolean);org.apache.catalina.webresources.DirResourceSet:write(java.lang.String,java.io.InputStream,boolean);org.apache.catalina.servlets.DefaultServlet:serveResource(javax.servlet.http.HttpServletRequest,javax.servlet.http.HttpServletResponse,boolean,java.lang.String)"
CVE-2012-3376,org.apache.hadoop:hadoop-hdfs:2.0.0-alpha,"org.apache.hadoop.hdfs.server.datanode.BPOfferService:registrationSucceeded(org.apache.hadoop.hdfs.server.datanode.BPServiceActor,org.apache.hadoop.hdfs.server.protocol.DatanodeRegistration);org.apache.hadoop.hdfs.server.datanode.BPOfferService:processCommandFromStandby(org.apache.hadoop.hdfs.server.protocol.DatanodeCommand,org.apache.hadoop.hdfs.server.datanode.BPServiceActor);org.apache.hadoop.hdfs.DFSInputStream:fetchBlockAt(long);org.apache.hadoop.hdfs.server.blockmanagement.BlockManager:createBlockTokenSecretManager(org.apache.hadoop.conf.Configuration);org.apache.hadoop.hdfs.server.datanode.DataNode:registerBlockPoolWithSecretManager(org.apache.hadoop.hdfs.server.protocol.DatanodeRegistration,java.lang.String);org.apache.hadoop.hdfs.security.token.block.BlockTokenSecretManager:updateKeys();org.apache.hadoop.hdfs.HAUtil:getConfForOtherNode(org.apache.hadoop.conf.Configuration);org.apache.hadoop.hdfs.server.datanode.DataXceiver:checkAccess(java.io.DataOutputStream,boolean,org.apache.hadoop.hdfs.protocol.ExtendedBlock,org.apache.hadoop.security.token.Token,org.apache.hadoop.hdfs.protocol.datatransfer.Op,org.apache.hadoop.hdfs.security.token.block.BlockTokenSecretManager$AccessMode);org.apache.hadoop.hdfs.security.token.block.BlockTokenSecretManager:setKeys(org.apache.hadoop.hdfs.security.token.block.ExportedBlockKeys);org.apache.hadoop.hdfs.security.token.block.BlockTokenSecretManager:<init>(boolean,long,long);org.apache.hadoop.hdfs.security.token.block.BlockTokenSecretManager:generateKeys();org.apache.hadoop.hdfs.DFSInputStream:fetchLocatedBlocksAndGetLastBlockLength();org.apache.hadoop.hdfs.DFSInputStream:getFinalizedBlockRange(long,long);org.apache.hadoop.hdfs.DFSInputStream:getBlockAt(long,boolean);org.apache.hadoop.hdfs.security.token.block.BlockPoolTokenSecretManager:setKeys(java.lang.String,org.apache.hadoop.hdfs.security.token.block.ExportedBlockKeys);org.apache.hadoop.hdfs.DFSClient:getBlockLocations(java.lang.String,long,long);org.apache.hadoop.hdfs.server.datanode.BPOfferService:processCommandFromActive(org.apache.hadoop.hdfs.server.protocol.DatanodeCommand,org.apache.hadoop.hdfs.server.datanode.BPServiceActor);org.apache.hadoop.hdfs.server.blockmanagement.BlockManager:getBlockTokenSecretManager();org.apache.hadoop.hdfs.server.balancer.NameNodeConnector$BlockKeyUpdater:run();org.apache.hadoop.hdfs.server.balancer.NameNodeConnector:<init>(java.net.URI,org.apache.hadoop.conf.Configuration)"
CVE-2020-11988,org.apache.xmlgraphics:xmlgraphics-commons:2.4,org.apache.xmlgraphics.xmp.XMPParser:parseXMP(javax.xml.transform.Source)
CVE-2020-8897,com.amazonaws:aws-encryption-sdk-java:1.3.2,"com.amazonaws.encryptionsdk.internal.DecryptionHandler:create(com.amazonaws.encryptionsdk.MasterKeyProvider);com.amazonaws.encryptionsdk.model.EncryptionMaterialsRequest:<init>(com.amazonaws.encryptionsdk.model.EncryptionMaterialsRequest$Builder);com.amazonaws.encryptionsdk.AwsCrypto:encryptData(com.amazonaws.encryptionsdk.CryptoMaterialsManager,byte[],java.util.Map);com.amazonaws.encryptionsdk.internal.DecryptionHandler:create(com.amazonaws.encryptionsdk.CryptoMaterialsManager);com.amazonaws.encryptionsdk.AwsCrypto:estimateCiphertextSize(com.amazonaws.encryptionsdk.CryptoMaterialsManager,int,java.util.Map);com.amazonaws.encryptionsdk.kms.KmsMasterKey:getInstance(com.amazonaws.auth.AWSCredentialsProvider,java.lang.String);com.amazonaws.encryptionsdk.kms.KmsMasterKeyProvider:<init>(java.lang.String);com.amazonaws.encryptionsdk.kms.KmsMasterKeyProvider:<init>(com.amazonaws.auth.AWSCredentialsProvider,java.lang.String);com.amazonaws.encryptionsdk.kms.KmsMasterKeyProvider:<init>(com.amazonaws.services.kms.AWSKMS,com.amazonaws.regions.Region,java.util.List);com.amazonaws.encryptionsdk.AwsCrypto:createDecryptingStream(com.amazonaws.encryptionsdk.MasterKeyProvider,java.io.InputStream);com.amazonaws.encryptionsdk.kms.KmsMasterKeyProvider$Builder:clone();com.amazonaws.encryptionsdk.AwsCrypto:createDecryptingStream(com.amazonaws.encryptionsdk.MasterKeyProvider,java.io.OutputStream);com.amazonaws.encryptionsdk.kms.KmsMasterKeyProvider:getStartingRegion(java.lang.String);com.amazonaws.encryptionsdk.kms.KmsMasterKeyProvider:<init>();com.amazonaws.encryptionsdk.AwsCrypto:createDecryptingStream(com.amazonaws.encryptionsdk.CryptoMaterialsManager,java.io.InputStream);com.amazonaws.encryptionsdk.AwsCrypto:createDecryptingStream(com.amazonaws.encryptionsdk.CryptoMaterialsManager,java.io.OutputStream);com.amazonaws.encryptionsdk.kms.KmsMasterKeyProvider:<init>(com.amazonaws.auth.AWSCredentialsProvider,com.amazonaws.regions.Region,com.amazonaws.ClientConfiguration,java.util.List);com.amazonaws.encryptionsdk.AwsCrypto:setEncryptionAlgorithm(com.amazonaws.encryptionsdk.CryptoAlgorithm);com.amazonaws.encryptionsdk.kms.KmsMasterKeyProvider:withGrantTokens(java.util.List);com.amazonaws.encryptionsdk.AwsCrypto:getDefaultCryptoAlgorithm();com.amazonaws.encryptionsdk.kms.KmsMasterKeyProvider:<init>(com.amazonaws.auth.AWSCredentialsProvider);com.amazonaws.encryptionsdk.kms.KmsMasterKeyProvider:<init>(com.amazonaws.auth.AWSCredentialsProvider,com.amazonaws.regions.Region,com.amazonaws.ClientConfiguration,java.lang.String);com.amazonaws.encryptionsdk.kms.KmsMasterKeyProvider:<init>(com.amazonaws.encryptionsdk.kms.KmsMasterKeyProvider$RegionalClientSupplier,java.lang.String,java.util.List);com.amazonaws.encryptionsdk.kms.KmsMasterKeyProvider:<init>(com.amazonaws.auth.AWSCredentials,java.lang.String);com.amazonaws.encryptionsdk.kms.KmsMasterKeyProvider:<init>(com.amazonaws.auth.AWSCredentials);com.amazonaws.encryptionsdk.DefaultCryptoMaterialsManager:getMaterialsForEncrypt(com.amazonaws.encryptionsdk.model.EncryptionMaterialsRequest);com.amazonaws.encryptionsdk.internal.EncryptionHandler:<init>(int,com.amazonaws.encryptionsdk.model.EncryptionMaterials);com.amazonaws.encryptionsdk.kms.KmsMasterKeyProvider$Builder:withKeysForEncryption(java.util.List);com.amazonaws.encryptionsdk.internal.DecryptionHandler:create(com.amazonaws.encryptionsdk.MasterKeyProvider,com.amazonaws.encryptionsdk.model.CiphertextHeaders);com.amazonaws.encryptionsdk.internal.DecryptionHandler:<init>(com.amazonaws.encryptionsdk.CryptoMaterialsManager);com.amazonaws.encryptionsdk.internal.DecryptionHandler:<init>(com.amazonaws.encryptionsdk.CryptoMaterialsManager,com.amazonaws.encryptionsdk.model.CiphertextHeaders);com.amazonaws.encryptionsdk.internal.DecryptionHandler:readHeaderFields(com.amazonaws.encryptionsdk.model.CiphertextHeaders);com.amazonaws.encryptionsdk.kms.KmsMasterKey:getInstance(com.amazonaws.auth.AWSCredentials,java.lang.String);com.amazonaws.encryptionsdk.internal.EncryptionHandler:createCiphertextHeaders(com.amazonaws.encryptionsdk.model.ContentType,int);com.amazonaws.encryptionsdk.AwsCrypto:getEncryptingStreamHandler(com.amazonaws.encryptionsdk.CryptoMaterialsManager,java.util.Map);com.amazonaws.encryptionsdk.AwsCrypto:<init>();com.amazonaws.encryptionsdk.kms.KmsMasterKeyProvider$Builder:build();com.amazonaws.encryptionsdk.internal.DecryptionHandler:create(com.amazonaws.encryptionsdk.CryptoMaterialsManager,com.amazonaws.encryptionsdk.model.CiphertextHeaders);com.amazonaws.encryptionsdk.AwsCrypto:decryptData(com.amazonaws.encryptionsdk.CryptoMaterialsManager,com.amazonaws.encryptionsdk.ParsedCiphertext)"
CVE-2018-15801,org.springframework.security:spring-security-oauth2-jose:5.1.1.RELEASE,org.springframework.security.oauth2.jwt.JwtIssuerValidator:<init>(java.lang.String);org.springframework.security.oauth2.jwt.JwtIssuerValidator:validate(org.springframework.security.oauth2.jwt.Jwt)
CVE-2020-5405,org.springframework.cloud:spring-cloud-config-client:2.2.1.RELEASE,"org.springframework.cloud.config.client.ConfigServicePropertySourceLocator:getRemoteEnvironment(org.springframework.web.client.RestTemplate,org.springframework.cloud.config.client.ConfigClientProperties,java.lang.String,java.lang.String)"
CVE-2016-5393,org.apache.hadoop:hadoop-common:2.7.2,org.apache.hadoop.util.Shell:getGroupsCommand();org.apache.hadoop.util.Shell:getRunScriptCommand(java.io.File);org.apache.hadoop.util.Shell:getUsersForNetgroupCommand(java.lang.String);org.apache.hadoop.util.Shell:getGroupsForUserCommand(java.lang.String);org.apache.hadoop.util.Shell$ShellCommandExecutor:execute()
CVE-2021-28169,org.eclipse.jetty:jetty-servlets:11.0.1,"org.eclipse.jetty.servlets.ConcatServlet:doGet(jakarta.servlet.http.HttpServletRequest,jakarta.servlet.http.HttpServletResponse);org.eclipse.jetty.servlets.WelcomeFilter:doFilter(jakarta.servlet.ServletRequest,jakarta.servlet.ServletResponse,jakarta.servlet.FilterChain)"
CVE-2008-5515,org.apache.tomcat:catalina:6.0.18,"org.apache.catalina.connector.Request:getRequestDispatcher(java.lang.String);org.apache.catalina.core.ApplicationContext:normalize(java.lang.String);org.apache.catalina.core.ApplicationContext:getResourcePaths(java.lang.String);org.apache.naming.resources.FileDirContext:normalize(java.lang.String);org.apache.catalina.servlets.WebdavServlet:parseLockNullProperties(javax.servlet.http.HttpServletRequest,org.apache.catalina.util.XMLWriter,java.lang.String,int,java.util.Vector);org.apache.catalina.servlets.WebdavServlet:copyResource(javax.servlet.http.HttpServletRequest,javax.servlet.http.HttpServletResponse);org.apache.catalina.core.ApplicationContext:getResourceAsStream(java.lang.String);org.apache.catalina.core.ApplicationContext:getResource(java.lang.String);org.apache.catalina.core.ApplicationHttpRequest:getRequestDispatcher(java.lang.String);org.apache.catalina.ssi.SSIServletExternalResolver:getAbsolutePath(java.lang.String);org.apache.catalina.servlets.WebdavServlet:normalize(java.lang.String);org.apache.catalina.ssi.SSIServletRequestUtil:normalize(java.lang.String);org.apache.catalina.ssi.SSIServletRequestUtil:normalize(java.lang.String);org.apache.catalina.core.ApplicationContext:getRequestDispatcher(java.lang.String);org.apache.catalina.ssi.SSIServletRequestUtil:getRelativePath(javax.servlet.http.HttpServletRequest);org.apache.catalina.ssi.SSIServletExternalResolver:getServletContextAndPathFromVirtualPath(java.lang.String)"
CVE-2015-1776,org.apache.hadoop:hadoop-mapreduce-client-core:2.6.0,"org.apache.hadoop.mapreduce.CryptoUtils:wrapIfNecessary(org.apache.hadoop.conf.Configuration,org.apache.hadoop.fs.FSDataOutputStream);org.apache.hadoop.mapreduce.task.reduce.LocalFetcher:copyMapOutput(org.apache.hadoop.mapreduce.TaskAttemptID);org.apache.hadoop.mapreduce.CryptoUtils:getEncryptionKey();org.apache.hadoop.mapred.JvmTask:readFields(java.io.DataInput);org.apache.hadoop.mapreduce.CryptoUtils:wrapIfNecessary(org.apache.hadoop.conf.Configuration,java.io.InputStream,long);org.apache.hadoop.mapreduce.CryptoUtils:isShuffleEncrypted(org.apache.hadoop.conf.Configuration);org.apache.hadoop.mapreduce.CryptoUtils:cryptoPadding(org.apache.hadoop.conf.Configuration);org.apache.hadoop.mapreduce.CryptoUtils:wrapIfNecessary(org.apache.hadoop.conf.Configuration,org.apache.hadoop.fs.FSDataInputStream);org.apache.hadoop.mapreduce.CryptoUtils:createIV(org.apache.hadoop.conf.Configuration);org.apache.hadoop.mapreduce.JobSubmitter:submitJobInternal(org.apache.hadoop.mapreduce.Job,org.apache.hadoop.mapreduce.Cluster);org.apache.hadoop.mapred.JvmTask:write(java.io.DataOutput)"
CVE-2014-3120,org.elasticsearch:elasticsearch:1.0.0,"org.elasticsearch.script.ScriptService:compile(java.lang.String,java.lang.String);org.elasticsearch.script.ScriptService:<init>(org.elasticsearch.common.settings.Settings,org.elasticsearch.env.Environment,java.util.Set,org.elasticsearch.watcher.ResourceWatcherService);org.elasticsearch.script.ScriptService:dynamicScriptDisabled(java.lang.String)"
CVE-2019-15477,org.jooby:jooby:1.4.0,"org.jooby.Err$DefHandler:handle(org.jooby.Request,org.jooby.Response,org.jooby.Err);org.jooby.internal.RouteImpl:notFound(java.lang.String,java.lang.String);org.jooby.internal.HttpHandlerImpl:routes(java.util.Set,java.lang.String,java.lang.String,org.jooby.MediaType,java.util.List)"
CVE-2019-14837,org.keycloak:keycloak-services:7.0.0,"org.keycloak.services.managers.ClientManager:enableServiceAccount(org.keycloak.models.ClientModel);org.keycloak.services.managers.ClientManager:clientIdChanged(org.keycloak.models.ClientModel,java.lang.String)"
CVE-2013-7397,com.ning:async-http-client:1.8.7,"com.ning.http.client.providers.grizzly.GrizzlyAsyncHttpProvider:initializeTransport(com.ning.http.client.AsyncHttpClientConfig);com.ning.http.client.AsyncHttpClientConfigBean:configureDefaults();com.ning.http.client.AsyncHttpClientConfig:<init>(int,int,int,int,int,int,int,int,boolean,int,boolean,java.lang.String,boolean,java.util.concurrent.ExecutorService,com.ning.http.client.ProxyServerSelector,javax.net.ssl.SSLContext,com.ning.http.client.SSLEngineFactory,com.ning.http.client.AsyncHttpProviderConfig,com.ning.http.client.ConnectionsPool,com.ning.http.client.Realm,java.util.List,java.util.List,java.util.List,int,int,boolean,boolean,boolean,javax.net.ssl.HostnameVerifier,int,boolean,boolean,com.ning.http.client.date.TimeConverter);com.ning.http.client.AsyncHttpClientConfig$Builder:<init>(com.ning.http.client.AsyncHttpClientConfig);com.ning.http.client.providers.netty.NettyAsyncHttpProvider:constructSSLPipeline(com.ning.http.client.providers.netty.NettyConnectListener);com.ning.http.client.AsyncHttpClientConfigBean:setSslEngineFactory(com.ning.http.client.SSLEngineFactory);com.ning.http.util.SslUtils$SSLConfig:<init>();com.ning.http.client.AsyncHttpClientConfig$Builder:build();com.ning.http.client.providers.grizzly.GrizzlyAsyncHttpProvider:initializeTransport(com.ning.http.client.AsyncHttpClientConfig);com.ning.http.util.SslUtils:getSSLContext();com.ning.http.client.AsyncHttpClientConfig:getSSLEngineFactory();com.ning.http.client.AsyncHttpClientConfig$Builder:setSSLContext(javax.net.ssl.SSLContext);com.ning.http.client.AsyncHttpClientConfig$Builder:build();com.ning.http.util.SslUtils:getSSLContext();com.ning.http.util.SslUtils:getSSLEngine();com.ning.http.util.SslUtils:getStrictSSLContext(com.ning.http.util.SslUtils$SSLConfig);com.ning.http.util.SslUtils:getLooseSSLContext();com.ning.http.client.AsyncHttpClientConfigBean:configureDefaults();com.ning.http.client.providers.netty.NettyAsyncHttpProvider:createSSLEngine();com.ning.http.client.SimpleAsyncHttpClient$Builder:setSSLEngineFactory(com.ning.http.client.SSLEngineFactory);com.ning.http.client.providers.netty.NettyAsyncHttpProvider:verifyChannelPipeline(org.jboss.netty.channel.Channel,java.lang.String);com.ning.http.client.providers.netty.NettyAsyncHttpProvider:upgradeProtocol(org.jboss.netty.channel.ChannelPipeline,java.lang.String);com.ning.http.client.AsyncHttpClientConfig$Builder:setSSLEngineFactory(com.ning.http.client.SSLEngineFactory);com.ning.http.client.providers.jdk.JDKAsyncHttpProvider:createUrlConnection(com.ning.http.client.Request)"
CVE-2016-5388,org.apache.tomcat:tomcat-catalina:7.0.27,org.apache.catalina.servlets.CGIServlet:init(javax.servlet.ServletConfig);org.apache.catalina.servlets.CGIServlet$CGIEnvironment:setCGIEnvironment(javax.servlet.http.HttpServletRequest)
CVE-2020-7961,com.liferay.portal:portal-impl:6.0.5,"com.liferay.portal.service.permission.UserPermissionImpl:contains(com.liferay.portal.security.permission.PermissionChecker,long,long[],java.lang.String);com.liferay.portal.util.PortalImpl:getUserPassword(javax.servlet.http.HttpServletRequest);com.liferay.mail.util.FuseMailHook:deleteEmailAddress(long,long);com.liferay.portal.util.HttpImpl:addParameter(java.lang.String,java.lang.String,java.lang.String);com.liferay.portal.security.auth.LDAPAuth:authenticate(long,long,java.lang.String,java.lang.String,long,java.lang.String);com.liferay.mail.util.FuseMailHook:updateEmailAddress(long,long,java.lang.String);com.liferay.mail.util.FuseMailHook:addUser(long,long,java.lang.String,java.lang.String,java.lang.String,java.lang.String,java.lang.String);com.liferay.portal.util.HttpImpl:getClient(org.apache.commons.httpclient.HostConfiguration);com.liferay.mail.util.FuseMailHook:deleteUser(long,long);com.liferay.mail.util.FuseMailHook:getHttpClient();com.liferay.portal.model.impl.CompanyImpl:getKeyObj();com.liferay.portal.util.HttpImpl:URLtoByteArray(com.liferay.portal.kernel.util.Http$Options);com.liferay.portal.servlet.filters.virtualhost.VirtualHostFilter:processFilter(javax.servlet.http.HttpServletRequest,javax.servlet.http.HttpServletResponse,javax.servlet.FilterChain);com.liferay.portal.util.HttpImpl:decodePath(java.lang.String);com.liferay.mail.util.FuseMailHook:addForward(long,long,java.util.List,java.util.List,boolean);com.liferay.mail.util.FuseMailHook:updatePassword(long,long,java.lang.String);com.liferay.portal.util.HttpImpl:encodePath(java.lang.String);com.liferay.portal.util.HttpImpl:toCommonsCookies(javax.servlet.http.Cookie[]);com.liferay.portlet.iframe.util.IFrameUtil:isPasswordTokenEnabled(javax.portlet.PortletRequest);com.liferay.portal.util.HttpImpl:getHostConfig(java.lang.String);com.liferay.mail.util.FuseMailHook:getMailUserId(long,long);com.liferay.mail.util.FuseMailHook:getPostMethod();com.liferay.mail.util.FuseMailHook:executeMethod(org.apache.commons.httpclient.methods.PostMethod);com.liferay.portlet.iframe.util.IFrameUtil:getPassword(javax.portlet.PortletRequest,java.lang.String);com.liferay.portal.util.HttpImpl:toCommonsCookie(javax.servlet.http.Cookie);com.liferay.portal.util.HttpImpl:proxifyState(org.apache.commons.httpclient.HttpState,org.apache.commons.httpclient.HostConfiguration);com.liferay.portal.util.HttpImpl:<init>();com.liferay.mail.util.FuseMailHook:updateBlocked(long,long,java.util.List);com.liferay.portal.util.HttpImpl:toServletCookie(org.apache.commons.httpclient.Cookie);com.liferay.portlet.layoutconfiguration.util.xml.PortletLogic:processXML(java.lang.String);com.liferay.portal.json.JSONFactoryImpl:<init>();com.liferay.mail.util.FuseMailHook:addVacationMessage(long,long,java.lang.String,java.lang.String);com.liferay.portal.util.HttpImpl:toServletCookies(org.apache.commons.httpclient.Cookie[]);com.liferay.portal.util.HttpImpl:destroy();com.liferay.mail.util.FuseMailHook:<init>();com.liferay.portlet.rss.util.RSSWebCacheItem:convert(java.lang.String);com.liferay.portal.workflow.WorkflowPermissionAdvice:invoke(org.aspectj.lang.ProceedingJoinPoint);com.liferay.portlet.blogs.util.PingbackMethodImpl:execute(long);com.liferay.portlet.blogs.util.PingbackMethodImpl:validateSource();com.liferay.portlet.asset.service.persistence.AssetEntryFinderImpl:buildAssetQuerySQL(com.liferay.portlet.asset.service.persistence.AssetEntryQuery,boolean,com.liferay.portal.kernel.dao.orm.Session)"
CVE-2016-6801,org.apache.jackrabbit:jackrabbit-webdav:2.12.1,"org.apache.jackrabbit.webdav.util.CSRFUtil:isValidRequest(javax.servlet.http.HttpServletRequest);org.apache.jackrabbit.webdav.util.CSRFUtil:<init>(java.lang.String);org.apache.jackrabbit.webdav.server.AbstractWebdavServlet:doPost(org.apache.jackrabbit.webdav.WebdavRequest,org.apache.jackrabbit.webdav.WebdavResponse,org.apache.jackrabbit.webdav.DavResource)"
CVE-2019-10797,org.wso2.transport.http:org.wso2.transport.http.netty:6.0.272,"org.wso2.transport.http.netty.contractimpl.common.Util:createHttpRequest(org.wso2.transport.http.netty.message.HttpCarbonMessage);org.wso2.transport.http.netty.contractimpl.common.Util:createHttpResponse(org.wso2.transport.http.netty.message.HttpCarbonMessage,java.lang.String,java.lang.String,boolean);org.wso2.transport.http.netty.contractimpl.common.Util:createFullHttpResponse(org.wso2.transport.http.netty.message.HttpCarbonMessage,java.lang.String,java.lang.String,boolean,io.netty.buffer.ByteBuf)"
CVE-2019-20444,io.netty:netty-codec-http:4.1.43.Final,io.netty.handler.codec.http.HttpObjectDecoder:splitHeader(io.netty.util.internal.AppendableCharSequence)
CVE-2018-1287,org.apache.jmeter:ApacheJMeter_core:3.0,"org.apache.jmeter.engine.RemoteJMeterEngineImpl:startServer(int);org.apache.jmeter.engine.ClientJMeterEngine:exit();org.apache.jmeter.engine.ClientJMeterEngine:reset();org.apache.jmeter.engine.RemoteJMeterEngineImpl:init();org.apache.jmeter.engine.RemoteJMeterEngineImpl:rsetProperties(java.util.Properties);org.apache.jmeter.engine.RemoteJMeterEngineImpl:checkOwner(java.lang.String);org.apache.jmeter.engine.ClientJMeterEngine:runTest();org.apache.jmeter.engine.ClientJMeterEngine:<init>(java.lang.String);org.apache.jmeter.engine.RemoteJMeterEngineImpl:rexit();org.apache.jmeter.engine.ClientJMeterEngine:stopTest(boolean);org.apache.jmeter.engine.ClientJMeterEngine:getHost();org.apache.jmeter.engine.RemoteJMeterEngineImpl:rrunTest();org.apache.jmeter.engine.ClientJMeterEngine:getEngine(java.lang.String);org.apache.jmeter.samplers.RemoteSampleListenerImpl:<init>(java.lang.Object);org.apache.jmeter.engine.RemoteJMeterEngineImpl:<init>(int,int);org.apache.jmeter.engine.RemoteJMeterEngineImpl:rreset();org.apache.jmeter.threads.RemoteThreadsListenerImpl:<init>();org.apache.jmeter.JMeter:start(java.lang.String[])"
CVE-2016-10750,com.hazelcast:hazelcast:3.6.2,"com.hazelcast.internal.serialization.impl.JavaDefaultSerializers$JavaSerializer:<init>(boolean,boolean);com.hazelcast.nio.IOUtil:newObjectInputStream(java.lang.ClassLoader,java.io.InputStream);com.hazelcast.internal.serialization.impl.DefaultSerializationServiceBuilder:setConfig(com.hazelcast.config.SerializationConfig);com.hazelcast.config.AbstractXmlConfigHelper:parseSerialization(org.w3c.dom.Node);com.hazelcast.config.SerializationConfig:toString();com.hazelcast.internal.serialization.impl.JavaDefaultSerializers$ExternalizableSerializer:<init>(boolean)"
CVE-2020-1942,org.apache.nifi:nifi-framework-core:1.2.0,"org.apache.nifi.fingerprint.FingerprintFactory:getProcessorPropertiesComparator();org.apache.nifi.fingerprint.FingerprintFactory:addPropertyFingerprint(java.lang.StringBuilder,org.apache.nifi.components.ConfigurableComponent,java.lang.String,java.lang.String);org.apache.nifi.fingerprint.FingerprintFactory:addRemoteProcessGroupFingerprint(java.lang.StringBuilder,org.w3c.dom.Element)"
CVE-2021-20328,org.mongodb:mongo-java-driver:3.11.0,"com.mongodb.client.internal.KeyManagementService:stream(java.lang.String,java.nio.ByteBuffer)"
CVE-2013-2067,org.apache.tomcat:tomcat-catalina:7.0.27,"org.apache.catalina.authenticator.FormAuthenticator:forwardToLoginPage(org.apache.catalina.connector.Request,javax.servlet.http.HttpServletResponse,org.apache.catalina.deploy.LoginConfig)"
CVE-2020-15170,com.ctrip.framework.apollo:apollo-core:1.7.0,"com.ctrip.framework.apollo.core.signature.Signature:buildHttpHeaders(java.lang.String,java.lang.String,java.lang.String)"
CVE-2012-0392,org.apache.struts:struts2-core:2.1.8.1,"org.apache.struts2.interceptor.StrutsConversionErrorInterceptor:getOverrideExpr(com.opensymphony.xwork2.ActionInvocation,java.lang.Object);org.apache.struts2.interceptor.CookieInterceptor:intercept(com.opensymphony.xwork2.ActionInvocation);org.apache.struts2.interceptor.StrutsConversionErrorInterceptor:getOverrideExpr(com.opensymphony.xwork2.ActionInvocation,java.lang.Object)"
CVE-2020-10683,org.dom4j:dom4j:2.0.0,"org.dom4j.io.SAXReader:setErrorHandler(org.xml.sax.ErrorHandler);org.dom4j.io.SAXReader:setXMLReaderClassName(java.lang.String);org.dom4j.DocumentHelper:parseText(java.lang.String);org.dom4j.io.SAXReader:<init>(java.lang.String);org.dom4j.io.SAXReader:setDispatchHandler(org.dom4j.io.DispatchHandler);org.dom4j.io.SAXReader:<init>();org.dom4j.io.SAXReader:read(java.io.InputStream);org.dom4j.io.SAXReader:read(org.xml.sax.InputSource);org.dom4j.io.SAXReader:getXMLFilter();org.dom4j.io.SAXReader:getDocumentFactory();org.dom4j.io.SAXReader:<init>(java.lang.String,boolean);org.dom4j.io.SAXReader:setProperty(java.lang.String,java.lang.Object);org.dom4j.io.SAXReader:configureReader(org.xml.sax.XMLReader,org.xml.sax.helpers.DefaultHandler);org.dom4j.io.SAXReader:setIgnoreComments(boolean);org.dom4j.io.SAXReader:read(java.io.Reader,java.lang.String);org.dom4j.io.SAXReader:getDispatchHandler();org.dom4j.io.SAXReader:setDocumentFactory(org.dom4j.DocumentFactory);org.dom4j.io.SAXReader:setEntityResolver(org.xml.sax.EntityResolver);org.dom4j.io.SAXReader:getEncoding();org.dom4j.io.SAXReader:isStringInternEnabled();org.dom4j.io.SAXReader:setFeature(java.lang.String,boolean);org.dom4j.io.SAXReader:createContentHandler(org.xml.sax.XMLReader);org.dom4j.io.SAXReader:isIncludeInternalDTDDeclarations();org.dom4j.io.SAXReader$SAXEntityResolver:<init>(java.lang.String);org.dom4j.io.SAXReader:isIncludeExternalDTDDeclarations();org.dom4j.io.SAXReader:setXMLFilter(org.xml.sax.XMLFilter);org.dom4j.io.SAXReader:read(java.net.URL);org.dom4j.io.SAXReader:setValidation(boolean);org.dom4j.io.SAXReader:<init>(boolean);org.dom4j.io.SAXReader:setStripWhitespaceText(boolean);org.dom4j.io.SAXReader:setIncludeExternalDTDDeclarations(boolean);org.dom4j.io.SAXReader:read(java.io.Reader);org.dom4j.io.SAXReader:<init>(org.xml.sax.XMLReader);org.dom4j.io.SAXReader:getEntityResolver();org.dom4j.io.SAXReader:<init>(org.dom4j.DocumentFactory,boolean);org.dom4j.io.SAXReader:isValidating();org.dom4j.io.SAXReader:read(java.io.InputStream,java.lang.String);org.dom4j.io.SAXReader:<init>(org.xml.sax.XMLReader,boolean);org.dom4j.io.SAXReader:resetHandlers();org.dom4j.io.SAXReader:setIncludeInternalDTDDeclarations(boolean);org.dom4j.io.SAXReader:setEncoding(java.lang.String);org.dom4j.io.SAXReader:setDefaultHandler(org.dom4j.ElementHandler);org.dom4j.io.SAXReader:read(java.io.File);org.dom4j.io.SAXReader:isStripWhitespaceText();org.dom4j.io.SAXReader:setMergeAdjacentText(boolean);org.dom4j.io.SAXReader:createXMLReader();org.dom4j.io.SAXReader:createDefaultEntityResolver(java.lang.String);org.dom4j.io.SAXReader:isIgnoreComments();org.dom4j.io.SAXReader$SAXEntityResolver:resolveEntity(java.lang.String,java.lang.String);org.dom4j.io.SAXReader:addHandler(java.lang.String,org.dom4j.ElementHandler);org.dom4j.io.SAXReader:getXMLReader();org.dom4j.io.SAXReader:getErrorHandler();org.dom4j.io.SAXReader:read(java.lang.String);org.dom4j.io.SAXReader:<init>(org.dom4j.DocumentFactory);org.dom4j.io.SAXReader:setStringInternEnabled(boolean);org.dom4j.io.SAXReader:isMergeAdjacentText();org.dom4j.io.SAXReader:setXMLReader(org.xml.sax.XMLReader);org.dom4j.io.SAXReader:removeHandler(java.lang.String);org.dom4j.io.SAXReader:installXMLFilter(org.xml.sax.XMLReader)"
CVE-2014-9970,org.jasypt:jasypt:1.9.0,"org.jasypt.digest.StandardByteDigester:matches(byte[],byte[])"
CVE-2019-10755,org.pac4j:pac4j-saml:3.3.0,"org.pac4j.saml.util.SAML2Utils:generateID();org.pac4j.saml.util.SAML2Utils:urisEqualAfterPortNormalization(java.net.URI,java.net.URI)"
CVE-2018-1000865,org.kohsuke:groovy-sandbox:1.19,"org.kohsuke.groovy.sandbox.SandboxTransformer:call(org.codehaus.groovy.control.SourceUnit,org.codehaus.groovy.classgen.GeneratorContext,org.codehaus.groovy.ast.ClassNode)"
CVE-2012-5370,org.jruby:jruby-core:1.7.0.RC1,org.jruby.RubyString:unseededStrHashCode(org.jruby.Ruby);org.jruby.Ruby:<init>(org.jruby.RubyInstanceConfig);org.jruby.RubyString:strHashCode(org.jruby.Ruby)
CVE-2021-32769,io.micronaut:micronaut-core:2.5.5,"io.micronaut.core.io.file.DefaultFileSystemResourceLoader:<init>();io.micronaut.core.io.file.DefaultFileSystemResourceLoader:<init>(java.nio.file.Path);io.micronaut.core.io.file.DefaultFileSystemResourceLoader:<init>(java.io.File);io.micronaut.core.io.file.DefaultFileSystemResourceLoader:getResourceAsStream(java.lang.String);io.micronaut.core.io.scan.DefaultClassPathResourceLoader:getResourceAsStream(java.lang.String);io.micronaut.core.io.file.DefaultFileSystemResourceLoader:getFilePath(java.lang.String);io.micronaut.core.io.scan.DefaultClassPathResourceLoader:getResourceAsStream(java.lang.String);io.micronaut.core.io.scan.DefaultClassPathResourceLoader:<init>(java.lang.ClassLoader,java.lang.String);io.micronaut.core.io.file.DefaultFileSystemResourceLoader:getResourceAsStream(java.lang.String);io.micronaut.core.io.scan.DefaultClassPathResourceLoader:getResources(java.lang.String);io.micronaut.core.io.file.DefaultFileSystemResourceLoader:<init>(java.lang.String)"
CVE-2021-39148,com.thoughtworks.xstream:xstream:1.4.11.1,"com.thoughtworks.xstream.XStream:unmarshal(com.thoughtworks.xstream.io.HierarchicalStreamReader,java.lang.Object,com.thoughtworks.xstream.converters.DataHolder);com.thoughtworks.xstream.XStream:readResolve();com.thoughtworks.xstream.XStream:setupDefaultSecurity(com.thoughtworks.xstream.XStream);com.thoughtworks.xstream.XStream:setupSecurity();com.thoughtworks.xstream.XStreamer:toXML(com.thoughtworks.xstream.XStream,java.lang.Object,java.io.Writer);com.thoughtworks.xstream.XStreamer:fromXML(com.thoughtworks.xstream.io.HierarchicalStreamDriver,java.io.Reader,com.thoughtworks.xstream.security.TypePermission[]);com.thoughtworks.xstream.XStream:addPermission(com.thoughtworks.xstream.security.TypePermission)"
CVE-2011-1582,org.apache.tomcat:tomcat-catalina:7.0.12,org.apache.catalina.core.StandardWrapper:servletSecurityAnnotationScan()
CVE-2018-11799,org.apache.oozie:oozie-core:4.1.0,"org.apache.oozie.command.bundle.BundleStartXCommand:mergeConfig(org.jdom.Element);org.apache.oozie.command.bundle.BundleSubmitXCommand:mergeDefaultConfig();org.apache.oozie.command.wf.SubmitHttpXCommand:execute();org.apache.oozie.command.coord.CoordUpdateXCommand:storeToDB(java.lang.String,org.jdom.Element,org.apache.oozie.CoordinatorJobBean);org.apache.oozie.command.coord.CoordActionStartXCommand:mergeConfig(org.apache.oozie.CoordinatorActionBean);org.apache.oozie.action.oozie.SubWorkflowActionExecutor:injectInline(org.jdom.Element,org.apache.hadoop.conf.Configuration);org.apache.oozie.servlet.V1JobsServlet:submitJob(javax.servlet.http.HttpServletRequest,org.apache.hadoop.conf.Configuration);org.apache.oozie.command.coord.CoordSubmitXCommand:mergeDefaultConfig();org.apache.oozie.command.wf.SubmitXCommand:execute();org.apache.oozie.command.wf.ReRunXCommand:setupReRun()"
CVE-2022-22885,cn.hutool:hutool-http:5.7.18,"cn.hutool.http.HttpRequest:of(java.lang.String,java.nio.charset.Charset)"
CVE-2018-9159,com.sparkjava:spark-core:2.5.5,"spark.resource.ClassPathResource:<init>(java.lang.String,java.lang.ClassLoader);spark.resource.ClassPathResource:equals(java.lang.Object)"
CVE-2021-31407,com.vaadin:flow-server:2.4.0,"com.vaadin.flow.server.StaticFileServer:serveStaticResource(javax.servlet.http.HttpServletRequest,javax.servlet.http.HttpServletResponse);com.vaadin.flow.server.StaticFileServer:isStaticResourceRequest(javax.servlet.http.HttpServletRequest)"
CVE-2017-5648,org.apache.tomcat:tomcat-catalina:9.0.0.M17,"org.apache.catalina.core.AsyncContextImpl:fireOnComplete();org.apache.catalina.authenticator.FormAuthenticator:forwardToLoginPage(org.apache.catalina.connector.Request,javax.servlet.http.HttpServletResponse,org.apache.tomcat.util.descriptor.web.LoginConfig);org.apache.catalina.core.StandardHostValve:invoke(org.apache.catalina.connector.Request,org.apache.catalina.connector.Response);org.apache.catalina.authenticator.FormAuthenticator:forwardToErrorPage(org.apache.catalina.connector.Request,javax.servlet.http.HttpServletResponse,org.apache.tomcat.util.descriptor.web.LoginConfig)"
CVE-2013-2115,org.apache.struts.xwork:xwork-core:2.3.4.1,com.opensymphony.xwork2.ognl.SecurityMemberAccess:setAllowStaticMethodAccess(boolean)
CVE-2016-0785,org.apache.struts.xwork:xwork-core:2.3.16.3,"com.opensymphony.xwork2.ognl.OgnlUtil:setValue(java.lang.String,java.util.Map,java.lang.Object,java.lang.Object);com.opensymphony.xwork2.ognl.OgnlValueStack:setValue(java.lang.String,java.lang.Object,boolean);com.opensymphony.xwork2.ognl.OgnlValueStack:setParameter(java.lang.String,java.lang.Object);com.opensymphony.xwork2.ognl.OgnlUtil:setValue(java.lang.String,java.util.Map,java.lang.Object,java.lang.Object,boolean);com.opensymphony.xwork2.ognl.OgnlValueStack:setValue(java.lang.String,java.lang.Object,boolean,boolean);com.opensymphony.xwork2.ognl.OgnlValueStack:trySetValue(java.lang.String,java.lang.Object,boolean,java.util.Map,boolean)"
CVE-2016-1000343,org.bouncycastle:bcprov-jdk15on:1.54,"org.bouncycastle.jcajce.provider.asymmetric.dh.KeyPairGeneratorSpi:generateKeyPair();org.bouncycastle.jcajce.provider.asymmetric.dh.KeyPairGeneratorSpi:initialize(int,java.security.SecureRandom)"
CVE-2019-10219,org.hibernate.validator:hibernate-validator:6.0.17.Final,org.hibernate.validator.internal.constraintvalidators.hv.SafeHtmlValidator:getFragmentAsDocument(java.lang.CharSequence)
CVE-2010-2232,org.apache.derby:derby:10.5.3.0_1,org.apache.derby.impl.load.Export:lobsFileExists(java.lang.String);org.apache.derby.impl.load.Export:dataFileExists(java.lang.String)
CVE-2018-11775,org.apache.activemq:activemq-client:5.8.0,org.apache.activemq.transport.nio.NIOSSLTransport:initializeStreams();org.apache.activemq.transport.tcp.TcpTransportServer:configureServerSocket(java.net.ServerSocket)
CVE-2020-35217,io.vertx:vertx-web:3.5.4,io.vertx.ext.web.handler.impl.CSRFHandlerImpl:handle(io.vertx.ext.web.RoutingContext);io.vertx.ext.web.handler.impl.CSRFHandlerImpl:setResponseBody(java.lang.String);io.vertx.ext.web.handler.impl.CSRFHandlerImpl:forbidden(io.vertx.ext.web.RoutingContext)
CVE-2011-2732,org.springframework.security:spring-security-core:2.0.4,"org.springframework.security.ui.TargetUrlResolverImpl:isJustUseSavedRequestOnGet();org.springframework.security.ui.TargetUrlResolverImpl:setTargetUrlParameter(java.lang.String);org.springframework.security.ui.TargetUrlResolverImpl:determineTargetUrl(org.springframework.security.ui.savedrequest.SavedRequest,javax.servlet.http.HttpServletRequest,org.springframework.security.Authentication);org.springframework.security.ui.TargetUrlResolverImpl:setJustUseSavedRequestOnGet(boolean)"
CVE-2015-6644,org.bouncycastle:bcprov-ext-jdk15on:1.54,"org.bouncycastle.crypto.modes.GCMBlockCipher:init(boolean,org.bouncycastle.crypto.CipherParameters);org.bouncycastle.crypto.modes.GCMBlockCipher:reset(boolean);org.bouncycastle.crypto.modes.GCMBlockCipher:getNextCounterBlock()"
CVE-2014-0074,org.apache.shiro:shiro-core:1.2.1,"org.apache.shiro.realm.ldap.JndiLdapContextFactory:getLdapContext(java.lang.Object,java.lang.Object);org.apache.shiro.realm.ldap.DefaultLdapContextFactory:getLdapContext(java.lang.Object,java.lang.Object)"
CVE-2015-3208,org.hornetq:hornetq-selector:2.5.0.Beta1,org.hornetq.selector.filter.XalanXPathEvaluator:evaluate(org.xml.sax.InputSource)
CVE-2021-22696,org.apache.cxf:cxf-rt-rs-security-oauth2:3.4.2,"org.apache.cxf.rs.security.oauth2.grants.code.JwtRequestCodeFilter:isRequestUriValid(org.apache.cxf.rs.security.oauth2.common.Client,java.lang.String);org.apache.cxf.rs.security.oauth2.grants.code.JwtRequestCodeFilter:process(javax.ws.rs.core.MultivaluedMap,org.apache.cxf.rs.security.oauth2.common.UserSubject,org.apache.cxf.rs.security.oauth2.common.Client)"
CVE-2014-7810,org.apache.tomcat:jasper:6.0.29,org.apache.jasper.security.SecurityClassLoad:securityClassLoad(java.lang.ClassLoader)
CVE-2021-22097,org.springframework.amqp:spring-amqp:2.3.9,org.springframework.amqp.core.Message:getBodyContentAsString()
CVE-2014-8152,org.apache.santuario:xmlsec:2.0.1,org.apache.xml.security.stax.impl.processor.input.XMLSecurityInputProcessor:processNextEvent(org.apache.xml.security.stax.ext.InputProcessorChain);org.apache.xml.security.stax.impl.InputProcessorChainImpl:createSubChain(org.apache.xml.security.stax.ext.InputProcessor)
CVE-2011-3376,org.apache.tomcat.embed:tomcat-embed-core:7.0.19,org.apache.catalina.core.DefaultInstanceManager:checkAccess(java.lang.Class)
CVE-2010-4172,org.apache.tomcat:tomcat-catalina:7.0.0,org.apache.catalina.manager.JspHelper:localeToString(java.util.Locale)
CVE-2017-7656,org.eclipse.jetty:jetty-http:9.2.14.v20151106,"org.eclipse.jetty.http.HttpParser:handleKnownHeaders(java.nio.ByteBuffer);org.eclipse.jetty.http.HttpParser:reset();org.eclipse.jetty.http.HttpParser$BadMessageException:<init>(int,java.lang.String);org.eclipse.jetty.http.HttpParser:quickStart(java.nio.ByteBuffer);org.eclipse.jetty.http.HttpParser:parseLine(java.nio.ByteBuffer);org.eclipse.jetty.http.HttpParser:parseContent(java.nio.ByteBuffer)"
CVE-2021-37136,io.netty:netty-codec:4.1.5.Final,"io.netty.handler.codec.compression.Snappy:decode(io.netty.buffer.ByteBuf,io.netty.buffer.ByteBuf);io.netty.handler.codec.compression.SnappyFrameDecoder:decode(io.netty.channel.ChannelHandlerContext,io.netty.buffer.ByteBuf,java.util.List);io.netty.handler.codec.compression.Snappy:reset()"
CVE-2018-1296,org.apache.hadoop:hadoop-hdfs:2.6.0,"org.apache.hadoop.hdfs.server.blockmanagement.BlockManager$ReplicationWork:chooseTargets(org.apache.hadoop.hdfs.server.blockmanagement.BlockPlacementPolicy,org.apache.hadoop.hdfs.server.blockmanagement.BlockStoragePolicySuite,java.util.Set);org.apache.hadoop.hdfs.server.blockmanagement.BlockManager:computeReplicationWorkForBlocks(java.util.List);org.apache.hadoop.hdfs.server.blockmanagement.BlockManager$ReplicationWork:<init>(org.apache.hadoop.hdfs.protocol.Block,org.apache.hadoop.hdfs.server.blockmanagement.BlockCollection,org.apache.hadoop.hdfs.server.blockmanagement.DatanodeDescriptor,java.util.List,java.util.List,int,int)"
CVE-2016-4431,org.apache.struts.xwork:xwork-core:2.3.16.3,"com.opensymphony.xwork2.ognl.OgnlUtil:setValue(java.lang.String,java.util.Map,java.lang.Object,java.lang.Object);com.opensymphony.xwork2.DefaultActionInvocation:invokeAction(java.lang.Object,com.opensymphony.xwork2.config.entities.ActionConfig)"
CVE-2018-17197,org.apache.tika:tika-parsers:1.18,"org.apache.tika.parser.jdbc.JDBCTableReader:<init>(java.sql.Connection,java.lang.String,org.apache.tika.parser.ParseContext);org.apache.tika.parser.jdbc.AbstractDBParser:parse(java.io.InputStream,org.xml.sax.ContentHandler,org.apache.tika.metadata.Metadata,org.apache.tika.parser.ParseContext);org.apache.tika.parser.jdbc.SQLite3TableReader:<init>(java.sql.Connection,java.lang.String,org.apache.tika.parser.ParseContext);org.apache.tika.parser.jdbc.SQLite3DBParser:getTableReader(java.sql.Connection,java.lang.String,org.apache.tika.parser.ParseContext)"
CVE-2013-1879,org.apache.activemq:activemq-client:5.8.0,"org.apache.activemq.broker.scheduler.CronParser:getNextScheduledTime(java.lang.String,long)"
CVE-2015-1169,org.jasig.cas:cas-server-support-ldap:3.5.2,"org.jasig.cas.util.LdapUtils:getFilterWithValues(java.lang.String,java.lang.String)"
CVE-2016-3092,commons-fileupload:commons-fileupload:1.3.1,"org.apache.commons.fileupload.MultipartStream:<init>(java.io.InputStream,byte[],int,org.apache.commons.fileupload.MultipartStream$ProgressNotifier);org.apache.commons.fileupload.MultipartStream:<init>(java.io.InputStream,byte[],int,org.apache.commons.fileupload.MultipartStream$ProgressNotifier)"
CVE-2022-0265,com.hazelcast:hazelcast:5.0.2,"com.hazelcast.internal.util.XmlUtil:setProperty(javax.xml.validation.SchemaFactory,java.lang.String);com.hazelcast.internal.util.XmlUtil:getNsAwareDocumentBuilderFactory();com.hazelcast.internal.config.AbstractXmlConfigRootTagRecognizer:<init>(java.lang.String);com.hazelcast.internal.util.XmlUtil:setFeature(javax.xml.parsers.DocumentBuilderFactory,java.lang.String);com.hazelcast.internal.util.XmlUtil:setAttribute(javax.xml.transform.TransformerFactory,java.lang.String)"
CVE-2020-11002,io.dropwizard:dropwizard-validation:2.0.2,"io.dropwizard.validation.selfvalidating.ViolationCollector:addViolation(java.lang.String,java.lang.String,java.lang.String);io.dropwizard.validation.selfvalidating.ViolationCollector:escapeEl(java.lang.String);io.dropwizard.validation.selfvalidating.ViolationCollector:getContext();io.dropwizard.validation.selfvalidating.SelfValidatingValidator:initialize(io.dropwizard.validation.selfvalidating.SelfValidating);io.dropwizard.validation.selfvalidating.ViolationCollector:addViolation(java.lang.String);io.dropwizard.validation.selfvalidating.ViolationCollector:addViolation(java.lang.String,java.lang.Integer,java.lang.String);io.dropwizard.validation.selfvalidating.ViolationCollector:<init>(javax.validation.ConstraintValidatorContext);io.dropwizard.validation.selfvalidating.ViolationCollector:addViolation(java.lang.String,java.lang.String);io.dropwizard.validation.selfvalidating.SelfValidatingValidator:isValid(java.lang.Object,javax.validation.ConstraintValidatorContext)"
CVE-2017-12611,org.apache.struts:struts2-core:2.3.16.3,org.apache.struts2.views.freemarker.FreemarkerManager:createConfiguration(javax.servlet.ServletContext)
CVE-2014-3577,org.apache.httpcomponents:httpclient:4.2.5,org.apache.http.conn.ssl.AbstractVerifier:getCNs(java.security.cert.X509Certificate)
CVE-2020-7238,io.netty:netty-codec-http:4.1.43.Final,io.netty.handler.codec.http.HttpObjectDecoder:readHeaders(io.netty.buffer.ByteBuf)
CVE-2015-3158,org.picketlink:picketlink-tomcat-common:2.7.0.Final,"org.picketlink.identity.federation.bindings.tomcat.idp.AbstractIDPValve:invoke(org.apache.catalina.connector.Request,org.apache.catalina.connector.Response)"
CVE-2013-4590,org.apache.tomcat:tomcat-jasper:7.0.42,"org.apache.jasper.compiler.ImplicitTagLibraryInfo:<init>(org.apache.jasper.JspCompilationContext,org.apache.jasper.compiler.ParserController,org.apache.jasper.compiler.PageInfo,java.lang.String,java.lang.String,org.apache.jasper.compiler.ErrorDispatcher);org.apache.jasper.compiler.JspDocumentParser:<init>(org.apache.jasper.compiler.ParserController,java.lang.String,boolean,boolean);org.apache.jasper.JspC:setArgs(java.lang.String[]);org.apache.jasper.compiler.TagPluginManager:init(org.apache.jasper.compiler.ErrorDispatcher)"
CVE-2017-13098,org.bouncycastle:bctls-jdk15on:1.57,"org.bouncycastle.tls.crypto.impl.jcajce.JceDefaultTlsCredentialedDecryptor:safeDecryptPreMasterSecret(org.bouncycastle.tls.crypto.TlsCryptoParameters,java.security.PrivateKey,byte[])"
CVE-2020-7692,com.google.oauth-client:google-oauth-client:1.23.0,com.google.api.client.auth.oauth2.AuthorizationCodeFlow:newAuthorizationUrl();com.google.api.client.auth.oauth2.AuthorizationCodeFlow:<init>(com.google.api.client.auth.oauth2.AuthorizationCodeFlow$Builder);com.google.api.client.auth.oauth2.AuthorizationCodeFlow:newTokenRequest(java.lang.String)
CVE-2014-0114,commons-beanutils:commons-beanutils:1.9.3,org.apache.commons.beanutils.PropertyUtilsBean:resetBeanIntrospectors()
CVE-2020-36320,com.vaadin:vaadin-server:7.7.3,com.vaadin.data.validator.EmailValidator:<init>(java.lang.String)
CVE-2020-10714,org.wildfly.security:wildfly-elytron:1.1.0.Final,org.wildfly.security.http.impl.FormAuthenticationMechanism:evaluateRequest(org.wildfly.security.http.HttpServerRequest)
CVE-2013-5960,org.owasp.esapi:esapi:2.1.0.1,"org.owasp.esapi.codecs.PercentCodec:encodeCharacter(char[],java.lang.Character)"
CVE-2018-8010,org.apache.solr:solr-core:6.3.0,"org.apache.solr.util.SystemIdResolver:resolveEntity(java.lang.String,java.lang.String,java.lang.String,java.lang.String)"
CVE-2020-1714,org.keycloak:keycloak-common:4.8.3.Final,org.keycloak.common.util.KerberosSerializationUtils:deserializeCredential(java.lang.String)
CVE-2020-9487,org.apache.nifi:nifi-web-security:1.11.4,"org.apache.nifi.web.security.otp.OtpService:generateDownloadToken(org.apache.nifi.web.security.token.OtpAuthenticationToken);org.apache.nifi.web.security.otp.OtpService:getAuthenticationFromUiExtensionToken(java.lang.String);org.apache.nifi.web.security.otp.OtpService:getAuthenticationFromDownloadToken(java.lang.String);org.apache.nifi.web.security.otp.OtpService:generateToken(java.util.concurrent.ConcurrentMap,org.apache.nifi.web.security.token.OtpAuthenticationToken);org.apache.nifi.web.security.otp.OtpService:generateUiExtensionToken(org.apache.nifi.web.security.token.OtpAuthenticationToken);org.apache.nifi.web.security.otp.OtpService:getAuthenticationFromToken(java.util.concurrent.ConcurrentMap,java.lang.String);org.apache.nifi.web.security.otp.OtpService:<init>(int,java.util.concurrent.TimeUnit)"
CVE-2016-6797,org.apache.tomcat:tomcat-catalina:9.0.0.M9,"org.apache.catalina.core.NamingContextListener:removeResourceLink(java.lang.String);org.apache.catalina.core.NamingContextListener:lifecycleEvent(org.apache.catalina.LifecycleEvent);org.apache.catalina.core.NamingContextListener:processGlobalResourcesChange(java.lang.String,java.lang.Object,java.lang.Object);org.apache.catalina.core.NamingContextListener:addResource(org.apache.tomcat.util.descriptor.web.ContextResource);org.apache.catalina.core.NamingContextListener:addService(org.apache.tomcat.util.descriptor.web.ContextService);org.apache.catalina.core.NamingContextListener:createNamingContext();org.apache.catalina.core.NamingContextListener:createObjectName(org.apache.tomcat.util.descriptor.web.ContextResource);org.apache.catalina.core.NamingContextListener:containerEvent(org.apache.catalina.ContainerEvent);org.apache.catalina.core.NamingContextListener:addResourceLink(org.apache.tomcat.util.descriptor.web.ContextResourceLink);org.apache.naming.factory.ResourceLinkFactory:getObjectInstance(java.lang.Object,javax.naming.Name,javax.naming.Context,java.util.Hashtable)"
CVE-2020-17518,org.apache.flink:flink-runtime_2.12:1.10.1,"org.apache.flink.runtime.rest.FileUploadHandler:channelRead0(org.apache.flink.shaded.netty4.io.netty.channel.ChannelHandlerContext,org.apache.flink.shaded.netty4.io.netty.handler.codec.http.HttpObject)"
CVE-2015-7521,org.apache.hive:hive-exec:1.2.1,"org.apache.hadoop.hive.ql.Driver:doAuthorization(org.apache.hadoop.hive.ql.parse.BaseSemanticAnalyzer,java.lang.String);org.apache.hadoop.hive.ql.Driver:getHivePrivObjects(java.util.HashSet,java.util.Map);org.apache.hadoop.hive.ql.Driver:doAuthorizationV2(org.apache.hadoop.hive.ql.session.SessionState,org.apache.hadoop.hive.ql.plan.HiveOperation,java.util.HashSet,java.util.HashSet,java.lang.String,java.util.Map,java.util.Map)"
CVE-2020-13954,org.apache.cxf:cxf-rt-transports-http:3.4.0,"org.apache.cxf.transport.servlet.servicelist.FormattedServiceListWriter:<init>(java.lang.String,java.lang.String,boolean,org.apache.cxf.Bus)"
CVE-2018-15758,org.springframework.security.oauth:spring-security-oauth2:2.1.0.RELEASE,"org.springframework.security.oauth2.provider.endpoint.AuthorizationEndpoint:getAuthorizationRequestForError(org.springframework.web.context.request.ServletWebRequest);org.springframework.security.oauth2.provider.endpoint.AuthorizationEndpoint:authorize(java.util.Map,java.util.Map,org.springframework.web.bind.support.SessionStatus,java.security.Principal);org.springframework.security.oauth2.provider.endpoint.AuthorizationEndpoint:approveOrDeny(java.util.Map,java.util.Map,org.springframework.web.bind.support.SessionStatus,java.security.Principal)"
CVE-2020-1758,org.keycloak:keycloak-services:9.0.2,"org.keycloak.email.DefaultEmailSenderProvider:send(java.util.Map,org.keycloak.models.UserModel,java.lang.String,java.lang.String,java.lang.String);org.keycloak.email.DefaultEmailSenderProvider:setupTruststore(java.util.Properties)"
CVE-2020-5404,io.projectreactor.netty:reactor-netty:0.8.4.RELEASE,"reactor.netty.http.client.HttpClient:followRedirect(boolean);reactor.netty.http.client.HttpClientConnect$HttpClientHandler:requestWithBody(reactor.netty.http.client.HttpClientOperations);reactor.netty.http.HttpOperations:markSentHeaderAndBody();reactor.netty.http.client.HttpClientOperations:sendObject(org.reactivestreams.Publisher);reactor.netty.http.server.HttpServerOperations:preSendHeadersAndStatus();reactor.netty.http.client.HttpClient:followRedirect(java.util.function.BiPredicate);reactor.netty.http.client.HttpClientConfiguration:<init>(reactor.netty.http.client.HttpClientConfiguration);reactor.netty.http.HttpOperations:markSentHeaders();reactor.netty.http.HttpOperations:then();reactor.netty.http.client.HttpClientConfiguration:followRedirectPredicate(io.netty.bootstrap.Bootstrap,java.util.function.BiPredicate);reactor.netty.http.client.HttpClientConnect$HttpClientHandler:<init>(reactor.netty.http.client.HttpClientConfiguration,java.net.SocketAddress,reactor.netty.tcp.SslProvider,reactor.netty.tcp.ProxyProvider);reactor.netty.http.HttpOperations:preSendHeadersAndStatus()"
CVE-2021-29262,org.apache.solr:solr-core:7.4.0,org.apache.solr.cloud.ZkController:createClusterZkNodes(org.apache.solr.common.cloud.SolrZkClient)
CVE-2015-6524,org.apache.activemq:activemq-jaas:5.5.1,"org.apache.activemq.jaas.LDAPLoginModule:authenticate(java.lang.String,java.lang.String);org.apache.activemq.jaas.LDAPLoginModule:open();org.apache.activemq.jaas.LDAPLoginModule:isLoginPropertySet(java.lang.String)"
CVE-2017-9794,org.apache.geode:geode-core:1.2.0,"org.apache.geode.management.internal.cli.functions.DataCommandFunction$SelectQuitStep:<init>(java.lang.Object[]);org.apache.geode.management.internal.cli.functions.DataCommandFunction$SelectExecStep:addLimit(java.lang.String);org.apache.geode.management.internal.cli.functions.DataCommandFunction$SelectDisplayStep:exec();org.apache.geode.management.internal.cli.functions.DataCommandFunction$SelectExecStep:<init>(java.lang.Object[]);org.apache.geode.management.internal.cli.functions.DataCommandFunction$SelectMoveStep:exec();org.apache.geode.management.internal.cli.functions.DataCommandFunction$SelectExecStep:exec();org.apache.geode.management.internal.cli.functions.DataCommandFunction$SelectMoveStep:<init>(java.lang.Object[]);org.apache.geode.management.internal.cli.functions.DataCommandFunction$SelectExecStep:_select(java.lang.String);org.apache.geode.management.internal.cli.functions.DataCommandFunction$SelectQuitStep:exec();org.apache.geode.management.internal.cli.functions.DataCommandFunction$SelectDisplayStep:<init>(java.lang.Object[]);org.apache.geode.management.internal.cli.domain.DataCommandResult:pageResult(int,int,java.lang.String);org.apache.geode.management.internal.cli.commands.DataCommands:dataCommandsAvailable();org.apache.geode.management.internal.cli.functions.DataCommandFunction:getFetchSize();org.apache.geode.management.internal.cli.commands.DataCommands:query(java.lang.String,java.lang.String,boolean);org.apache.geode.management.internal.cli.functions.DataCommandFunction:getPageSize();org.apache.geode.management.internal.cli.domain.DataCommandResult:toSelectCommandResult()"
CVE-2012-0213,org.apache.poi:poi-scratchpad:3.6,"org.apache.poi.hwpf.model.UnhandledDataStructure:<init>(byte[],int,int)"
CVE-2021-28657,org.apache.tika:tika-parsers:1.24.1,org.apache.tika.parser.mp3.LyricsHandler:<init>(byte[])
CVE-2014-0119,org.apache.tomcat:tomcat-catalina:8.0.0-RC5,org.apache.catalina.session.StandardSession$PrivilegedSetTccl:<init>(java.lang.ClassLoader);org.apache.catalina.security.SecurityClassLoad:loadTomcatPackage(java.lang.ClassLoader);org.apache.catalina.security.SecurityClassLoad:loadSessionPackage(java.lang.ClassLoader);org.apache.catalina.session.StandardSession$PrivilegedSetTccl:run()
CVE-2018-10936,org.postgresql:postgresql:42.2.2,"org.postgresql.core.v3.QueryExecutorImpl:processNotifies(int);org.postgresql.core.v3.ConnectionFactoryImpl:enableSSL(org.postgresql.core.PGStream,boolean,java.util.Properties,int);org.postgresql.core.PGStream:hasMessagePending();org.postgresql.core.v3.ConnectionFactoryImpl:openConnectionImpl(org.postgresql.util.HostSpec[],java.lang.String,java.lang.String,java.util.Properties);org.postgresql.core.v3.ConnectionFactoryImpl:doAuthentication(org.postgresql.core.PGStream,java.lang.String,java.lang.String,java.util.Properties);org.postgresql.ssl.MakeSSL:convert(org.postgresql.core.PGStream,java.util.Properties)"
CVE-2017-15694,org.apache.geode:geode-core:1.7.0,"org.apache.geode.internal.ObjectInputStreamFilterWrapper:<init>(java.lang.String,java.util.Collection);org.apache.geode.internal.cache.DistTXState:setUpdatingTxStateDuringPreCommit(boolean);org.apache.geode.distributed.internal.ReplyMessage:send(org.apache.geode.distributed.internal.membership.InternalDistributedMember,int,org.apache.geode.distributed.internal.ReplyException,org.apache.geode.distributed.internal.ReplySender,boolean);org.apache.geode.internal.cache.persistence.PersistenceAdvisorImpl:getInitialImageAdvice(org.apache.geode.internal.cache.CacheDistributionAdvisor$InitialImageAdvice,boolean)"
CVE-2013-5679,org.owasp.esapi:esapi:2.0.1,"org.owasp.esapi.reference.crypto.JavaEncryptor:encrypt(javax.crypto.SecretKey,org.owasp.esapi.crypto.PlainText);org.owasp.esapi.reference.crypto.JavaEncryptor:decrypt(java.lang.String);org.owasp.esapi.reference.crypto.JavaEncryptor:encrypt(java.lang.String);org.owasp.esapi.crypto.CipherText:asPortableSerializedByteArray();org.owasp.esapi.crypto.CipherTextSerializer:convertToCipherText(byte[]);org.owasp.esapi.crypto.CipherText:validateMAC(javax.crypto.SecretKey)"
CVE-2018-11777,org.apache.hive:hive-exec:1.2.1,org.apache.hadoop.hive.ql.security.authorization.plugin.SettableConfigUpdater:setHiveConfWhiteList(org.apache.hadoop.hive.conf.HiveConf)
CVE-2015-0201,org.springframework:spring-websocket:4.1.4.RELEASE,"org.springframework.web.socket.sockjs.transport.TransportHandlingSockJsService:handleTransportRequest(org.springframework.http.server.ServerHttpRequest,org.springframework.http.server.ServerHttpResponse,org.springframework.web.socket.WebSocketHandler,java.lang.String,java.lang.String)"
CVE-2016-4434,org.apache.tika:tika-parsers:1.3,org.apache.tika.parser.image.xmp.JempboxExtractor:parse(java.io.InputStream);org.apache.tika.parser.image.xmp.JempboxExtractor:joinCreators(java.util.List)
CVE-2019-3795,org.springframework.security:spring-security-core:4.2.3.RELEASE,org.springframework.security.core.token.SecureRandomFactoryBean:getObject()
CVE-2021-41973,org.apache.mina:mina-http:2.1.4,org.apache.mina.http.HttpServerDecoder:parseHttpRequestHead(java.nio.ByteBuffer)
CVE-2020-17521,org.codehaus.groovy:groovy:2.4.5,"org.codehaus.groovy.runtime.DefaultGroovyStaticMethods:createTempDir(java.io.File,java.lang.String,java.lang.String)"
CVE-2019-0194,org.apache.camel:camel-core:2.23.0,org.apache.camel.component.file.GenericFileProducer:createFileName(org.apache.camel.Exchange)
CVE-2020-26939,org.bouncycastle:bcprov-ext-jdk15on:1.60,"org.bouncycastle.crypto.engines.RSACoreEngine:convertOutput(java.math.BigInteger);org.bouncycastle.crypto.encodings.OAEPEncoding:decodeBlock(byte[],int,int)"
CVE-2015-0264,org.apache.camel:camel-core:2.13.2,"org.apache.camel.builder.xml.XPathBuilder:doGetDocument(org.apache.camel.Exchange,java.lang.Object)"
CVE-2013-2251,org.apache.struts:struts2-core:2.1.8.1,org.apache.struts2.dispatcher.mapper.DefaultActionMapper:<init>()
CVE-2021-31409,com.vaadin:vaadin-compatibility-server:8.1.5,com.vaadin.v7.data.validator.EmailValidator:<init>(java.lang.String)
CVE-2017-9787,org.apache.struts.xwork:xwork-core:2.3.16.3,"com.opensymphony.xwork2.ognl.SecurityMemberAccess:isAccessible(java.util.Map,java.lang.Object,java.lang.reflect.Member,java.lang.String);com.opensymphony.xwork2.ognl.OgnlValueStack:setOgnlUtil(com.opensymphony.xwork2.ognl.OgnlUtil);com.opensymphony.xwork2.ognl.OgnlValueStack:setOgnlUtil(com.opensymphony.xwork2.ognl.OgnlUtil);com.opensymphony.xwork2.ognl.SecurityMemberAccess:isAccessible(java.util.Map,java.lang.Object,java.lang.reflect.Member,java.lang.String)"
CVE-2019-7614,org.elasticsearch:elasticsearch:7.2.0,"org.elasticsearch.index.shard.IndexShard:<init>(org.elasticsearch.cluster.routing.ShardRouting,org.elasticsearch.index.IndexSettings,org.elasticsearch.index.shard.ShardPath,org.elasticsearch.index.store.Store,java.util.function.Supplier,org.elasticsearch.index.cache.IndexCache,org.elasticsearch.index.mapper.MapperService,org.elasticsearch.index.similarity.SimilarityService,org.elasticsearch.index.engine.EngineFactory,org.elasticsearch.index.shard.IndexEventListener,org.elasticsearch.index.shard.IndexSearcherWrapper,org.elasticsearch.threadpool.ThreadPool,org.elasticsearch.common.util.BigArrays,org.elasticsearch.index.engine.Engine$Warmer,java.util.List,java.util.List,java.lang.Runnable,org.elasticsearch.index.seqno.RetentionLeaseSyncer,org.elasticsearch.indices.breaker.CircuitBreakerService);org.elasticsearch.common.util.concurrent.AsyncIOProcessor:<init>(org.apache.logging.log4j.Logger,int)"
CVE-2021-43113,com.itextpdf:io:7.1.15,"com.itextpdf.io.util.ImageMagickHelper:runImageMagickImageCompare(java.lang.String,java.lang.String,java.lang.String,java.lang.String);com.itextpdf.io.util.GhostscriptHelper:runGhostScriptImageGeneration(java.lang.String,java.lang.String,java.lang.String,java.lang.String)"
CVE-2014-3578,org.springframework:spring-core:3.0.5.RELEASE,org.springframework.util.StringUtils:cleanPath(java.lang.String)
CVE-2013-1965,org.apache.struts:struts2-core:2.1.8.1,"org.apache.struts2.config.BeanSelectionProvider:register(com.opensymphony.xwork2.inject.ContainerBuilder,com.opensymphony.xwork2.util.location.LocatableProperties)"
CVE-2019-20445,io.netty:netty-codec-http:4.1.43.Final,io.netty.handler.codec.http.HttpObjectDecoder:readHeaders(io.netty.buffer.ByteBuf)
CVE-2019-10184,io.undertow:undertow-servlet:2.0.19.Final,io.undertow.servlet.handlers.ServletInitialHandler:handleRequest(io.undertow.server.HttpServerExchange);io.undertow.servlet.core.DeploymentManagerImpl:deploy()
CVE-2017-12623,org.apache.nifi:nifi-framework-core:1.2.0,org.apache.nifi.cluster.BulletinsPayload:unmarshal(java.io.InputStream);org.apache.nifi.controller.TemplateUtils:parseDto(byte[]);org.apache.nifi.persistence.TemplateDeserializer:deserialize(java.io.InputStream);org.apache.nifi.controller.TemplateUtils:parseDto(org.w3c.dom.Element);org.apache.nifi.controller.TemplateUtils:isMoreData(java.io.InputStream);org.apache.nifi.persistence.StandardSnippetDeserializer:deserialize(java.io.InputStream);org.apache.nifi.cluster.BulletinsPayload:unmarshal(byte[]);org.apache.nifi.controller.TemplateUtils:parseTemplateStream(byte[])
CVE-2013-4517,org.apache.santuario:xmlsec:1.4.5,"org.apache.xml.security.keys.keyresolver.implementations.RetrievalMethodResolver:engineLookupResolveX509Certificate(org.w3c.dom.Element,java.lang.String,org.apache.xml.security.keys.storage.StorageResolver);org.apache.xml.security.encryption.XMLCipher:decryptElement(org.w3c.dom.Element);org.apache.xml.security.signature.SignedInfo:getCanonicalizedOctetStream();org.apache.xml.security.c14n.Canonicalizer:canonicalizeXPathNodeSet(java.util.Set);org.apache.xml.security.c14n.Canonicalizer:canonicalizeSubtree(org.w3c.dom.Node,java.lang.String);org.apache.xml.security.c14n.Canonicalizer:canonicalizeSubtree(org.w3c.dom.Node);org.apache.xml.security.transforms.implementations.TransformXSLT:enginePerformTransform(org.apache.xml.security.signature.XMLSignatureInput,java.io.OutputStream,org.apache.xml.security.transforms.Transform);org.jcp.xml.dsig.internal.dom.DOMExcC14NMethod:transform(javax.xml.crypto.Data,javax.xml.crypto.XMLCryptoContext);org.apache.xml.security.keys.keyresolver.implementations.RetrievalMethodResolver:obtainReferenceElement(org.apache.xml.security.signature.XMLSignatureInput);org.apache.xml.security.c14n.Canonicalizer:canonicalizeXPathNodeSet(org.w3c.dom.NodeList,java.lang.String);org.apache.xml.security.keys.keyresolver.implementations.RetrievalMethodResolver:engineLookupAndResolvePublicKey(org.w3c.dom.Element,java.lang.String,org.apache.xml.security.keys.storage.StorageResolver);org.apache.xml.security.transforms.implementations.TransformC14N11_WithComments:enginePerformTransform(org.apache.xml.security.signature.XMLSignatureInput,java.io.OutputStream,org.apache.xml.security.transforms.Transform);org.apache.xml.security.transforms.implementations.TransformC14N:enginePerformTransform(org.apache.xml.security.signature.XMLSignatureInput,java.io.OutputStream,org.apache.xml.security.transforms.Transform);org.apache.xml.security.transforms.Transform:performTransform(org.apache.xml.security.signature.XMLSignatureInput,java.io.OutputStream);org.apache.xml.security.transforms.implementations.TransformBase64Decode:enginePerformTransform(org.apache.xml.security.signature.XMLSignatureInput,java.io.OutputStream,org.apache.xml.security.transforms.Transform);org.apache.xml.security.transforms.implementations.TransformC14NExclusive:enginePerformTransform(org.apache.xml.security.signature.XMLSignatureInput,java.io.OutputStream,org.apache.xml.security.transforms.Transform);org.apache.xml.security.transforms.implementations.TransformC14NExclusiveWithComments:enginePerformTransform(org.apache.xml.security.signature.XMLSignatureInput,java.io.OutputStream,org.apache.xml.security.transforms.Transform);org.jcp.xml.dsig.internal.dom.DOMCanonicalXMLC14N11Method:transform(javax.xml.crypto.Data,javax.xml.crypto.XMLCryptoContext);org.jcp.xml.dsig.internal.dom.ApacheCanonicalizer:transform(javax.xml.crypto.Data,javax.xml.crypto.XMLCryptoContext,java.io.OutputStream);org.apache.xml.security.signature.XMLSignatureInput:convertToNodes();org.apache.xml.security.c14n.CanonicalizerSpi:engineCanonicalize(byte[]);org.jcp.xml.dsig.internal.dom.ApacheTransform:transformIt(javax.xml.crypto.Data,javax.xml.crypto.XMLCryptoContext,java.io.OutputStream);org.apache.xml.security.encryption.XMLCipher:encryptData(org.w3c.dom.Document,org.w3c.dom.Element,java.lang.String,java.io.InputStream);org.jcp.xml.dsig.internal.dom.ApacheCanonicalizer:canonicalize(javax.xml.crypto.Data,javax.xml.crypto.XMLCryptoContext,java.io.OutputStream);org.jcp.xml.dsig.internal.dom.DOMReference:transform(javax.xml.crypto.Data,javax.xml.crypto.XMLCryptoContext);org.apache.xml.security.transforms.implementations.TransformC14N11:enginePerformTransform(org.apache.xml.security.signature.XMLSignatureInput,java.io.OutputStream,org.apache.xml.security.transforms.Transform);org.apache.xml.security.transforms.implementations.TransformC14NWithComments:enginePerformTransform(org.apache.xml.security.signature.XMLSignatureInput,java.io.OutputStream,org.apache.xml.security.transforms.Transform);org.apache.xml.security.c14n.Canonicalizer:canonicalizeXPathNodeSet(org.w3c.dom.NodeList);org.jcp.xml.dsig.internal.dom.DOMURIDereferencer:dereference(javax.xml.crypto.URIReference,javax.xml.crypto.XMLCryptoContext);org.apache.xml.security.c14n.Canonicalizer:canonicalizeXPathNodeSet(java.util.Set,java.lang.String);org.jcp.xml.dsig.internal.dom.DOMCanonicalXMLC14NMethod:transform(javax.xml.crypto.Data,javax.xml.crypto.XMLCryptoContext);org.apache.xml.security.keys.keyresolver.implementations.RetrievalMethodResolver:getDocFromBytes(byte[]);org.jcp.xml.dsig.internal.dom.DOMRetrievalMethod:dereferenceAsXMLStructure(javax.xml.crypto.XMLCryptoContext);org.apache.xml.security.signature.SignedInfo:reparseSignedInfoElem(org.w3c.dom.Element);org.apache.xml.security.c14n.Canonicalizer:canonicalize(byte[])"
CVE-2017-9799,org.apache.storm:storm-core:1.0.3,"org.apache.storm.daemon.common.StormBase:hashCode();org.apache.storm.generated.Assignment$AssignmentStandardScheme:write(org.apache.storm.thrift.protocol.TProtocol,org.apache.storm.generated.Assignment);org.apache.storm.scheduler.TopologyDetails:<init>(java.lang.String,java.util.Map,org.apache.storm.generated.StormTopology,int,java.util.Map,int);org.apache.storm.daemon.supervisor.AdvancedFSOps:setupStormCodeDir(java.util.Map,java.io.File);org.apache.storm.daemon.supervisor.SupervisorUtils:setupWorkerArtifactsDir(java.util.Map,java.util.Map,java.lang.String);org.apache.storm.daemon.supervisor.ReadClusterState:readMyExecutors(java.lang.String,java.lang.String,org.apache.storm.generated.Assignment);org.apache.storm.generated.Assignment:equals(org.apache.storm.generated.Assignment);org.apache.storm.generated.StormBase:isSet(org.apache.storm.generated.StormBase$_Fields);org.apache.storm.localizer.AsyncLocalizer$DownloadBlobs:call();org.apache.storm.generated.Assignment:isSet(org.apache.storm.generated.Assignment$_Fields);org.apache.storm.daemon.supervisor.AdvancedFSOps$AdvancedRunAsUserFSOps:setupWorkerArtifactsDir(java.util.Map,java.io.File);org.apache.storm.generated.StormBase:getFieldValue(org.apache.storm.generated.StormBase$_Fields);org.apache.storm.generated.Assignment:toString();org.apache.storm.generated.StormBase$StormBaseTupleScheme:write(org.apache.storm.thrift.protocol.TProtocol,org.apache.storm.generated.StormBase);org.apache.storm.daemon.supervisor.Supervisor:launch();org.apache.storm.generated.StormBase$StormBaseStandardScheme:read(org.apache.storm.thrift.protocol.TProtocol,org.apache.storm.generated.StormBase);org.apache.storm.localizer.AsyncLocalizer:requestDownloadTopologyBlobs(org.apache.storm.generated.LocalAssignment,int);org.apache.storm.generated.LocalAssignment:<init>(org.apache.storm.generated.LocalAssignment);org.apache.storm.generated.StormBase:equals(org.apache.storm.generated.StormBase);org.apache.storm.generated.LocalAssignment:setFieldValue(org.apache.storm.generated.LocalAssignment$_Fields,java.lang.Object);org.apache.storm.generated.StormBase:compareTo(org.apache.storm.generated.StormBase);org.apache.storm.generated.LocalAssignment$LocalAssignmentStandardScheme:read(org.apache.storm.thrift.protocol.TProtocol,org.apache.storm.generated.LocalAssignment);org.apache.storm.generated.LocalAssignment:clear();org.apache.storm.daemon.supervisor.Container:setup();org.apache.storm.generated.StormBase:toString();org.apache.storm.daemon.supervisor.timer.UpdateBlobs:run();org.apache.storm.scheduler.TopologyDetails:<init>(java.lang.String,java.util.Map,org.apache.storm.generated.StormTopology,int);org.apache.storm.generated.LocalAssignment$LocalAssignmentTupleScheme:read(org.apache.storm.thrift.protocol.TProtocol,org.apache.storm.generated.LocalAssignment);org.apache.storm.generated.StormBase:<init>(org.apache.storm.generated.StormBase);org.apache.storm.security.auth.kerberos.AutoTGT:renew(java.util.Map,java.util.Map);org.apache.storm.daemon.supervisor.AdvancedFSOps$AdvancedRunAsUserFSOps:setupStormCodeDir(java.util.Map,java.io.File);org.apache.storm.generated.Assignment:setFieldValue(org.apache.storm.generated.Assignment$_Fields,java.lang.Object);org.apache.storm.daemon.common.StormBase:clear();org.apache.storm.generated.Assignment:getFieldValue(org.apache.storm.generated.Assignment$_Fields);org.apache.storm.daemon.supervisor.SupervisorUtils:setupStormCodeDir(java.util.Map,java.util.Map,java.lang.String);org.apache.storm.generated.LocalAssignment:equals(org.apache.storm.generated.LocalAssignment);org.apache.storm.daemon.supervisor.SupervisorUtils:addBlobReferences(org.apache.storm.localizer.Localizer,java.lang.String,java.util.Map);org.apache.storm.daemon.supervisor.AdvancedFSOps:setupWorkerArtifactsDir(java.util.Map,java.io.File);org.apache.storm.generated.LocalAssignment:toString();org.apache.storm.generated.Assignment$AssignmentTupleScheme:write(org.apache.storm.thrift.protocol.TProtocol,org.apache.storm.generated.Assignment);org.apache.storm.localizer.AsyncLocalizer:requestDownloadBaseTopologyBlobs(org.apache.storm.generated.LocalAssignment,int);org.apache.storm.generated.StormBase$StormBaseTupleScheme:read(org.apache.storm.thrift.protocol.TProtocol,org.apache.storm.generated.StormBase);org.apache.storm.generated.LocalAssignment$LocalAssignmentStandardScheme:write(org.apache.storm.thrift.protocol.TProtocol,org.apache.storm.generated.LocalAssignment);org.apache.storm.localizer.AsyncLocalizer:releaseSlotFor(org.apache.storm.generated.LocalAssignment,int);org.apache.storm.cluster.StormClusterStateImpl:updateStorm(java.lang.String,org.apache.storm.generated.StormBase);org.apache.storm.generated.Assignment:compareTo(org.apache.storm.generated.Assignment);org.apache.storm.generated.LocalAssignment:hashCode();org.apache.storm.daemon.supervisor.Container:getWorkerUser();org.apache.storm.generated.LocalAssignment$LocalAssignmentTupleScheme:write(org.apache.storm.thrift.protocol.TProtocol,org.apache.storm.generated.LocalAssignment);org.apache.storm.generated.Assignment:<init>(org.apache.storm.generated.Assignment);org.apache.storm.generated.StormBase$StormBaseStandardScheme:write(org.apache.storm.thrift.protocol.TProtocol,org.apache.storm.generated.StormBase);org.apache.storm.daemon.common.Assignment:hashCode();org.apache.storm.scheduler.TopologyDetails:getTopologySubmitter();org.apache.storm.generated.Assignment$AssignmentStandardScheme:read(org.apache.storm.thrift.protocol.TProtocol,org.apache.storm.generated.Assignment);org.apache.storm.daemon.common.Assignment:clear();org.apache.storm.localizer.AsyncLocalizer$DownloadBaseBlobsDistributed:call();org.apache.storm.scheduler.multitenant.MultitenantScheduler:schedule(org.apache.storm.scheduler.Topologies,org.apache.storm.scheduler.Cluster);org.apache.storm.generated.StormBase:setFieldValue(org.apache.storm.generated.StormBase$_Fields,java.lang.Object);org.apache.storm.generated.Assignment$AssignmentTupleScheme:read(org.apache.storm.thrift.protocol.TProtocol,org.apache.storm.generated.Assignment);org.apache.storm.scheduler.TopologyDetails:<init>(java.lang.String,java.util.Map,org.apache.storm.generated.StormTopology,int,java.util.Map);org.apache.storm.generated.LocalAssignment:isSet(org.apache.storm.generated.LocalAssignment$_Fields);org.apache.storm.generated.LocalAssignment:compareTo(org.apache.storm.generated.LocalAssignment);org.apache.storm.daemon.supervisor.timer.UpdateBlobs:updateBlobsForTopology(java.util.Map,java.lang.String,org.apache.storm.localizer.Localizer);org.apache.storm.generated.LocalAssignment:getFieldValue(org.apache.storm.generated.LocalAssignment$_Fields)"
CVE-2021-31412,com.vaadin:flow-server:6.0.2,"com.vaadin.flow.router.RouteNotFoundError:setErrorParameter(com.vaadin.flow.router.BeforeEnterEvent,com.vaadin.flow.router.ErrorParameter)"
CVE-2021-41269,com.cronutils:cron-utils:5.0.5,com.cronutils.parser.CronParser:parse(java.lang.String)
CVE-2009-0783,org.apache.tomcat:catalina:6.0.18,"org.apache.catalina.startup.ContextConfig:processContextConfig(java.io.File,java.lang.String);org.apache.catalina.startup.ContextConfig:init();org.apache.catalina.startup.ContextConfig:defaultWebConfig();org.apache.catalina.startup.ContextConfig:applicationWebConfig()"
CVE-2020-9484,org.apache.tomcat:tomcat-catalina:10.0.0-M3,org.apache.catalina.session.FileStore:file(java.lang.String)
CVE-2020-1940,org.apache.jackrabbit:oak-core:1.6.1,org.apache.jackrabbit.oak.security.user.UserAuthentication:authenticate(javax.jcr.Credentials)
CVE-2020-6950,org.glassfish:jakarta.faces:2.3.9,"com.sun.faces.application.resource.ResourceManager:nameContainsForbiddenSequence(java.lang.String);com.sun.faces.application.resource.ResourceManager:getLocalePrefix(javax.faces.context.FacesContext);com.sun.faces.application.resource.WebappResourceHelper:findPathConsideringContracts(com.sun.faces.application.resource.LibraryInfo,java.lang.String,java.lang.String,com.sun.faces.application.resource.ContractInfo[],javax.faces.context.FacesContext);com.sun.faces.application.resource.ClasspathResourceHelper:findPathConsideringContracts(java.lang.ClassLoader,com.sun.faces.application.resource.LibraryInfo,java.lang.String,java.lang.String,com.sun.faces.application.resource.ContractInfo[],java.lang.String[],javax.faces.context.FacesContext)"
CVE-2020-13957,org.apache.solr:solr-core:7.4.0,"org.apache.solr.handler.admin.ConfigSetsHandler:handleConfigUploadRequest(org.apache.solr.request.SolrQueryRequest,org.apache.solr.response.SolrQueryResponse);org.apache.solr.handler.admin.ConfigSetsHandler:handleRequestBody(org.apache.solr.request.SolrQueryRequest,org.apache.solr.response.SolrQueryResponse);org.apache.solr.handler.admin.ConfigSetsHandler:getTrusted(org.apache.solr.request.SolrQueryRequest)"
CVE-2020-9480,org.apache.spark:spark-network-common_2.11:2.4.4,"org.apache.spark.network.crypto.AuthRpcHandler:<init>(org.apache.spark.network.util.TransportConf,io.netty.channel.Channel,org.apache.spark.network.server.RpcHandler,org.apache.spark.network.sasl.SecretKeyHolder);org.apache.spark.network.sasl.SaslRpcHandler:receive(org.apache.spark.network.client.TransportClient,java.nio.ByteBuffer,org.apache.spark.network.client.RpcResponseCallback);org.apache.spark.network.sasl.SaslRpcHandler:receiveStream(org.apache.spark.network.client.TransportClient,java.nio.ByteBuffer,org.apache.spark.network.client.RpcResponseCallback);org.apache.spark.network.crypto.AuthRpcHandler:receiveStream(org.apache.spark.network.client.TransportClient,java.nio.ByteBuffer,org.apache.spark.network.client.RpcResponseCallback);org.apache.spark.network.crypto.AuthRpcHandler:getStreamManager();org.apache.spark.network.sasl.SaslRpcHandler:complete(boolean);org.apache.spark.network.crypto.AuthRpcHandler:receive(org.apache.spark.network.client.TransportClient,java.nio.ByteBuffer,org.apache.spark.network.client.RpcResponseCallback);org.apache.spark.network.crypto.AuthRpcHandler:channelInactive(org.apache.spark.network.client.TransportClient);org.apache.spark.network.sasl.SaslRpcHandler:<init>(org.apache.spark.network.util.TransportConf,io.netty.channel.Channel,org.apache.spark.network.server.RpcHandler,org.apache.spark.network.sasl.SecretKeyHolder);org.apache.spark.network.crypto.AuthRpcHandler:receive(org.apache.spark.network.client.TransportClient,java.nio.ByteBuffer);org.apache.spark.network.crypto.AuthRpcHandler:exceptionCaught(java.lang.Throwable,org.apache.spark.network.client.TransportClient);org.apache.spark.network.sasl.SaslRpcHandler:channelActive(org.apache.spark.network.client.TransportClient);org.apache.spark.network.sasl.SaslRpcHandler:receive(org.apache.spark.network.client.TransportClient,java.nio.ByteBuffer);org.apache.spark.network.sasl.SaslRpcHandler:channelInactive(org.apache.spark.network.client.TransportClient);org.apache.spark.network.sasl.SaslRpcHandler:getStreamManager();org.apache.spark.network.crypto.AuthRpcHandler:channelActive(org.apache.spark.network.client.TransportClient);org.apache.spark.network.sasl.SaslRpcHandler:exceptionCaught(java.lang.Throwable,org.apache.spark.network.client.TransportClient)"
CVE-2013-1921,org.picketbox:jbosssx-bare:4.0.21.Final,"org.picketbox.plugins.vault.PicketBoxSecurityVault:store(java.lang.String,java.lang.String,char[],byte[]);org.picketbox.plugins.vault.PicketBoxSecurityVault:retrieve(java.lang.String,java.lang.String,byte[]);org.picketbox.plugins.vault.PicketBoxSecurityVault:keyList();org.picketbox.util.KeyStoreUtil:getKeyStore(java.io.File,char[]);org.picketbox.util.KeyStoreUtil:getKeyStore(java.net.URL,char[]);org.picketbox.util.KeyStoreUtil:addCertificate(java.io.File,char[],java.lang.String,java.security.cert.Certificate);org.picketbox.plugins.vault.PicketBoxSecurityVault:handshake(java.util.Map);org.picketbox.plugins.vault.PicketBoxSecurityVault:exists(java.lang.String,java.lang.String);org.picketbox.plugins.vault.PicketBoxSecurityVault:remove(java.lang.String,java.lang.String,byte[]);org.picketbox.util.KeyStoreUtil:getKeyStore(java.io.InputStream,char[]);org.picketbox.plugins.vault.PicketBoxSecurityVault:init(java.util.Map);org.picketbox.util.KeyStoreUtil:getKeyStore(java.lang.String,char[])"
CVE-2017-12197,org.kohsuke:libpam4j:1.8,"org.jvnet.libpam.PAM:authenticate(java.lang.String,java.lang.String)"
CVE-2018-20059,ro.pippo:pippo-jaxb:1.0.0,"ro.pippo.jaxb.JaxbEngine:fromString(java.lang.String,java.lang.Class)"
CVE-2020-13934,org.apache.tomcat:tomcat-coyote:10.0.0,"org.apache.coyote.AbstractProtocol$ConnectionHandler:process(org.apache.tomcat.util.net.SocketWrapperBase,org.apache.tomcat.util.net.SocketEvent)"
CVE-2021-45105,org.apache.logging.log4j:log4j-1.2-api:2.11.1,org.apache.log4j.config.Log4j1ConfigurationParser:buildConfigurationBuilder(java.io.InputStream)
CVE-2012-1089,org.apache.wicket:wicket-core:1.5.3,"org.apache.wicket.request.resource.PackageResource:exists(java.lang.Class,java.lang.String,java.util.Locale,java.lang.String,java.lang.String);org.apache.wicket.markup.html.SecurePackageResourceGuard:<init>();org.apache.wicket.request.resource.PackageResource:accept(java.lang.Class,java.lang.String);org.apache.wicket.request.resource.PackageResource:getResourceStream();org.apache.wicket.request.resource.CssPackageResource:<init>(java.lang.Class,java.lang.String,java.util.Locale,java.lang.String,java.lang.String);org.apache.wicket.request.resource.PackageResource:getCacheableResourceStream();org.apache.wicket.util.resource.locator.ResourceStreamLocator:newResourceNameIterator(java.lang.String,java.util.Locale,java.lang.String,java.lang.String,java.lang.String,boolean)"
CVE-2017-15712,org.apache.oozie:oozie-core:4.1.0,"org.apache.oozie.service.ShareLibService:instrument(org.apache.oozie.util.Instrumentation);org.apache.oozie.service.ShareLibService:copyJarContainingClasses(java.util.List,org.apache.hadoop.fs.FileSystem,org.apache.hadoop.fs.Path,java.lang.String)"
CVE-2018-1313,org.apache.derby:derby:10.11.1.1,org.apache.derby.impl.tools.sysinfo.Main:getAllInfo(java.lang.String)
CVE-2018-1000632,org.dom4j:dom4j:2.1.0,"org.dom4j.dom.DOMNamespace:<init>(java.lang.String,java.lang.String);org.dom4j.tree.QNameCache:get(java.lang.String,java.lang.String);org.dom4j.QName:<init>(java.lang.String,org.dom4j.Namespace);org.dom4j.QName:<init>(java.lang.String,org.dom4j.Namespace,java.lang.String)"
CVE-2021-28163,org.eclipse.jetty:jetty-deploy:9.4.34.v20201102,"org.eclipse.jetty.deploy.providers.WebAppProvider$Filter:accept(java.io.File,java.lang.String);org.eclipse.jetty.deploy.providers.ScanningAppProvider:setMonitoredResources(java.util.List)"
CVE-2021-25738,io.kubernetes:client-java:10.0.0,"io.kubernetes.client.util.Yaml:getSnakeYaml();io.kubernetes.client.util.Yaml:dump(java.lang.Object);io.kubernetes.client.util.Yaml:loadAs(java.io.Reader,java.lang.Class);io.kubernetes.client.util.Yaml:loadAs(java.lang.String,java.lang.Class);io.kubernetes.client.util.Yaml:dumpAll(java.util.Iterator,java.io.Writer);io.kubernetes.client.util.Yaml:load(java.io.Reader);io.kubernetes.client.util.Yaml:dumpAll(java.util.Iterator);io.kubernetes.client.util.Yaml:dump(java.lang.Object,java.io.Writer);io.kubernetes.client.util.Yaml:loadAll(java.io.Reader);io.kubernetes.client.util.Yaml:modelMapper(java.util.Map);io.kubernetes.client.util.Yaml:loadAs(java.io.File,java.lang.Class)"
CVE-2011-1184,org.apache.tomcat:tomcat-catalina:7.0.8,"org.apache.catalina.authenticator.DigestAuthenticator:generateNOnce(org.apache.catalina.connector.Request);org.apache.catalina.realm.RealmBase:authenticate(java.lang.String,java.lang.String,java.lang.String,java.lang.String,java.lang.String,java.lang.String,java.lang.String,java.lang.String);org.apache.catalina.authenticator.DigestAuthenticator:parseUsername(java.lang.String);org.apache.catalina.authenticator.DigestAuthenticator:generateNOnce(org.apache.catalina.connector.Request);org.apache.catalina.realm.RealmBase:authenticate(java.lang.String,java.lang.String,java.lang.String,java.lang.String,java.lang.String,java.lang.String,java.lang.String,java.lang.String);org.apache.catalina.authenticator.DigestAuthenticator:findPrincipal(org.apache.catalina.connector.Request,java.lang.String,org.apache.catalina.Realm);org.apache.catalina.authenticator.DigestAuthenticator:parseUsername(java.lang.String);org.apache.catalina.authenticator.DigestAuthenticator:setAuthenticateHeader(javax.servlet.http.HttpServletRequest,javax.servlet.http.HttpServletResponse,org.apache.catalina.deploy.LoginConfig,java.lang.String);org.apache.catalina.authenticator.DigestAuthenticator:findPrincipal(org.apache.catalina.connector.Request,java.lang.String,org.apache.catalina.Realm);org.apache.catalina.authenticator.DigestAuthenticator:authenticate(org.apache.catalina.connector.Request,javax.servlet.http.HttpServletResponse,org.apache.catalina.deploy.LoginConfig)"
CVE-2012-5812,ch.acra:acra:4.3.0,"org.acra.util.HttpRequest$SocketTimeOutRetryHandler:retryRequest(java.io.IOException,int,org.apache.http.protocol.HttpContext);org.acra.util.HttpRequest:sendPost(java.net.URL,java.util.Map);org.acra.util.HttpRequest:getHttpClient();org.acra.util.HttpRequest:setLog(org.acra.log.ACRALog)"
CVE-2021-40865,org.apache.storm:storm-core:1.1.1,org.apache.storm.utils.ShellUtils:getGroupsForUserCommand(java.lang.String);org.apache.storm.utils.ShellUtils:getGroupsCommand();org.apache.storm.security.auth.ShellBasedGroupsMapping:getUnixGroups(java.lang.String)
CVE-2021-34428,org.eclipse.jetty:jetty-server:11.0.2,org.eclipse.jetty.server.session.Session:invalidate();org.eclipse.jetty.server.session.Session:getLastAccessedTime()
CVE-2020-27222,org.eclipse.californium:scandium:2.6.0,"org.eclipse.californium.scandium.dtls.cipher.DefaultCipherSuiteSelector:select(org.eclipse.californium.scandium.dtls.cipher.CipherSuite,org.eclipse.californium.scandium.dtls.cipher.CipherSuiteParameters);org.eclipse.californium.scandium.dtls.cipher.DefaultCipherSuiteSelector:select(org.eclipse.californium.scandium.dtls.cipher.CipherSuiteParameters)"
CVE-2018-14371,org.glassfish:javax.faces:2.3.3,com.sun.faces.application.resource.ResourceManager:getLocalePrefix(javax.faces.context.FacesContext)
CVE-2021-42340,org.apache.tomcat:tomcat-websocket:8.5.43,org.apache.tomcat.websocket.server.WsHttpUpgradeHandler:destroy();org.apache.tomcat.websocket.server.WsHttpUpgradeHandler:init(javax.servlet.http.WebConnection)
CVE-2022-22946,org.springframework.cloud:spring-cloud-gateway-server:3.1.0,"org.springframework.cloud.gateway.config.GatewayAutoConfiguration$NettyConfiguration:gatewayHttpClient(org.springframework.cloud.gateway.config.HttpClientProperties,org.springframework.boot.autoconfigure.web.ServerProperties,java.util.List);org.springframework.cloud.gateway.config.GatewayAutoConfiguration$NettyConfiguration:buildConnectionProvider(org.springframework.cloud.gateway.config.HttpClientProperties)"
CVE-2017-18349,com.alibaba:fastjson:1.2.24,"com.alibaba.fastjson.serializer.ObjectArrayCodec:deserialze(com.alibaba.fastjson.parser.DefaultJSONParser,java.lang.reflect.Type,java.lang.Object)"
CVE-2014-3612,org.apache.activemq:activemq-jaas:5.10.0,"org.apache.activemq.jaas.LDAPLoginModule:authenticate(java.lang.String,java.lang.String);org.apache.activemq.jaas.LDAPLoginModule:isLoginPropertySet(java.lang.String);org.apache.activemq.jaas.LDAPLoginModule:getRoles(javax.naming.directory.DirContext,java.lang.String,java.lang.String,java.util.List);org.apache.activemq.jaas.LDAPLoginModule:open()"
CVE-2013-2172,org.apache.santuario:xmlsec:1.4.5,"org.jcp.xml.dsig.internal.dom.DOMCanonicalizationMethod:<init>(org.w3c.dom.Element,javax.xml.crypto.XMLCryptoContext,java.security.Provider);org.jcp.xml.dsig.internal.dom.DOMCanonicalizationMethod:<init>(javax.xml.crypto.dsig.TransformService)"
CVE-2014-0230,org.apache.tomcat:tomcat-coyote:7.0.27,org.apache.coyote.http11.Http11AprProtocol$Http11ConnectionHandler:createProcessor();org.apache.coyote.http11.Http11NioProtocol$Http11ConnectionHandler:createProcessor();org.apache.coyote.http11.filters.ChunkedInputFilter:end();org.apache.coyote.http11.filters.IdentityInputFilter:end();org.apache.coyote.http11.Http11Protocol$Http11ConnectionHandler:createProcessor()
CVE-2010-3718,org.apache.tomcat:tomcat-catalina:7.0.0,org.apache.catalina.core.StandardContext:postWorkDirectory();org.apache.catalina.core.StandardContext:postWorkDirectory()
CVE-2012-3428,org.jboss.ironjacamar:ironjacamar-deployers-common:1.0.9.Final,"org.jboss.jca.deployers.common.AbstractDsDeployer:deployXADataSource(org.jboss.jca.common.api.metadata.ds.XaDataSource,java.lang.String,java.lang.String,org.jboss.jca.core.connectionmanager.ConnectionManager[],org.jboss.jca.core.spi.transaction.recovery.XAResourceRecovery[],org.jboss.jca.core.api.management.DataSource,java.lang.ClassLoader);org.jboss.jca.deployers.common.AbstractDsDeployer:deployDataSource(org.jboss.jca.common.api.metadata.ds.DataSource,java.lang.String,java.lang.String,org.jboss.jca.core.connectionmanager.ConnectionManager[],org.jboss.jca.core.api.management.DataSource,java.lang.ClassLoader)"
CVE-2016-0714,org.apache.tomcat:tomcat-catalina:9.0.0.M1,"org.apache.catalina.session.StandardManager:doLoad();org.apache.catalina.util.CustomObjectInputStream:resolveClass(java.io.ObjectStreamClass);org.apache.catalina.util.CustomObjectInputStream:<init>(java.io.InputStream,java.lang.ClassLoader)"
CVE-2017-9096,com.itextpdf:itextpdf:5.5.11,"com.itextpdf.text.pdf.XfaForm:fillXfaForm(org.xml.sax.InputSource,boolean);com.itextpdf.testutils.CompareTool:compareXmls(byte[],byte[]);com.itextpdf.testutils.CompareTool$CompareResult:writeReportToXml(java.io.OutputStream);com.itextpdf.text.pdf.XfaXmlLocator:setDocument(org.w3c.dom.Document);com.itextpdf.text.xml.xmp.XmpReader:<init>(byte[]);com.itextpdf.text.pdf.XfaForm:fillXfaForm(org.xml.sax.InputSource,boolean);com.itextpdf.testutils.CompareTool:compareXmls(java.lang.String,java.lang.String);com.itextpdf.text.xml.xmp.XmpReader:<init>(byte[]);com.itextpdf.text.pdf.XfaForm:<init>(com.itextpdf.text.pdf.PdfReader);com.itextpdf.text.pdf.XfaForm:<init>(com.itextpdf.text.pdf.PdfReader)"
CVE-2014-3600,org.apache.activemq:activemq-broker:5.10.0,org.apache.activemq.filter.XalanXPathEvaluator:evaluate(byte[]);org.apache.activemq.filter.JAXPXPathEvaluator:evaluate(byte[]);org.apache.activemq.filter.JAXPXPathEvaluator:evaluate(java.lang.String);org.apache.activemq.filter.XalanXPathEvaluator:<init>(java.lang.String);org.apache.activemq.filter.JAXPXPathEvaluator:<init>(java.lang.String);org.apache.activemq.filter.XalanXPathEvaluator:evaluate(java.lang.String)
CVE-2020-13959,org.apache.velocity.tools:velocity-tools-view:3.0,"org.apache.velocity.tools.view.VelocityViewServlet:error(javax.servlet.http.HttpServletRequest,javax.servlet.http.HttpServletResponse,java.lang.Throwable)"
CVE-2019-0228,org.apache.pdfbox:pdfbox:2.0.14,org.apache.pdfbox.pdmodel.interactive.form.PDXFAResource:getDocument();org.apache.pdfbox.pdmodel.fdf.FDFAnnotationStamp:getStampAppearanceDocument(byte[]);org.apache.pdfbox.pdmodel.fdf.FDFDocument:loadXFDF(java.io.InputStream);org.apache.pdfbox.pdmodel.fdf.FDFAnnotationStamp:<init>(org.w3c.dom.Element);org.apache.pdfbox.pdmodel.fdf.FDFField:<init>(org.w3c.dom.Element)
CVE-2017-15709,org.apache.activemq:activemq-client:5.14.5,org.apache.activemq.openwire.OpenWireFormatFactory:createWireFormat()
CVE-2018-1000613,org.bouncycastle:bcprov-jdk15on:1.59,org.bouncycastle.pqc.jcajce.provider.xmss.BCXMSSMTPrivateKey:<init>(org.bouncycastle.asn1.pkcs.PrivateKeyInfo);org.bouncycastle.pqc.jcajce.provider.xmss.BCXMSSPrivateKey:<init>(org.bouncycastle.asn1.pkcs.PrivateKeyInfo);org.bouncycastle.pqc.crypto.gmss.GMSSKeyPairGenerator:genKeyPair();org.bouncycastle.pqc.crypto.xmss.XMSSMTPrivateKeyParameters:<init>(org.bouncycastle.pqc.crypto.xmss.XMSSMTPrivateKeyParameters$Builder);org.bouncycastle.pqc.crypto.rainbow.RainbowParameters:<init>(int[]);org.bouncycastle.pqc.crypto.rainbow.RainbowParameters:checkParams();org.bouncycastle.pqc.math.linearalgebra.GF2nField:invertMatrix(org.bouncycastle.pqc.math.linearalgebra.GF2Polynomial[]);org.bouncycastle.pqc.crypto.xmss.XMSSUtil:deserialize(byte[]);org.bouncycastle.pqc.crypto.xmss.XMSSMTPrivateKeyParameters:toByteArray();org.bouncycastle.pqc.crypto.xmss.XMSSPrivateKeyParameters:<init>(org.bouncycastle.pqc.crypto.xmss.XMSSPrivateKeyParameters$Builder)
CVE-2011-1772,org.apache.struts.xwork:xwork-core:2.2.1.1,"com.opensymphony.xwork2.DefaultActionProxy:<init>(com.opensymphony.xwork2.ActionInvocation,java.lang.String,java.lang.String,java.lang.String,boolean,boolean)"
CVE-2019-17566,org.apache.xmlgraphics:batik-svgrasterizer:1.12,org.apache.batik.apps.rasterizer.SVGConverter:computeTranscodingHints()
CVE-2019-10072,org.apache.tomcat:tomcat-coyote:8.5.35,"org.apache.coyote.http2.Stream:reserveWindowSize(int,boolean);org.apache.coyote.http2.Http2UpgradeHandler:reserveWindowSize(org.apache.coyote.http2.Stream,int,boolean);org.apache.coyote.http2.Http2UpgradeHandler:close()"
CVE-2012-5885,tomcat:catalina:5.5.23,"org.apache.catalina.authenticator.DigestAuthenticator:removeQuotes(java.lang.String,boolean);org.apache.catalina.authenticator.DigestAuthenticator:<init>();org.apache.catalina.authenticator.DigestAuthenticator:authenticate(org.apache.catalina.connector.Request,org.apache.catalina.connector.Response,org.apache.catalina.deploy.LoginConfig)"
CVE-2020-35460,net.sf.mpxj:mpxj:7.4.3,"net.sf.mpxj.common.InputStreamHelper:processZipStream(java.io.File,java.io.InputStream)"
CVE-2020-1938,org.apache.tomcat:tomcat-coyote:9.0.41,org.apache.coyote.ajp.AjpNioProtocol:<init>();org.apache.coyote.ajp.AjpAprProtocol:<init>();org.apache.coyote.ajp.AjpProcessor:prepareRequest();org.apache.coyote.ajp.AbstractAjpProtocol:<init>(org.apache.tomcat.util.net.AbstractEndpoint);org.apache.coyote.ajp.AbstractAjpProtocol:createProcessor();org.apache.coyote.ajp.AbstractAjpProtocol:setRequiredSecret(java.lang.String);org.apache.coyote.ajp.AbstractAjpProtocol:getRequiredSecret()
CVE-2017-9796,org.apache.geode:geode-core:1.2.1,"org.apache.geode.cache.query.internal.RuntimeIterator:containsProperty(java.lang.String,int,boolean);org.apache.geode.cache.query.internal.MethodDispatch:invoke(java.lang.Object,java.util.List);org.apache.geode.cache.query.internal.AttributeDescriptor:getReadMember(java.lang.Class);org.apache.geode.cache.query.internal.MethodDispatch:<init>(java.lang.Class,java.lang.String,java.util.List);org.apache.geode.cache.query.internal.PathUtils:calculateTypesAlongPath(org.apache.geode.cache.query.types.ObjectType,java.lang.String[]);org.apache.geode.cache.query.internal.AttributeDescriptor:<init>(java.lang.String);org.apache.geode.cache.query.internal.PathUtils:evaluateAttribute(java.lang.Object,java.lang.String);org.apache.geode.cache.query.internal.CompiledOperation:eval0(java.lang.Object,java.lang.Class,org.apache.geode.cache.query.internal.ExecutionContext);org.apache.geode.internal.cache.xmlcache.CacheCreation:getQueryService();org.apache.geode.cache.query.internal.CompiledSelect:getFieldTypeOfProjAttrib(org.apache.geode.cache.query.internal.ExecutionContext,org.apache.geode.cache.query.internal.CompiledValue);org.apache.geode.internal.cache.GemFireCacheImpl:getQueryService();org.apache.geode.cache.query.internal.DefaultQueryService:<init>(org.apache.geode.internal.cache.InternalCache);org.apache.geode.cache.query.internal.ExecutionContext:resolveImplicitOperationName(java.lang.String,int,boolean);org.apache.geode.cache.query.internal.AttributeDescriptor:getReadMember(org.apache.geode.cache.query.types.ObjectType);org.apache.geode.cache.query.internal.PathUtils:computeElementTypeOfExpression(org.apache.geode.cache.query.internal.ExecutionContext,org.apache.geode.cache.query.internal.CompiledValue);org.apache.geode.cache.query.internal.CompiledPath:evaluate(org.apache.geode.cache.query.internal.ExecutionContext);org.apache.geode.cache.query.internal.AttributeDescriptor:readReflection(java.lang.Object);org.apache.geode.cache.query.internal.AttributeDescriptor:getReadMethod(java.lang.Class)"
CVE-2013-6429,org.springframework:spring-core:3.0.5.RELEASE,org.springframework.util.xml.StaxUtils:isStaxSource(javax.xml.transform.Source)
CVE-2019-17638,org.eclipse.jetty:jetty-server:9.4.28.v20200408,org.eclipse.jetty.server.HttpConnection$SendCallback:release();org.eclipse.jetty.server.HttpConnection:onCompleted();org.eclipse.jetty.server.HttpConnection$SendCallback:process()
CVE-2020-13692,org.postgresql:postgresql:42.2.5,"org.postgresql.jdbc.PgSQLXML$NonPrintingErrorHandler:fatalError(org.xml.sax.SAXParseException);org.postgresql.jdbc.PgSQLXML:ensureInitialized();org.postgresql.jdbc.PgSQLXML:getSource(java.lang.Class);org.postgresql.jdbc.PgSQLXML$NonPrintingErrorHandler:warning(org.xml.sax.SAXParseException);org.postgresql.jdbc.PgSQLXML$NonPrintingErrorHandler:error(org.xml.sax.SAXParseException);org.postgresql.jdbc.PgSQLXML:setResult(java.lang.Class);org.postgresql.jdbc.PgConnection:<init>(org.postgresql.util.HostSpec[],java.lang.String,java.lang.String,java.util.Properties,java.lang.String)"
CVE-2019-0232,org.apache.tomcat:tomcat-catalina:9.0.12,org.apache.catalina.servlets.CGIServlet:init(javax.servlet.ServletConfig);org.apache.catalina.servlets.CGIServlet$CGIEnvironment:setupFromRequest(javax.servlet.http.HttpServletRequest)
CVE-2018-21234,org.jodd:jodd-json:3.6.6,"jodd.json.MapToBean:map2bean(java.util.Map,java.lang.Class)"
CVE-2021-25646,org.apache.druid:druid-core:0.22.0,"org.apache.druid.guice.DruidSecondaryModule:setupJackson(com.google.inject.Injector,com.fasterxml.jackson.databind.ObjectMapper)"
CVE-2020-5407,org.springframework.security:spring-security-saml2-service-provider:5.2.2.RELEASE,"org.springframework.security.saml2.provider.service.authentication.OpenSamlAuthenticationProvider:getAssertionValidator(org.springframework.security.saml2.provider.service.authentication.Saml2AuthenticationToken);org.springframework.security.saml2.provider.service.authentication.OpenSamlAuthenticationProvider:decrypt(org.springframework.security.saml2.provider.service.authentication.Saml2AuthenticationToken,org.opensaml.saml.saml2.core.EncryptedID);org.springframework.security.saml2.provider.service.authentication.OpenSamlAuthenticationProvider:validateSaml2Response(org.springframework.security.saml2.provider.service.authentication.Saml2AuthenticationToken,java.lang.String,org.opensaml.saml.saml2.core.Response);org.springframework.security.saml2.provider.service.authentication.OpenSamlAuthenticationProvider:hasValidSignature(org.opensaml.saml.common.SignableSAMLObject,org.springframework.security.saml2.provider.service.authentication.Saml2AuthenticationToken);org.springframework.security.saml2.provider.service.authentication.OpenSamlAuthenticationProvider:validateAssertion(java.lang.String,org.opensaml.saml.saml2.core.Assertion,org.springframework.security.saml2.provider.service.authentication.Saml2AuthenticationToken,boolean);org.springframework.security.saml2.provider.service.authentication.OpenSamlAuthenticationProvider:authException(java.lang.String,java.lang.String,java.lang.Exception);org.springframework.security.saml2.provider.service.authentication.OpenSamlAuthenticationProvider:getDecrypter(org.springframework.security.saml2.credentials.Saml2X509Credential);org.springframework.security.saml2.provider.service.authentication.OpenSamlAuthenticationProvider:authException(java.lang.String,java.lang.String);org.springframework.security.saml2.provider.service.authentication.OpenSamlAuthenticationProvider:getUsername(org.springframework.security.saml2.provider.service.authentication.Saml2AuthenticationToken,org.opensaml.saml.saml2.core.Assertion);org.springframework.security.saml2.provider.service.authentication.OpenSamlAuthenticationProvider:authenticate(org.springframework.security.core.Authentication);org.springframework.security.saml2.provider.service.authentication.OpenSamlAuthenticationProvider:getVerificationCredential(java.security.cert.X509Certificate);org.springframework.security.saml2.provider.service.authentication.OpenSamlAuthenticationProvider:validationError(java.lang.String,java.lang.String);org.springframework.security.saml2.provider.service.authentication.OpenSamlAuthenticationProvider:getSaml2Response(org.springframework.security.saml2.provider.service.authentication.Saml2AuthenticationToken)"
CVE-2019-10354,org.kohsuke.stapler:stapler:1.237,"org.kohsuke.stapler.StaticViewFacet:createRequestDispatcher(org.kohsuke.stapler.RequestImpl,org.kohsuke.stapler.lang.Klass,java.lang.Object,java.lang.String);org.kohsuke.stapler.Facet:createRequestDispatcher(org.kohsuke.stapler.RequestImpl,java.lang.Class,java.lang.Object,java.lang.String)"
CVE-2012-4431,org.apache.tomcat:tomcat-catalina:7.0.27,"org.apache.catalina.filters.CsrfPreventionFilter:doFilter(javax.servlet.ServletRequest,javax.servlet.ServletResponse,javax.servlet.FilterChain)"
CVE-2019-16771,com.linecorp.armeria:armeria:0.94.0,"com.linecorp.armeria.common.HttpHeadersBase:setObject(java.lang.CharSequence,java.lang.Iterable);com.linecorp.armeria.common.HttpHeaderNames:of(java.lang.CharSequence);com.linecorp.armeria.common.HttpHeadersBase:set(java.lang.CharSequence,java.lang.Iterable);com.linecorp.armeria.common.HttpHeadersBase:add0(int,int,io.netty.util.AsciiString,java.lang.String);com.linecorp.armeria.common.HttpHeadersBase:set(java.lang.CharSequence,java.lang.String);com.linecorp.armeria.common.HttpHeadersBase:add(java.lang.CharSequence,java.lang.String);com.linecorp.armeria.common.HttpHeadersBase:addObject(java.lang.CharSequence,java.lang.Iterable);com.linecorp.armeria.common.HttpHeadersBase:add(java.lang.CharSequence,java.lang.Iterable);com.linecorp.armeria.common.HttpHeaderNames:create(java.lang.String);com.linecorp.armeria.internal.ArmeriaHttpUtil:toLowercaseMap(java.util.Iterator,int);com.linecorp.armeria.common.HttpHeaderNames:of(io.netty.util.AsciiString);com.linecorp.armeria.common.HttpHeadersBase:normalizeName(java.lang.CharSequence)"
CVE-2018-1000180,org.bouncycastle:bcprov-jdk15on:1.59,"org.bouncycastle.crypto.generators.RSAKeyPairGenerator:isProbablePrime(java.math.BigInteger);org.bouncycastle.crypto.generators.RSAKeyPairGenerator:init(org.bouncycastle.crypto.KeyGenerationParameters);org.bouncycastle.crypto.generators.RSAKeyPairGenerator:chooseRandomPrime(int,java.math.BigInteger,java.math.BigInteger)"
CVE-2019-25027,com.vaadin:flow-server:1.0.5,"com.vaadin.flow.router.RouteNotFoundError:setErrorParameter(com.vaadin.flow.router.BeforeEnterEvent,com.vaadin.flow.router.ErrorParameter)"
CVE-2018-20227,org.eclipse.rdf4j:rdf4j-util:2.2.2,"org.eclipse.rdf4j.common.io.ZipUtil:extract(java.io.File,java.io.File);org.eclipse.rdf4j.common.io.ZipUtil:isZipStream(java.io.InputStream);org.eclipse.rdf4j.common.io.ZipUtil:extract(java.util.zip.ZipFile,java.io.File);org.eclipse.rdf4j.common.io.ZipUtil:writeEntry(java.util.zip.ZipFile,java.util.zip.ZipEntry,java.io.File)"
CVE-2013-4112,org.jgroups:jgroups:3.3.1.Final,org.jgroups.stack.DiagnosticsHandler:run()
CVE-2020-13929,org.apache.zeppelin:zeppelin-interpreter:0.8.0,"org.apache.zeppelin.user.AuthenticationInfo:getRoles();org.apache.zeppelin.user.AuthenticationInfo:<init>(java.lang.String,java.lang.String,java.lang.String);org.apache.zeppelin.user.AuthenticationInfo:toJson();org.apache.zeppelin.user.AuthenticationInfo:fromJson(java.lang.String);org.apache.zeppelin.user.AuthenticationInfo:setRoles(java.util.List);org.apache.zeppelin.user.AuthenticationInfo:setRoles(java.lang.String)"
CVE-2020-1727,org.keycloak:keycloak-server-spi-private:7.0.0,"org.keycloak.models.utils.RepresentationToModel:toModel(org.keycloak.models.RealmModel,org.keycloak.representations.idm.IdentityProviderRepresentation);org.keycloak.models.utils.RepresentationToModel:importIdentityProviders(org.keycloak.representations.idm.RealmRepresentation,org.keycloak.models.RealmModel);org.keycloak.models.utils.RepresentationToModel:importRealm(org.keycloak.models.KeycloakSession,org.keycloak.representations.idm.RealmRepresentation,org.keycloak.models.RealmModel,boolean)"
CVE-2013-6408,org.apache.solr:solr-core:3.6.1,org.apache.solr.handler.DocumentAnalysisRequestHandler:init(org.apache.solr.common.util.NamedList)
CVE-2018-7489,com.fasterxml.jackson.core:jackson-databind:2.8.9,"com.fasterxml.jackson.databind.deser.BeanDeserializerFactory:createBeanDeserializer(com.fasterxml.jackson.databind.DeserializationContext,com.fasterxml.jackson.databind.JavaType,com.fasterxml.jackson.databind.BeanDescription)"
CVE-2017-9797,org.apache.geode:geode-core:1.2.0,"org.apache.geode.cache.client.internal.GetPDXIdForTypeOp$GetPDXIdForTypeOpImpl:sendMessage(org.apache.geode.cache.client.internal.Connection);org.apache.geode.cache.client.internal.GetPDXTypeByIdOp$GetPDXTypeByIdOpImpl:processSecureBytes(org.apache.geode.cache.client.internal.Connection,org.apache.geode.internal.cache.tier.sockets.Message);org.apache.geode.cache.client.internal.AbstractOp:needsUserId();org.apache.geode.cache.client.internal.GetPDXIdForTypeOp$GetPDXIdForTypeOpImpl:needsUserId();org.apache.geode.cache.client.internal.GetPDXIdForEnumOp$GetPDXIdForEnumOpImpl:needsUserId();org.apache.geode.cache.client.internal.GetFunctionAttributeOp$GetFunctionAttributeOpImpl:needsUserId();org.apache.geode.cache.client.internal.GetFunctionAttributeOp$GetFunctionAttributeOpImpl:processSecureBytes(org.apache.geode.cache.client.internal.Connection,org.apache.geode.internal.cache.tier.sockets.Message);org.apache.geode.internal.cache.tier.sockets.command.AddPdxType:cmdExecute(org.apache.geode.internal.cache.tier.sockets.Message,org.apache.geode.internal.cache.tier.sockets.ServerConnection,long);org.apache.geode.internal.cache.tier.sockets.ServerConnection:doNormalMsg();org.apache.geode.cache.client.internal.GetPDXTypesOp$GetPDXTypesOpImpl:needsUserId();org.apache.geode.internal.cache.tier.sockets.command.GetPDXTypeById:cmdExecute(org.apache.geode.internal.cache.tier.sockets.Message,org.apache.geode.internal.cache.tier.sockets.ServerConnection,long);org.apache.geode.cache.client.internal.GetPDXTypesOp$GetPDXTypesOpImpl:sendMessage(org.apache.geode.cache.client.internal.Connection);org.apache.geode.cache.client.internal.RegisterInstantiatorsOp$RegisterInstantiatorsOpImpl:needsUserId();org.apache.geode.cache.client.internal.GetEventValueOp$GetEventValueOpImpl:processSecureBytes(org.apache.geode.cache.client.internal.Connection,org.apache.geode.internal.cache.tier.sockets.Message);org.apache.geode.cache.client.internal.PutOp$PutOpImpl:processSecureBytes(org.apache.geode.cache.client.internal.Connection,org.apache.geode.internal.cache.tier.sockets.Message);org.apache.geode.cache.client.internal.GetClientPRMetaDataOp$GetClientPRMetaDataOpImpl:processSecureBytes(org.apache.geode.cache.client.internal.Connection,org.apache.geode.internal.cache.tier.sockets.Message);org.apache.geode.admin.internal.SystemMemberCacheEventProcessor$SystemMemberCacheMessage:toString();org.apache.geode.cache.client.internal.GetPDXIdForEnumOp$GetPDXIdForEnumOpImpl:sendMessage(org.apache.geode.cache.client.internal.Connection);org.apache.geode.cache.client.internal.GetPDXTypesOp$GetPDXTypesOpImpl:processSecureBytes(org.apache.geode.cache.client.internal.Connection,org.apache.geode.internal.cache.tier.sockets.Message);org.apache.geode.internal.cache.tier.sockets.command.RegisterDataSerializers:cmdExecute(org.apache.geode.internal.cache.tier.sockets.Message,org.apache.geode.internal.cache.tier.sockets.ServerConnection,long);org.apache.geode.cache.client.internal.RegisterInstantiatorsOp$RegisterInstantiatorsOpImpl:sendMessage(org.apache.geode.cache.client.internal.Connection);org.apache.geode.internal.cache.tier.sockets.command.GetPDXIdForEnum:cmdExecute(org.apache.geode.internal.cache.tier.sockets.Message,org.apache.geode.internal.cache.tier.sockets.ServerConnection,long);org.apache.geode.cache.client.internal.GetClientPartitionAttributesOp$GetClientPartitionAttributesOpImpl:processSecureBytes(org.apache.geode.cache.client.internal.Connection,org.apache.geode.internal.cache.tier.sockets.Message);org.apache.geode.cache.client.internal.RollbackOp$RollbackOpImpl:processSecureBytes(org.apache.geode.cache.client.internal.Connection,org.apache.geode.internal.cache.tier.sockets.Message);org.apache.geode.cache.client.internal.CloseConnectionOp$CloseConnectionOpImpl:processSecureBytes(org.apache.geode.cache.client.internal.Connection,org.apache.geode.internal.cache.tier.sockets.Message);org.apache.geode.cache.client.internal.GetPDXEnumByIdOp$GetPDXEnumByIdOpImpl:processSecureBytes(org.apache.geode.cache.client.internal.Connection,org.apache.geode.internal.cache.tier.sockets.Message);org.apache.geode.cache.client.internal.SizeOp$SizeOpImpl:processSecureBytes(org.apache.geode.cache.client.internal.Connection,org.apache.geode.internal.cache.tier.sockets.Message);org.apache.geode.internal.cache.tier.sockets.ServerConnection:getUniqueId();org.apache.geode.internal.cache.tier.sockets.ServerConnection:updateAndGetSecurityPart();org.apache.geode.cache.client.internal.GetPDXIdForEnumOp$GetPDXIdForEnumOpImpl:processSecureBytes(org.apache.geode.cache.client.internal.Connection,org.apache.geode.internal.cache.tier.sockets.Message);org.apache.geode.cache.client.internal.AddPDXTypeOp$AddPDXTypeOpImpl:processSecureBytes(org.apache.geode.cache.client.internal.Connection,org.apache.geode.internal.cache.tier.sockets.Message);org.apache.geode.cache.client.internal.RegisterInstantiatorsOp$RegisterInstantiatorsOpImpl:processSecureBytes(org.apache.geode.cache.client.internal.Connection,org.apache.geode.internal.cache.tier.sockets.Message);org.apache.geode.cache.client.internal.GetPDXEnumsOp$GetPDXEnumsOpImpl:needsUserId();org.apache.geode.cache.client.internal.GetPDXEnumByIdOp$GetPDXEnumByIdOpImpl:sendMessage(org.apache.geode.cache.client.internal.Connection);org.apache.geode.cache.client.internal.AddPDXTypeOp$AddPDXTypeOpImpl:sendMessage(org.apache.geode.cache.client.internal.Connection);org.apache.geode.cache.client.internal.TXFailoverOp$TXFailoverOpImpl:processSecureBytes(org.apache.geode.cache.client.internal.Connection,org.apache.geode.internal.cache.tier.sockets.Message);org.apache.geode.cache.client.internal.RegisterDataSerializersOp$RegisterDataSerializersOpImpl:sendMessage(org.apache.geode.cache.client.internal.Connection);org.apache.geode.cache.client.internal.GetPDXTypeByIdOp$GetPDXTypeByIdOpImpl:needsUserId();org.apache.geode.cache.client.internal.GetPDXIdForTypeOp$GetPDXIdForTypeOpImpl:processSecureBytes(org.apache.geode.cache.client.internal.Connection,org.apache.geode.internal.cache.tier.sockets.Message);org.apache.geode.cache.client.internal.RegisterDataSerializersOp$RegisterDataSerializersOpImpl:needsUserId();org.apache.geode.cache.client.internal.AddPDXEnumOp$AddPdxEnumOpImpl:sendMessage(org.apache.geode.cache.client.internal.Connection);org.apache.geode.cache.client.internal.PingOp$PingOpImpl:processSecureBytes(org.apache.geode.cache.client.internal.Connection,org.apache.geode.internal.cache.tier.sockets.Message);org.apache.geode.cache.client.internal.GetPDXEnumByIdOp$GetPDXEnumByIdOpImpl:needsUserId();org.apache.geode.cache.client.internal.AddPDXEnumOp$AddPdxEnumOpImpl:processSecureBytes(org.apache.geode.cache.client.internal.Connection,org.apache.geode.internal.cache.tier.sockets.Message);org.apache.geode.internal.cache.tier.sockets.command.GetPDXEnumById:cmdExecute(org.apache.geode.internal.cache.tier.sockets.Message,org.apache.geode.internal.cache.tier.sockets.ServerConnection,long);org.apache.geode.cache.client.internal.TXSynchronizationOp$Impl:processSecureBytes(org.apache.geode.cache.client.internal.Connection,org.apache.geode.internal.cache.tier.sockets.Message);org.apache.geode.cache.client.internal.CommitOp$CommitOpImpl:processSecureBytes(org.apache.geode.cache.client.internal.Connection,org.apache.geode.internal.cache.tier.sockets.Message);org.apache.geode.cache.client.internal.MakePrimaryOp$MakePrimaryOpImpl:processSecureBytes(org.apache.geode.cache.client.internal.Connection,org.apache.geode.internal.cache.tier.sockets.Message);org.apache.geode.internal.cache.tier.sockets.ServerConnection:setSecurityPart();org.apache.geode.cache.client.internal.AbstractOp:processSecureBytes(org.apache.geode.cache.client.internal.Connection,org.apache.geode.internal.cache.tier.sockets.Message);org.apache.geode.cache.client.internal.GetPDXTypeByIdOp$GetPDXTypeByIdOpImpl:sendMessage(org.apache.geode.cache.client.internal.Connection);org.apache.geode.cache.client.internal.RegisterDataSerializersOp$RegisterDataSerializersOpImpl:processSecureBytes(org.apache.geode.cache.client.internal.Connection,org.apache.geode.internal.cache.tier.sockets.Message);org.apache.geode.internal.cache.tier.sockets.command.AddPdxEnum:cmdExecute(org.apache.geode.internal.cache.tier.sockets.Message,org.apache.geode.internal.cache.tier.sockets.ServerConnection,long);org.apache.geode.cache.client.internal.GetFunctionAttributeOp$GetFunctionAttributeOpImpl:sendMessage(org.apache.geode.cache.client.internal.Connection);org.apache.geode.cache.client.internal.AddPDXTypeOp$AddPDXTypeOpImpl:needsUserId();org.apache.geode.cache.client.internal.AddPDXEnumOp$AddPdxEnumOpImpl:needsUserId();org.apache.geode.cache.client.internal.GetPDXEnumsOp$GetPDXEnumsOpImpl:processSecureBytes(org.apache.geode.cache.client.internal.Connection,org.apache.geode.internal.cache.tier.sockets.Message);org.apache.geode.internal.cache.tier.sockets.command.GetPdxEnums70:cmdExecute(org.apache.geode.internal.cache.tier.sockets.Message,org.apache.geode.internal.cache.tier.sockets.ServerConnection,long);org.apache.geode.internal.cache.tier.sockets.command.GetFunctionAttribute:cmdExecute(org.apache.geode.internal.cache.tier.sockets.Message,org.apache.geode.internal.cache.tier.sockets.ServerConnection,long);org.apache.geode.internal.cache.tier.sockets.command.GetPDXIdForType:cmdExecute(org.apache.geode.internal.cache.tier.sockets.Message,org.apache.geode.internal.cache.tier.sockets.ServerConnection,long);org.apache.geode.cache.client.internal.PrimaryAckOp$PrimaryAckOpImpl:processSecureBytes(org.apache.geode.cache.client.internal.Connection,org.apache.geode.internal.cache.tier.sockets.Message);org.apache.geode.cache.client.internal.ReadyForEventsOp$ReadyForEventsOpImpl:processSecureBytes(org.apache.geode.cache.client.internal.Connection,org.apache.geode.internal.cache.tier.sockets.Message);org.apache.geode.internal.cache.tier.sockets.command.GetPdxTypes70:cmdExecute(org.apache.geode.internal.cache.tier.sockets.Message,org.apache.geode.internal.cache.tier.sockets.ServerConnection,long);org.apache.geode.internal.cache.tier.sockets.ServerConnection:isInternalMessage();org.apache.geode.cache.client.internal.AbstractOp:attemptReadResponse(org.apache.geode.cache.client.internal.Connection);org.apache.geode.cache.client.internal.GetPDXEnumsOp$GetPDXEnumsOpImpl:sendMessage(org.apache.geode.cache.client.internal.Connection);org.apache.geode.internal.cache.tier.sockets.command.RegisterInstantiators:cmdExecute(org.apache.geode.internal.cache.tier.sockets.Message,org.apache.geode.internal.cache.tier.sockets.ServerConnection,long)"
CVE-2016-7051,com.fasterxml.jackson.dataformat:jackson-dataformat-xml:2.7.4,"com.fasterxml.jackson.dataformat.xml.XmlFactory:<init>(com.fasterxml.jackson.core.ObjectCodec,int,int,javax.xml.stream.XMLInputFactory,javax.xml.stream.XMLOutputFactory,java.lang.String)"
CVE-2018-11768,org.apache.hadoop:hadoop-hdfs:3.1.1,"org.apache.hadoop.hdfs.server.namenode.FSImageFormatProtobuf$Loader:loadStringTableSection(java.io.InputStream);org.apache.hadoop.hdfs.server.namenode.FSImageFormatPBINode$Loader:loadAclEntries(org.apache.hadoop.hdfs.server.namenode.FsImageProto$INodeSection$AclFeatureProto,java.lang.String[]);org.apache.hadoop.hdfs.server.namenode.SerialNumberMap:toString();org.apache.hadoop.hdfs.server.namenode.XAttrStorage:getNameSerialNumber(java.lang.String);org.apache.hadoop.hdfs.server.namenode.XAttrFormat:toBytes(java.util.List);org.apache.hadoop.hdfs.server.namenode.FSImageFormatPBINode$Loader:loadXAttrs(org.apache.hadoop.hdfs.server.namenode.FsImageProto$INodeSection$XAttrFeatureProto,java.lang.String[]);org.apache.hadoop.hdfs.server.namenode.XAttrStorage:getName(int);org.apache.hadoop.hdfs.server.namenode.SerialNumberManager:<init>();org.apache.hadoop.hdfs.server.namenode.SerialNumberManager:getUser(int);org.apache.hadoop.hdfs.server.namenode.XAttrFormat:getXAttr(byte[],java.lang.String);org.apache.hadoop.hdfs.tools.offlineImageViewer.FSImageLoader:load(java.lang.String);org.apache.hadoop.hdfs.server.namenode.INodeWithAdditionalFields:setUser(java.lang.String);org.apache.hadoop.hdfs.server.namenode.FSDirectory:<init>(org.apache.hadoop.hdfs.server.namenode.FSNamesystem,org.apache.hadoop.conf.Configuration);org.apache.hadoop.hdfs.server.namenode.FSImageFormatPBINode$Saver:save(java.io.OutputStream,org.apache.hadoop.hdfs.server.namenode.INodeSymlink);org.apache.hadoop.hdfs.server.namenode.INodeWithAdditionalFields:setGroup(java.lang.String);org.apache.hadoop.hdfs.tools.offlineImageViewer.FSImageLoader:<init>(java.lang.String[],byte[][],java.util.Map);org.apache.hadoop.hdfs.server.namenode.FSImageFormatPBINode$Saver:buildINodeFile(org.apache.hadoop.hdfs.server.namenode.INodeFileAttributes,org.apache.hadoop.hdfs.server.namenode.FSImageFormatProtobuf$SaverContext);org.apache.hadoop.hdfs.server.namenode.XAttrFormat:toXAttrs(byte[]);org.apache.hadoop.hdfs.server.namenode.FSImageFormatProtobuf$LoaderContext:getStringTable();org.apache.hadoop.hdfs.server.namenode.SerialNumberManager:getGroupSerialNumber(java.lang.String);org.apache.hadoop.hdfs.tools.offlineImageViewer.PBImageXmlWriter:dumpSnapshotDiffSection(java.io.InputStream);org.apache.hadoop.hdfs.server.namenode.FSImageFormatProtobuf$SaverContext:getStringMap();org.apache.hadoop.hdfs.server.namenode.FSImageFormatPBINode$Loader:loadPermission(long,java.lang.String[]);org.apache.hadoop.hdfs.tools.offlineImageViewer.PBImageXmlWriter:loadStringTable(java.io.InputStream);org.apache.hadoop.hdfs.server.namenode.FSImageFormatPBINode$Saver:buildXAttrs(org.apache.hadoop.hdfs.server.namenode.XAttrFeature,org.apache.hadoop.hdfs.server.namenode.FSImageFormatProtobuf$SaverContext$DeduplicationMap);org.apache.hadoop.hdfs.server.namenode.SerialNumberManager:getGroup(int);org.apache.hadoop.hdfs.tools.offlineImageViewer.PBImageXmlWriter:dumpXattrs(org.apache.hadoop.hdfs.server.namenode.FsImageProto$INodeSection$XAttrFeatureProto);org.apache.hadoop.hdfs.server.namenode.SerialNumberManager:getUserSerialNumber(java.lang.String);org.apache.hadoop.hdfs.tools.offlineImageViewer.FSImageLoader:loadStringTable(java.io.InputStream);org.apache.hadoop.hdfs.server.namenode.SerialNumberMap:get(int);org.apache.hadoop.hdfs.server.namenode.FSImageFormatPBINode$Saver:buildAclEntries(org.apache.hadoop.hdfs.server.namenode.AclFeature,org.apache.hadoop.hdfs.server.namenode.FSImageFormatProtobuf$SaverContext$DeduplicationMap);org.apache.hadoop.hdfs.server.namenode.FSImageFormatPBINode$Saver:buildPermissionStatus(org.apache.hadoop.hdfs.server.namenode.INodeAttributes,org.apache.hadoop.hdfs.server.namenode.FSImageFormatProtobuf$SaverContext$DeduplicationMap);org.apache.hadoop.hdfs.server.namenode.FSImageFormatProtobuf$Saver:saveStringTableSection(org.apache.hadoop.hdfs.server.namenode.FsImageProto$FileSummary$Builder);org.apache.hadoop.hdfs.server.namenode.FSImageFormatPBINode$Saver:buildINodeDirectory(org.apache.hadoop.hdfs.server.namenode.INodeDirectoryAttributes,org.apache.hadoop.hdfs.server.namenode.FSImageFormatProtobuf$SaverContext)"
CVE-2019-17558,org.apache.solr:solr-velocity:7.0.1,org.apache.solr.response.VelocityResponseWriter:init(org.apache.solr.common.util.NamedList)
CVE-2021-31406,com.vaadin:flow-server:5.0.2,com.vaadin.flow.server.connect.auth.VaadinConnectAccessChecker:requestForbidden(javax.servlet.http.HttpServletRequest)
CVE-2014-7839,org.jboss.resteasy:resteasy-jaxrs:3.0.10.Final,"org.jboss.resteasy.plugins.providers.DocumentProvider:readFrom(java.lang.Class,java.lang.reflect.Type,java.lang.annotation.Annotation[],javax.ws.rs.core.MediaType,javax.ws.rs.core.MultivaluedMap,java.io.InputStream)"
CVE-2020-10740,org.wildfly:wildfly-naming-client:1.0.9.Final,"org.wildfly.naming.client.remote.RemoteNamingService:<init>(javax.naming.Context);org.wildfly.naming.client.remote.RemoteServerTransport:<init>(org.jboss.remoting3.Channel,int,org.jboss.remoting3.util.MessageTracker,javax.naming.Context);org.wildfly.naming.client.remote.RemoteNamingService$ChannelOpenListener:channelOpened(org.jboss.remoting3.Channel)"
CVE-2020-11998,org.apache.activemq:activemq-broker:5.15.12,org.apache.activemq.broker.jmx.ManagementContext:createConnector(javax.management.MBeanServer)
CVE-2016-8629,org.keycloak:keycloak-services:1.8.1.Final,"org.keycloak.services.resources.admin.UsersResource:updateUser(java.lang.String,org.keycloak.representations.idm.UserRepresentation)"
CVE-2018-1258,org.springframework.security:spring-security-config:5.0.3.RELEASE,org.springframework.security.config.web.server.ServerHttpSecurity:build()
CVE-2018-1275,org.springframework:spring-messaging:4.3.14.RELEASE,"org.springframework.messaging.simp.broker.DefaultSubscriptionRegistry:filterSubscriptions(org.springframework.util.MultiValueMap,org.springframework.messaging.Message);org.springframework.messaging.simp.broker.DefaultSubscriptionRegistry$SimpMessageHeaderPropertyAccessor:getSpecificTargetClasses();org.springframework.messaging.simp.broker.DefaultSubscriptionRegistry$SimpMessageHeaderPropertyAccessor:read(org.springframework.expression.EvaluationContext,java.lang.Object,java.lang.String)"
CVE-2013-7398,com.ning:async-http-client:1.6.5,"com.ning.http.client.AsyncHttpClientConfig$Builder:<init>(com.ning.http.client.AsyncHttpClientConfig);com.ning.http.client.AsyncHttpClientConfig$Builder:build();com.ning.http.client.providers.netty.NettyAsyncHttpProvider:constructSSLPipeline(com.ning.http.client.providers.netty.NettyConnectListener);com.ning.http.client.AsyncHttpClientConfigBean:configureDefaults();com.ning.http.util.SslUtils:getLooseSSLContext();com.ning.http.util.SslUtils:getStrictSSLContext(com.ning.http.util.SslUtils$SSLConfig);com.ning.http.client.SimpleAsyncHttpClient$Builder:setSSLEngineFactory(com.ning.http.client.SSLEngineFactory);com.ning.http.client.providers.netty.NettyAsyncHttpProvider:verifyChannelPipeline(org.jboss.netty.channel.Channel,java.lang.String);com.ning.http.util.SslUtils:getSSLContext();com.ning.http.client.providers.netty.NettyAsyncHttpProvider:upgradeProtocol(org.jboss.netty.channel.ChannelPipeline,java.lang.String);com.ning.http.client.providers.jdk.JDKAsyncHttpProvider:createUrlConnection(com.ning.http.client.Request);com.ning.http.client.providers.netty.NettyAsyncHttpProvider:createSSLEngine();com.ning.http.util.SslUtils$SSLConfig:<init>();com.ning.http.client.AsyncHttpClientConfig$Builder:setSSLEngineFactory(com.ning.http.client.SSLEngineFactory);com.ning.http.util.SslUtils:getSSLEngine();com.ning.http.client.AsyncHttpClientConfigBean:setSslEngineFactory(com.ning.http.client.SSLEngineFactory);com.ning.http.client.AsyncHttpClientConfig$Builder:setSSLContext(javax.net.ssl.SSLContext);com.ning.http.client.AsyncHttpClientConfigBean:configureDefaults();com.ning.http.client.AsyncHttpClientConfig:getSSLEngineFactory()"
CVE-2017-7658,org.eclipse.jetty:jetty-http:9.2.14.v20151106,"org.eclipse.jetty.http.HttpParser$BadMessageException:<init>(int,java.lang.String);org.eclipse.jetty.http.HttpParser:reset();org.eclipse.jetty.http.HttpParser:handleKnownHeaders(java.nio.ByteBuffer);org.eclipse.jetty.http.HttpParser:parseLine(java.nio.ByteBuffer);org.eclipse.jetty.http.HttpParser:parseContent(java.nio.ByteBuffer);org.eclipse.jetty.http.HttpParser:quickStart(java.nio.ByteBuffer)"
CVE-2019-13234,org.opencms:opencms-core:8.5.0,org.opencms.ade.galleries.CmsGalleryService:prepareSearchParams(org.opencms.ade.galleries.shared.CmsGallerySearchBean)
CVE-2008-6505,org.apache.struts:struts2-core:2.1.2,"org.apache.struts2.dispatcher.FilterDispatcher:findStaticResource(java.lang.String,javax.servlet.http.HttpServletRequest,javax.servlet.http.HttpServletResponse)"
CVE-2020-10719,io.undertow:undertow-core:2.0.28.Final,io.undertow.server.handlers.HttpContinueReadHandler:handleRequest(io.undertow.server.HttpServerExchange);io.undertow.server.protocol.http.HttpServerConnection:sendOutOfBandResponse(io.undertow.server.HttpServerExchange)
CVE-2016-2173,org.springframework.amqp:spring-amqp:1.3.3.RELEASE,"org.springframework.amqp.support.converter.SerializerMessageConverter:fromMessage(org.springframework.amqp.core.Message);org.springframework.amqp.support.converter.SimpleMessageConverter:createMessage(java.lang.Object,org.springframework.amqp.core.MessageProperties);org.springframework.amqp.support.converter.SerializerMessageConverter:createMessage(java.lang.Object,org.springframework.amqp.core.MessageProperties);org.springframework.amqp.support.converter.SimpleMessageConverter:fromMessage(org.springframework.amqp.core.Message);org.springframework.amqp.support.converter.SerializerMessageConverter:setDeserializer(org.springframework.core.serializer.Deserializer);org.springframework.amqp.support.converter.SimpleMessageConverter:createObjectInputStream(java.io.InputStream,java.lang.String)"
CVE-2018-12538,org.eclipse.jetty:jetty-server:9.4.8.v20171121,"org.eclipse.jetty.server.session.FileSessionDataStore:initializeStore();org.eclipse.jetty.server.session.FileSessionDataStore:getFile(java.io.File,java.lang.String);org.eclipse.jetty.server.session.FileSessionDataStore:getIdWithContextFromString(java.lang.String);org.eclipse.jetty.server.session.FileSessionDataStore:getIdFromFile(java.io.File);org.eclipse.jetty.server.session.FileSessionDataStore:doStore(java.lang.String,org.eclipse.jetty.server.session.SessionData,long);org.eclipse.jetty.server.session.FileSessionDataStore:getExpiryFromString(java.lang.String);org.eclipse.jetty.server.session.FileSessionDataStore:delete(java.lang.String);org.eclipse.jetty.server.session.FileSessionDataStore:doGetExpired(java.util.Set);org.eclipse.jetty.server.session.FileSessionDataStore:load(java.lang.String);org.eclipse.jetty.server.session.FileSessionDataStore:deleteOldFiles(java.io.File,java.lang.String);org.eclipse.jetty.server.session.FileSessionDataStore:match(java.lang.String);org.eclipse.jetty.server.session.FileSessionDataStore:doStop();org.eclipse.jetty.server.session.FileSessionDataStore:getIdWithContextFromFile(java.io.File);org.eclipse.jetty.server.session.FileSessionDataStore:getIdWithContext(java.lang.String);org.eclipse.jetty.server.session.FileSessionDataStore:getExpiryFromFile(java.io.File);org.eclipse.jetty.server.session.FileSessionDataStore:deleteAllFiles(java.io.File,java.lang.String);org.eclipse.jetty.server.session.FileSessionDataStore:exists(java.lang.String)"
CVE-2009-2902,tomcat:catalina:5.5.23,"org.apache.catalina.startup.ExpandWar:expand(java.io.InputStream,java.io.File,java.lang.String);org.apache.catalina.startup.ContextConfig:stop();org.apache.catalina.startup.HostConfig:deployWARs(java.io.File,java.lang.String[]);org.apache.catalina.loader.WebappClassLoader:findResourceInternal(java.lang.String,java.lang.String);org.apache.catalina.startup.ContextConfig:fixDocBase();org.apache.catalina.startup.ExpandWar:expand(org.apache.catalina.Host,java.net.URL,java.lang.String);org.apache.catalina.startup.ExpandWar:expand(java.io.InputStream,java.io.File,java.lang.String);org.apache.catalina.loader.WebappClassLoader:setWorkDir(java.io.File);org.apache.catalina.startup.ContextConfig:stop();org.apache.catalina.startup.ExpandWar:deleteDir(java.io.File);org.apache.catalina.loader.WebappClassLoader:setWorkDir(java.io.File);org.apache.catalina.loader.WebappClassLoader:findResourceInternal(java.lang.String,java.lang.String);org.apache.catalina.startup.ExpandWar:deleteDir(java.io.File);org.apache.catalina.startup.HostConfig:deployWARs(java.io.File,java.lang.String[]);org.apache.catalina.startup.ExpandWar:expand(org.apache.catalina.Host,java.net.URL,java.lang.String);org.apache.catalina.startup.ExpandWar:delete(java.io.File);org.apache.catalina.startup.ExpandWar:delete(java.io.File);org.apache.catalina.startup.ContextConfig:fixDocBase()"
CVE-2018-8013,org.apache.xmlgraphics:batik-dom:1.7,org.apache.batik.dom.AbstractDocument:readObject(java.io.ObjectInputStream)
CVE-2021-41079,org.apache.tomcat:tomcat-coyote:10.0.0,"org.apache.tomcat.util.net.openssl.OpenSSLEngine:unwrap(java.nio.ByteBuffer,java.nio.ByteBuffer[],int,int)"
CVE-2020-13946,org.apache.cassandra:cassandra-all:2.2.2,org.apache.cassandra.service.CassandraDaemon:maybeInitJmx()
CVE-2017-7536,org.hibernate:hibernate-validator:5.3.4.Final,org.hibernate.validator.internal.engine.ValidatorImpl:getAccessible(java.lang.reflect.Member);org.hibernate.validator.internal.util.privilegedactions.GetDeclaredField:run()
CVE-2017-2585,org.keycloak:keycloak-core:1.8.1.Final,"org.keycloak.jose.jws.crypto.HMACProvider:verify(org.keycloak.jose.jws.JWSInput,javax.crypto.SecretKey);org.keycloak.jose.jws.crypto.HMACProvider:verify(org.keycloak.jose.jws.JWSInput,byte[])"
CVE-2019-10158,org.infinispan:infinispan-spring5-common:10.0.0.Beta3,org.infinispan.spring.common.session.AbstractInfinispanSessionRepository:save(org.springframework.session.MapSession);org.infinispan.spring.common.session.AbstractInfinispanSessionRepository:deleteById(java.lang.String)
CVE-2011-1419,org.apache.tomcat:tomcat-catalina:7.0.8,org.apache.catalina.startup.ContextConfig:authenticatorConfig()
CVE-2018-1324,org.apache.commons:commons-compress:1.14,"org.apache.commons.compress.archivers.zip.X0017_StrongEncryptionHeader:parseCentralDirectoryFormat(byte[],int,int)"
CVE-2017-12160,org.keycloak:keycloak-services:3.2.1.Final,"org.keycloak.protocol.oidc.TokenManager:verifyRefreshToken(org.keycloak.models.KeycloakSession,org.keycloak.models.RealmModel,java.lang.String,boolean)"
CVE-2021-27582,org.mitre:openid-connect-server:1.2.3,"org.mitre.oauth2.web.OAuthConfirmationController:confimAccess(java.util.Map,org.springframework.security.oauth2.provider.AuthorizationRequest,java.security.Principal)"
CVE-2020-11050,org.java-websocket:Java-WebSocket:1.3.0,org.java_websocket.client.WebSocketClient:run()
CVE-2021-40690,org.apache.santuario:xmlsec:2.2.1,"org.apache.xml.security.keys.keyresolver.implementations.RetrievalMethodResolver:resolveInput(org.apache.xml.security.keys.content.RetrievalMethod,java.lang.String,boolean);org.apache.jcp.xml.dsig.internal.dom.DOMURIDereferencer:dereference(javax.xml.crypto.URIReference,javax.xml.crypto.XMLCryptoContext);org.apache.xml.security.encryption.XMLCipherInput:getDecryptBytes();org.apache.xml.security.keys.keyresolver.implementations.KeyInfoReferenceResolver:resolveInput(org.w3c.dom.Attr,java.lang.String,boolean)"
CVE-2017-12159,org.keycloak:keycloak-services:1.8.1.Final,"org.keycloak.services.Urls:accountSessionsLogoutPage(java.net.URI,java.lang.String,java.lang.String);org.keycloak.services.resources.AccountService:processSessionsLogout(java.lang.String);org.keycloak.services.Urls:accountTotpRemove(java.net.URI,java.lang.String,java.lang.String);org.keycloak.services.resources.AccountService:processFederatedIdentityUpdate(java.lang.String,java.lang.String,java.lang.String);org.keycloak.services.resources.AccountService:processTotpRemove(java.lang.String);org.keycloak.services.resources.AbstractSecuredLocalService:csrfCheck(javax.ws.rs.core.MultivaluedMap);org.keycloak.services.resources.AbstractSecuredLocalService:authenticateBrowser();org.keycloak.services.resources.AbstractSecuredLocalService:csrfCheck(java.lang.String);org.keycloak.services.resources.AbstractSecuredLocalService:updateCsrfChecks()"
CVE-2020-9491,org.apache.nifi:nifi-socket-utils:1.11.4,"org.apache.nifi.io.socket.SocketUtils:createServerSocket(int,org.apache.nifi.io.socket.ServerSocketConfiguration);org.apache.nifi.io.socket.ServerSocketConfiguration:createSSLContext();org.apache.nifi.io.socket.SocketUtils:closeQuietly(java.net.Socket);org.apache.nifi.io.socket.SSLContextFactory:createSslContext();org.apache.nifi.io.socket.SSLContextFactory:getPass(java.lang.String);org.apache.nifi.io.socket.SocketUtils:createSocket(java.net.InetSocketAddress,org.apache.nifi.io.socket.SocketConfiguration);org.apache.nifi.io.socket.ServerSocketConfiguration:setSSLContextFactory(org.apache.nifi.io.socket.SSLContextFactory);org.apache.nifi.io.socket.SSLContextFactory:<init>(org.apache.nifi.util.NiFiProperties);org.apache.nifi.io.socket.ServerSocketConfiguration:createSSLContext();org.apache.nifi.io.socket.SocketListener:start();org.apache.nifi.io.socket.SSLContextFactory:isKeyAndKeystorePasswordDifferent();org.apache.nifi.io.socket.ServerSocketConfiguration:setSSLContextFactory(org.apache.nifi.io.socket.SSLContextFactory)"
CVE-2020-11989,org.apache.shiro:shiro-web:1.3.2,"org.apache.shiro.web.util.WebUtils:decodeAndCleanUriString(javax.servlet.http.HttpServletRequest,java.lang.String);org.apache.shiro.web.util.WebUtils:getPathWithinApplication(javax.servlet.http.HttpServletRequest);org.apache.shiro.web.util.WebUtils:getRequestUri(javax.servlet.http.HttpServletRequest)"
CVE-2016-3081,org.apache.struts:struts2-core:2.3.16.3,org.apache.struts2.dispatcher.mapper.DefaultActionMapper:<init>();org.apache.struts2.dispatcher.mapper.DefaultActionMapper:cleanupActionName(java.lang.String)
CVE-2015-1832,org.apache.derby:derby:10.11.1.1,org.apache.derby.vti.XmlVTI:readRows()
CVE-2017-1000209,com.neovisionaries:nv-websocket-client:1.31,com.neovisionaries.ws.client.SocketConnector:doConnect();com.neovisionaries.ws.client.SocketConnector:handshake()
CVE-2013-4152,org.springframework:spring-oxm:4.0.0.RELEASE,"org.springframework.oxm.support.AbstractMarshaller:createXmlReader();org.springframework.oxm.jaxb.Jaxb2Marshaller:unmarshal(javax.xml.transform.Source,org.springframework.oxm.mime.MimeContainer);org.springframework.oxm.jibx.JibxMarshaller:unmarshalDomNode(org.w3c.dom.Node);org.springframework.oxm.support.AbstractMarshaller:unmarshal(javax.xml.transform.Source);org.springframework.oxm.jibx.JibxMarshaller:transformAndMarshal(java.lang.Object,javax.xml.transform.Result);org.springframework.oxm.jibx.JibxMarshaller:unmarshalSaxReader(org.xml.sax.XMLReader,org.xml.sax.InputSource);org.springframework.oxm.jibx.JibxMarshaller:transformAndUnmarshal(javax.xml.transform.Source)"
CVE-2017-2646,org.keycloak:keycloak-saml-core:2.5.4.Final,"org.keycloak.saml.processing.core.parsers.saml.SAMLRequestAbstractParser:parseCommonElements(javax.xml.stream.events.StartElement,javax.xml.stream.XMLEventReader,org.keycloak.dom.saml.v2.protocol.RequestAbstractType)"
CVE-2021-20289,org.jboss.resteasy:resteasy-core:4.6.0.Final,org.jboss.resteasy.core.StringParameterInjector:extractValue(java.lang.String)
CVE-2018-11786,org.apache.karaf.shell:org.apache.karaf.shell.core:4.1.2,"org.apache.karaf.shell.impl.console.osgi.secured.SecuredSessionFactoryImpl:checkSecurity(org.apache.karaf.shell.impl.console.osgi.secured.SecuredCommand,org.apache.karaf.shell.api.console.Session,java.util.List);org.apache.karaf.shell.impl.console.SessionFactoryImpl:<init>(org.apache.felix.service.threadio.ThreadIO);org.apache.karaf.shell.impl.console.osgi.secured.SecuredSessionFactoryImpl:isVisible(java.lang.Object);org.apache.karaf.shell.impl.console.osgi.secured.SecuredSessionFactoryImpl:isVisible(org.apache.karaf.shell.api.console.Command);org.apache.karaf.shell.impl.console.osgi.secured.SecuredCommand:execute(org.apache.karaf.shell.api.console.Session,java.util.List)"
CVE-2016-1181,struts:struts:1.2.9,org.apache.struts.action.ActionServlet:init();org.apache.struts.action.ActionServlet:initOther()
CVE-2021-31404,com.vaadin:flow-server:1.0.5,"com.vaadin.flow.server.VaadinService:isCsrfTokenValid(com.vaadin.flow.server.VaadinSession,java.lang.String)"
CVE-2018-11087,org.springframework.amqp:spring-rabbit:2.0.5.RELEASE,org.springframework.amqp.rabbit.connection.RabbitConnectionFactoryBean:useDefaultTrustStoreMechanism();org.springframework.amqp.rabbit.connection.RabbitConnectionFactoryBean:setUpSSL()
CVE-2015-2351,org.opencms:opencms-core:8.0.1,org.opencms.workplace.help.CmsHelpTemplateBean:displayHead();org.opencms.workplace.help.CmsHelpSearchResultView:displaySearchResult(org.opencms.search.CmsSearch);org.opencms.workplace.explorer.CmsExplorer:getInitializationHeader();org.opencms.workplace.help.CmsHelpTemplateBean:displayFrameset()
CVE-2020-1945,org.apache.ant:ant:1.9.13,"org.apache.tools.ant.taskdefs.Jikes:compile(java.lang.String[]);org.apache.tools.ant.taskdefs.compilers.DefaultCompilerAdapter:executeExternalCompile(java.lang.String[],int,boolean);org.apache.tools.ant.taskdefs.Replace:processFile(java.io.File);org.apache.tools.ant.util.FileUtils:createTempFile(java.lang.String,java.lang.String,java.io.File,boolean,boolean);org.apache.tools.ant.taskdefs.optional.Cab:execute();org.apache.tools.ant.util.SymbolicLinkUtils:deleteSymbolicLink(java.io.File,org.apache.tools.ant.Task);org.apache.tools.ant.taskdefs.Zip:renameFile();org.apache.tools.ant.taskdefs.launcher.VmsCommandLauncher:exec(org.apache.tools.ant.Project,java.lang.String[],java.lang.String[],java.io.File);org.apache.tools.ant.taskdefs.launcher.VmsCommandLauncher:createCommandFile(java.lang.String[],java.lang.String[]);org.apache.tools.ant.taskdefs.Javadoc:execute();org.apache.tools.ant.types.selectors.modifiedselector.ModifiedSelector:isSelected(org.apache.tools.ant.types.Resource);org.apache.tools.ant.taskdefs.Javadoc:writeExternalArgs(org.apache.tools.ant.types.Commandline);org.apache.tools.ant.taskdefs.optional.ReplaceRegExp:doReplace(java.io.File,int);org.apache.tools.ant.taskdefs.cvslib.CvsTagDiff:execute();org.apache.tools.ant.taskdefs.optional.Cab:createListFile(java.util.Vector);org.apache.tools.ant.util.JavaEnvUtils:createVmsJavaOptionFile(java.lang.String[]);org.apache.tools.ant.taskdefs.launcher.VmsCommandLauncher:exec(org.apache.tools.ant.Project,java.lang.String[],java.lang.String[]);org.apache.tools.ant.taskdefs.TempFile:execute();org.apache.tools.ant.taskdefs.FixCRLF:processFile(java.lang.String)"
CVE-2020-8929,com.google.crypto.tink:tink:1.2.2,com.google.crypto.tink.PrimitiveSet:getPrimitive(byte[])
CVE-2016-3087,org.apache.struts:struts2-core:2.3.28,org.apache.struts2.dispatcher.mapper.DefaultActionMapper:cleanupActionName(java.lang.String);org.apache.struts2.dispatcher.mapper.DefaultActionMapper:<init>();org.apache.struts2.views.xslt.XSLTResult:getTemplates(java.lang.String)
CVE-2022-0239,edu.stanford.nlp:stanford-corenlp:3.8.0,edu.stanford.nlp.util.XMLUtils:getValidatingXmlParser(java.io.File)
CVE-2018-20433,com.mchange:c3p0:0.9.5.2,com.mchange.v2.c3p0.cfg.C3P0ConfigXmlUtils:extractXmlConfigFromDefaultResource();com.mchange.v2.c3p0.cfg.DefaultC3P0ConfigFinder:findConfig();com.mchange.v2.c3p0.cfg.C3P0ConfigXmlUtils:extractXmlConfigFromInputStream(java.io.InputStream)
CVE-2018-1320,org.apache.thrift:libthrift:0.9.3,org.apache.thrift.transport.TSaslTransport:open()
CVE-2015-1427,org.elasticsearch:elasticsearch:1.4.0,"org.elasticsearch.script.groovy.GroovySandboxExpressionChecker:<init>(org.elasticsearch.common.settings.Settings);org.elasticsearch.script.groovy.GroovySandboxExpressionChecker:isAuthorized(org.codehaus.groovy.ast.expr.Expression);org.elasticsearch.script.groovy.GroovySandboxExpressionChecker:getSecureASTCustomizer(org.elasticsearch.common.settings.Settings);org.elasticsearch.cluster.settings.ClusterDynamicSettingsModule:<init>();org.elasticsearch.script.ScriptService:<init>(org.elasticsearch.common.settings.Settings,org.elasticsearch.env.Environment,java.util.Set,org.elasticsearch.watcher.ResourceWatcherService);org.elasticsearch.script.ScriptModule:configure();org.elasticsearch.watcher.FileWatcher:<init>(java.io.File);org.elasticsearch.script.groovy.GroovyScriptEngineService:<init>(org.elasticsearch.common.settings.Settings)"
CVE-2018-1000616,org.onosproject:onos-cli:1.8.9,org.onosproject.cli.net.DeviceSetControllersCommand:parseCInfoString(java.lang.String);org.onosproject.cli.net.DeviceSetControllersCommand:execute()
CVE-2016-4468,org.cloudfoundry.identity:cloudfoundry-identity-scim:2.7.4,"org.cloudfoundry.identity.uaa.scim.endpoints.ScimUserEndpoints:findUsers(java.lang.String,java.lang.String,java.lang.String,java.lang.String,int,int);org.cloudfoundry.identity.uaa.scim.endpoints.ScimUserEndpoints:findUsers(java.lang.String,java.lang.String,java.lang.String,java.lang.String,int,int)"
CVE-2021-39139,com.thoughtworks.xstream:xstream:1.4.11.1,"com.thoughtworks.xstream.XStreamer:toXML(com.thoughtworks.xstream.XStream,java.lang.Object,java.io.Writer);com.thoughtworks.xstream.XStream:setupDefaultSecurity(com.thoughtworks.xstream.XStream);com.thoughtworks.xstream.XStream:setupSecurity();com.thoughtworks.xstream.XStreamer:fromXML(com.thoughtworks.xstream.io.HierarchicalStreamDriver,java.io.Reader,com.thoughtworks.xstream.security.TypePermission[]);com.thoughtworks.xstream.XStream:readResolve();com.thoughtworks.xstream.XStream:addPermission(com.thoughtworks.xstream.security.TypePermission);com.thoughtworks.xstream.XStream:unmarshal(com.thoughtworks.xstream.io.HierarchicalStreamReader,java.lang.Object,com.thoughtworks.xstream.converters.DataHolder)"
CVE-2014-3529,org.apache.poi:poi-ooxml:3.9,"org.apache.poi.xssf.extractor.XSSFImportFromXML:importFromXML(java.lang.String);org.apache.poi.xssf.extractor.XSSFExportToXml:exportToXML(java.io.OutputStream,java.lang.String,boolean);org.apache.poi.openxml4j.opc.PackageRelationshipCollection:parseRelationshipsPart(org.apache.poi.openxml4j.opc.PackagePart);org.apache.poi.openxml4j.opc.internal.unmarshallers.PackagePropertiesUnmarshaller:unmarshall(org.apache.poi.openxml4j.opc.internal.unmarshallers.UnmarshallContext,java.io.InputStream);org.apache.poi.xssf.extractor.XSSFExportToXml:getEmptyDocument();org.apache.poi.POIXMLDocument:<init>(org.apache.poi.openxml4j.opc.OPCPackage);org.apache.poi.xssf.eventusermodel.ReadOnlySharedStringsTable:readFrom(java.io.InputStream);org.apache.poi.openxml4j.opc.internal.ContentTypeManager:parseContentTypesFile(java.io.InputStream)"
CVE-2013-2071,org.apache.tomcat:tomcat-catalina:7.0.27,"org.apache.catalina.core.AsyncContextImpl:timeout();org.apache.catalina.core.AsyncContextImpl:fireOnComplete();org.apache.catalina.core.AsyncContextImpl:setStarted(org.apache.catalina.Context,javax.servlet.ServletRequest,javax.servlet.ServletResponse,boolean)"
CVE-2018-1284,org.apache.hive:hive-exec:1.2.1,"org.apache.hadoop.hive.ql.udf.xml.UDFXPathUtil:eval(java.lang.String,java.lang.String,javax.xml.namespace.QName)"
CVE-2011-3923,org.apache.struts.xwork:xwork-core:2.2.3.1,"com.opensymphony.xwork2.interceptor.ParametersInterceptor:setParameters(java.lang.Object,com.opensymphony.xwork2.util.ValueStack,java.util.Map);com.opensymphony.xwork2.ognl.OgnlValueStack:setValue(java.lang.String,java.lang.Object,boolean);com.opensymphony.xwork2.ognl.OgnlUtil:copy(java.lang.Object,java.lang.Object,java.util.Map,java.util.Collection,java.util.Collection);com.opensymphony.xwork2.ognl.OgnlUtil:setValue(java.lang.String,java.util.Map,java.lang.Object,java.lang.Object);com.opensymphony.xwork2.ognl.OgnlValueStack:trySetValue(java.lang.String,java.lang.Object,boolean,java.util.Map)"
